ISO-10303-21;
HEADER;
FILE_DESCRIPTION(('ViewDefinition [CoordinationView]'),'2;1');
FILE_NAME('Demo Warehouse and Office.ifc','2026-09-25T12:00:00',('Excalibur Construction Technologies'),('Excalibur Construction Technologies'),'','Excalibur demonstration model','');
FILE_SCHEMA(('IFC2X3'));
ENDSEC;
DATA;
#1= IFCCARTESIANPOINT((0.0,0.0,0.0));
#2= IFCDIRECTION((0.0,0.0,1.0));
#3= IFCDIRECTION((1.0,0.0,0.0));
#4= IFCAXIS2PLACEMENT3D(#1,#2,#3);
#5= IFCGEOMETRICREPRESENTATIONCONTEXT($,'Model',3,1.E-05,#4,$);
#6= IFCGEOMETRICREPRESENTATIONSUBCONTEXT('Body','Model',*,*,*,*,#5,$,.MODEL_VIEW.,$);
#7= IFCSIUNIT(*,.LENGTHUNIT.,.MILLI.,.METRE.);
#8= IFCSIUNIT(*,.MASSUNIT.,.KILO.,.GRAM.);
#9= IFCSIUNIT(*,.PLANEANGLEUNIT.,$,.RADIAN.);
#10= IFCUNITASSIGNMENT((#7,#8,#9));
#11= IFCPROJECT('fJo69Ck7R4Btr8UBs7FS7o',$,'Demo Warehouse and Office',$,$,$,$,(#5),#10);
#12= IFCLOCALPLACEMENT($,#4);
#13= IFCSITE('6S5HbrIFdNDOlC87Q$sexw',$,'Site',$,$,#12,$,$,.ELEMENT.,$,$,$,$,$);
#14= IFCLOCALPLACEMENT(#12,#4);
#15= IFCBUILDING('kcVNVAc$hva9FrLhJ_r59e',$,'Demo building',$,$,#14,$,$,.ELEMENT.,$,$,$);
#16= IFCLOCALPLACEMENT(#14,#4);
#17= IFCBUILDINGSTOREY('hi$w8BYy87dvani2xjLE$7',$,'Steel',$,$,#16,$,$,.ELEMENT.,0.);
#18= IFCRELAGGREGATES('RaGVoo$ALvpZHtZrjmTJAM',$,$,$,#11,(#13));
#19= IFCRELAGGREGATES('JTT1_NXa0IrleG6woopoDz',$,$,$,#13,(#15));
#20= IFCRELAGGREGATES('p7O8QuKEh6D0JCk39QmJWi',$,$,$,#15,(#17));
#21= IFCCARTESIANPOINT((0.,0.));
#22= IFCAXIS2PLACEMENT2D(#21,$);
#23= IFCISHAPEPROFILEDEF(.AREA.,'W10X49',#22,254.0,253.492,8.636,14.224,$);
#24= IFCISHAPEPROFILEDEF(.AREA.,'W16X26',#22,139.7,398.78,6.35,8.763,$);
#25= IFCISHAPEPROFILEDEF(.AREA.,'W21X44',#22,165.1,525.78,8.89,11.43,$);
#26= IFCISHAPEPROFILEDEF(.AREA.,'W12X19',#22,101.854,309.88,5.969,8.89,$);
#27= IFCISHAPEPROFILEDEF(.AREA.,'W14X22',#22,127.0,347.98,5.842,8.509,$);
#28= IFCISHAPEPROFILEDEF(.AREA.,'W18X35',#22,152.4,449.58,7.62,10.795,$);
#29= IFCISHAPEPROFILEDEF(.AREA.,'W10X12',#22,100.584,250.698,4.826,5.334,$);
#30= IFCRECTANGLEHOLLOWPROFILEDEF(.AREA.,'HSS5X5X3/8',#22,127.0,127.0,8.8646,$,$);
#31= IFCCIRCLEHOLLOWPROFILEDEF(.AREA.,'PIPE1-1/2STD',#22,24.13,3.683);
#32= IFCUSHAPEPROFILEDEF(.AREA.,'C12X20.7',#22,304.8,74.676,7.1628,12.7254,$,$,$,$);
#33= IFCAXIS2PLACEMENT3D(#1,$,$);
#34= IFCEXTRUDEDAREASOLID(#23,#33,#2,8521.7);
#35= IFCSHAPEREPRESENTATION(#6,'Body','SweptSolid',(#34));
#36= IFCPRODUCTDEFINITIONSHAPE($,$,(#35));
#37= IFCCARTESIANPOINT((0.0,0.0,0.0));
#38= IFCDIRECTION((0.0,0.0,1.0));
#39= IFCDIRECTION((0.0,-1.0,0.0));
#40= IFCAXIS2PLACEMENT3D(#37,#38,#39);
#41= IFCLOCALPLACEMENT(#16,#40);
#42= IFCCOLUMN('kyFE_xzzdAIDhXzK2QkI3c',$,'COLUMN','W10X49','W10X49',#41,#36,'C1');
#43= IFCQUANTITYWEIGHT('NetWeight',$,$,621.401);
#44= IFCQUANTITYLENGTH('Length',$,$,8521.7);
#45= IFCELEMENTQUANTITY('BXkLjSgSOUpTP$j33ZyXOi',$,'BaseQuantities',$,$,(#43,#44));
#46= IFCRELDEFINESBYPROPERTIES('vikASDTyPhQz0ziAFnPzMt',$,$,$,(#42),#45);
#47= IFCMATERIAL('A992');
#48= IFCCARTESIANPOINT((177.8,177.8));
#49= IFCAXIS2PLACEMENT2D(#48,$);
#50= IFCRECTANGLEPROFILEDEF(.AREA.,'PL1X14',#49,355.6,355.6);
#51= IFCAXIS2PLACEMENT3D(#1,$,$);
#52= IFCEXTRUDEDAREASOLID(#50,#51,#2,25.4);
#53= IFCSHAPEREPRESENTATION(#6,'Body','SweptSolid',(#52));
#54= IFCPRODUCTDEFINITIONSHAPE($,$,(#53));
#55= IFCCARTESIANPOINT((-177.8,-177.8,-25.4));
#56= IFCDIRECTION((0.0,0.0,1.0));
#57= IFCDIRECTION((1.0,0.0,0.0));
#58= IFCAXIS2PLACEMENT3D(#55,#56,#57);
#59= IFCLOCALPLACEMENT(#16,#58);
#60= IFCPLATE('gBoxpAKLG3JxIyiJG21DHt',$,'BASE PLATE','PL1X14','PL1X14',#59,#54,'BP1');
#61= IFCQUANTITYWEIGHT('NetWeight',$,$,25.2131);
#62= IFCELEMENTQUANTITY('OR3WRbUfXrG7jwrGJ2uN0J',$,'BaseQuantities',$,$,(#61));
#63= IFCRELDEFINESBYPROPERTIES('MIyF7fzD7VOZ5Cv38ufPZv',$,$,$,(#60),#62);
#64= IFCMATERIAL('A36');
#65= IFCELEMENTASSEMBLY('zVXPvHrFoue9Us9RcFJkIW',$,'COLUMN',$,$,#16,$,'C1',.FACTORY.,.NOTDEFINED.);
#66= IFCRELAGGREGATES('HxSCo_KSKtphrPjeBk2hwu',$,$,$,#65,(#42,#60));
#67= IFCCIRCLEPROFILEDEF(.AREA.,'D0.75',#22,9.525);
#68= IFCAXIS2PLACEMENT3D(#1,$,$);
#69= IFCEXTRUDEDAREASOLID(#67,#68,#2,368.3);
#70= IFCCIRCLEPROFILEDEF(.AREA.,'NUT',#22,16.1925);
#71= IFCCARTESIANPOINT((0.0,0.0,345.44));
#72= IFCAXIS2PLACEMENT3D(#71,$,$);
#73= IFCEXTRUDEDAREASOLID(#70,#72,#2,16.1925);
#74= IFCSHAPEREPRESENTATION(#6,'Body','SweptSolid',(#69,#73));
#75= IFCPRODUCTDEFINITIONSHAPE($,$,(#74));
#76= IFCCARTESIANPOINT((-127.0,-127.0,-304.8));
#77= IFCDIRECTION((0.0,0.0,1.0));
#78= IFCDIRECTION((1.0,0.0,0.0));
#79= IFCAXIS2PLACEMENT3D(#76,#77,#78);
#80= IFCLOCALPLACEMENT(#16,#79);
#81= IFCMECHANICALFASTENER('2ngb8ETDAXY5NYGsXpJ$fB',$,'ANCHOR ROD',$,$,#80,#75,$,19.05,368.3);
#82= IFCCIRCLEPROFILEDEF(.AREA.,'D0.75',#22,9.525);
#83= IFCAXIS2PLACEMENT3D(#1,$,$);
#84= IFCEXTRUDEDAREASOLID(#82,#83,#2,368.3);
#85= IFCCIRCLEPROFILEDEF(.AREA.,'NUT',#22,16.1925);
#86= IFCCARTESIANPOINT((0.0,0.0,345.44));
#87= IFCAXIS2PLACEMENT3D(#86,$,$);
#88= IFCEXTRUDEDAREASOLID(#85,#87,#2,16.1925);
#89= IFCSHAPEREPRESENTATION(#6,'Body','SweptSolid',(#84,#88));
#90= IFCPRODUCTDEFINITIONSHAPE($,$,(#89));
#91= IFCCARTESIANPOINT((-127.0,127.0,-304.8));
#92= IFCDIRECTION((0.0,0.0,1.0));
#93= IFCDIRECTION((1.0,0.0,0.0));
#94= IFCAXIS2PLACEMENT3D(#91,#92,#93);
#95= IFCLOCALPLACEMENT(#16,#94);
#96= IFCMECHANICALFASTENER('Z7Ns9Y2BXAS8XFw1hrYG5U',$,'ANCHOR ROD',$,$,#95,#90,$,19.05,368.3);
#97= IFCCIRCLEPROFILEDEF(.AREA.,'D0.75',#22,9.525);
#98= IFCAXIS2PLACEMENT3D(#1,$,$);
#99= IFCEXTRUDEDAREASOLID(#97,#98,#2,368.3);
#100= IFCCIRCLEPROFILEDEF(.AREA.,'NUT',#22,16.1925);
#101= IFCCARTESIANPOINT((0.0,0.0,345.44));
#102= IFCAXIS2PLACEMENT3D(#101,$,$);
#103= IFCEXTRUDEDAREASOLID(#100,#102,#2,16.1925);
#104= IFCSHAPEREPRESENTATION(#6,'Body','SweptSolid',(#99,#103));
#105= IFCPRODUCTDEFINITIONSHAPE($,$,(#104));
#106= IFCCARTESIANPOINT((127.0,-127.0,-304.8));
#107= IFCDIRECTION((0.0,0.0,1.0));
#108= IFCDIRECTION((1.0,0.0,0.0));
#109= IFCAXIS2PLACEMENT3D(#106,#107,#108);
#110= IFCLOCALPLACEMENT(#16,#109);
#111= IFCMECHANICALFASTENER('EKX6NPddQbvMYi2W412OyV',$,'ANCHOR ROD',$,$,#110,#105,$,19.05,368.3);
#112= IFCCIRCLEPROFILEDEF(.AREA.,'D0.75',#22,9.525);
#113= IFCAXIS2PLACEMENT3D(#1,$,$);
#114= IFCEXTRUDEDAREASOLID(#112,#113,#2,368.3);
#115= IFCCIRCLEPROFILEDEF(.AREA.,'NUT',#22,16.1925);
#116= IFCCARTESIANPOINT((0.0,0.0,345.44));
#117= IFCAXIS2PLACEMENT3D(#116,$,$);
#118= IFCEXTRUDEDAREASOLID(#115,#117,#2,16.1925);
#119= IFCSHAPEREPRESENTATION(#6,'Body','SweptSolid',(#114,#118));
#120= IFCPRODUCTDEFINITIONSHAPE($,$,(#119));
#121= IFCCARTESIANPOINT((127.0,127.0,-304.8));
#122= IFCDIRECTION((0.0,0.0,1.0));
#123= IFCDIRECTION((1.0,0.0,0.0));
#124= IFCAXIS2PLACEMENT3D(#121,#122,#123);
#125= IFCLOCALPLACEMENT(#16,#124);
#126= IFCMECHANICALFASTENER('vDt$odRThPHpi6G19WtK7A',$,'ANCHOR ROD',$,$,#125,#120,$,19.05,368.3);
#127= IFCAXIS2PLACEMENT3D(#1,$,$);
#128= IFCEXTRUDEDAREASOLID(#23,#127,#2,8521.7);
#129= IFCSHAPEREPRESENTATION(#6,'Body','SweptSolid',(#128));
#130= IFCPRODUCTDEFINITIONSHAPE($,$,(#129));
#131= IFCCARTESIANPOINT((0.0,7620.0,0.0));
#132= IFCDIRECTION((0.0,0.0,1.0));
#133= IFCDIRECTION((0.0,-1.0,0.0));
#134= IFCAXIS2PLACEMENT3D(#131,#132,#133);
#135= IFCLOCALPLACEMENT(#16,#134);
#136= IFCCOLUMN('maVb5wNKYv0XkgfV4dRjN0',$,'COLUMN','W10X49','W10X49',#135,#130,'C2');
#137= IFCQUANTITYWEIGHT('NetWeight',$,$,621.401);
#138= IFCQUANTITYLENGTH('Length',$,$,8521.7);
#139= IFCELEMENTQUANTITY('gmAyZPV0BXBIp5o2ccTAJn',$,'BaseQuantities',$,$,(#137,#138));
#140= IFCRELDEFINESBYPROPERTIES('f$JaI5sH2TA35HkDmv62V_',$,$,$,(#136),#139);
#141= IFCCARTESIANPOINT((177.8,177.8));
#142= IFCAXIS2PLACEMENT2D(#141,$);
#143= IFCRECTANGLEPROFILEDEF(.AREA.,'PL1X14',#142,355.6,355.6);
#144= IFCAXIS2PLACEMENT3D(#1,$,$);
#145= IFCEXTRUDEDAREASOLID(#143,#144,#2,25.4);
#146= IFCSHAPEREPRESENTATION(#6,'Body','SweptSolid',(#145));
#147= IFCPRODUCTDEFINITIONSHAPE($,$,(#146));
#148= IFCCARTESIANPOINT((-177.8,7442.2,-25.4));
#149= IFCDIRECTION((0.0,0.0,1.0));
#150= IFCDIRECTION((1.0,0.0,0.0));
#151= IFCAXIS2PLACEMENT3D(#148,#149,#150);
#152= IFCLOCALPLACEMENT(#16,#151);
#153= IFCPLATE('X0w8B8yW9XUQTw$m9za5P9',$,'BASE PLATE','PL1X14','PL1X14',#152,#147,'BP2');
#154= IFCQUANTITYWEIGHT('NetWeight',$,$,25.2131);
#155= IFCELEMENTQUANTITY('IgWcH1z7_YCR_baxxxFPdA',$,'BaseQuantities',$,$,(#154));
#156= IFCRELDEFINESBYPROPERTIES('y2bw9vYnQQ9BIXkGZEkT$_',$,$,$,(#153),#155);
#157= IFCELEMENTASSEMBLY('o3K0_vpcIrimeFg0fhoFP1',$,'COLUMN',$,$,#16,$,'C2',.FACTORY.,.NOTDEFINED.);
#158= IFCRELAGGREGATES('bWl8on9ksZ6ZD6aJVYteOl',$,$,$,#157,(#136,#153));
#159= IFCCIRCLEPROFILEDEF(.AREA.,'D0.75',#22,9.525);
#160= IFCAXIS2PLACEMENT3D(#1,$,$);
#161= IFCEXTRUDEDAREASOLID(#159,#160,#2,368.3);
#162= IFCCIRCLEPROFILEDEF(.AREA.,'NUT',#22,16.1925);
#163= IFCCARTESIANPOINT((0.0,0.0,345.44));
#164= IFCAXIS2PLACEMENT3D(#163,$,$);
#165= IFCEXTRUDEDAREASOLID(#162,#164,#2,16.1925);
#166= IFCSHAPEREPRESENTATION(#6,'Body','SweptSolid',(#161,#165));
#167= IFCPRODUCTDEFINITIONSHAPE($,$,(#166));
#168= IFCCARTESIANPOINT((-127.0,7493.0,-304.8));
#169= IFCDIRECTION((0.0,0.0,1.0));
#170= IFCDIRECTION((1.0,0.0,0.0));
#171= IFCAXIS2PLACEMENT3D(#168,#169,#170);
#172= IFCLOCALPLACEMENT(#16,#171);
#173= IFCMECHANICALFASTENER('s3pQA6qvHa_6GLyrhacWXp',$,'ANCHOR ROD',$,$,#172,#167,$,19.05,368.3);
#174= IFCCIRCLEPROFILEDEF(.AREA.,'D0.75',#22,9.525);
#175= IFCAXIS2PLACEMENT3D(#1,$,$);
#176= IFCEXTRUDEDAREASOLID(#174,#175,#2,368.3);
#177= IFCCIRCLEPROFILEDEF(.AREA.,'NUT',#22,16.1925);
#178= IFCCARTESIANPOINT((0.0,0.0,345.44));
#179= IFCAXIS2PLACEMENT3D(#178,$,$);
#180= IFCEXTRUDEDAREASOLID(#177,#179,#2,16.1925);
#181= IFCSHAPEREPRESENTATION(#6,'Body','SweptSolid',(#176,#180));
#182= IFCPRODUCTDEFINITIONSHAPE($,$,(#181));
#183= IFCCARTESIANPOINT((-127.0,7747.0,-304.8));
#184= IFCDIRECTION((0.0,0.0,1.0));
#185= IFCDIRECTION((1.0,0.0,0.0));
#186= IFCAXIS2PLACEMENT3D(#183,#184,#185);
#187= IFCLOCALPLACEMENT(#16,#186);
#188= IFCMECHANICALFASTENER('UczoFLK9Q$SvgvsHOVBMhB',$,'ANCHOR ROD',$,$,#187,#182,$,19.05,368.3);
#189= IFCCIRCLEPROFILEDEF(.AREA.,'D0.75',#22,9.525);
#190= IFCAXIS2PLACEMENT3D(#1,$,$);
#191= IFCEXTRUDEDAREASOLID(#189,#190,#2,368.3);
#192= IFCCIRCLEPROFILEDEF(.AREA.,'NUT',#22,16.1925);
#193= IFCCARTESIANPOINT((0.0,0.0,345.44));
#194= IFCAXIS2PLACEMENT3D(#193,$,$);
#195= IFCEXTRUDEDAREASOLID(#192,#194,#2,16.1925);
#196= IFCSHAPEREPRESENTATION(#6,'Body','SweptSolid',(#191,#195));
#197= IFCPRODUCTDEFINITIONSHAPE($,$,(#196));
#198= IFCCARTESIANPOINT((127.0,7493.0,-304.8));
#199= IFCDIRECTION((0.0,0.0,1.0));
#200= IFCDIRECTION((1.0,0.0,0.0));
#201= IFCAXIS2PLACEMENT3D(#198,#199,#200);
#202= IFCLOCALPLACEMENT(#16,#201);
#203= IFCMECHANICALFASTENER('eUlXP2qnqQmYh7$ZkGRBYV',$,'ANCHOR ROD',$,$,#202,#197,$,19.05,368.3);
#204= IFCCIRCLEPROFILEDEF(.AREA.,'D0.75',#22,9.525);
#205= IFCAXIS2PLACEMENT3D(#1,$,$);
#206= IFCEXTRUDEDAREASOLID(#204,#205,#2,368.3);
#207= IFCCIRCLEPROFILEDEF(.AREA.,'NUT',#22,16.1925);
#208= IFCCARTESIANPOINT((0.0,0.0,345.44));
#209= IFCAXIS2PLACEMENT3D(#208,$,$);
#210= IFCEXTRUDEDAREASOLID(#207,#209,#2,16.1925);
#211= IFCSHAPEREPRESENTATION(#6,'Body','SweptSolid',(#206,#210));
#212= IFCPRODUCTDEFINITIONSHAPE($,$,(#211));
#213= IFCCARTESIANPOINT((127.0,7747.0,-304.8));
#214= IFCDIRECTION((0.0,0.0,1.0));
#215= IFCDIRECTION((1.0,0.0,0.0));
#216= IFCAXIS2PLACEMENT3D(#213,#214,#215);
#217= IFCLOCALPLACEMENT(#16,#216);
#218= IFCMECHANICALFASTENER('npvtd2G4sy_09oxvVDSJJD',$,'ANCHOR ROD',$,$,#217,#212,$,19.05,368.3);
#219= IFCAXIS2PLACEMENT3D(#1,$,$);
#220= IFCEXTRUDEDAREASOLID(#23,#219,#2,8521.7);
#221= IFCSHAPEREPRESENTATION(#6,'Body','SweptSolid',(#220));
#222= IFCPRODUCTDEFINITIONSHAPE($,$,(#221));
#223= IFCCARTESIANPOINT((0.0,15240.0,0.0));
#224= IFCDIRECTION((0.0,0.0,1.0));
#225= IFCDIRECTION((0.0,-1.0,0.0));
#226= IFCAXIS2PLACEMENT3D(#223,#224,#225);
#227= IFCLOCALPLACEMENT(#16,#226);
#228= IFCCOLUMN('wA50GT4cGWtEC9cOnXS01c',$,'COLUMN','W10X49','W10X49',#227,#222,'C3');
#229= IFCQUANTITYWEIGHT('NetWeight',$,$,621.401);
#230= IFCQUANTITYLENGTH('Length',$,$,8521.7);
#231= IFCELEMENTQUANTITY('wZeVyUV3qd72O$rAWTslT$',$,'BaseQuantities',$,$,(#229,#230));
#232= IFCRELDEFINESBYPROPERTIES('4hrkoP0b8Q$PdOTxSXbD$N',$,$,$,(#228),#231);
#233= IFCCARTESIANPOINT((177.8,177.8));
#234= IFCAXIS2PLACEMENT2D(#233,$);
#235= IFCRECTANGLEPROFILEDEF(.AREA.,'PL1X14',#234,355.6,355.6);
#236= IFCAXIS2PLACEMENT3D(#1,$,$);
#237= IFCEXTRUDEDAREASOLID(#235,#236,#2,25.4);
#238= IFCSHAPEREPRESENTATION(#6,'Body','SweptSolid',(#237));
#239= IFCPRODUCTDEFINITIONSHAPE($,$,(#238));
#240= IFCCARTESIANPOINT((-177.8,15062.2,-25.4));
#241= IFCDIRECTION((0.0,0.0,1.0));
#242= IFCDIRECTION((1.0,0.0,0.0));
#243= IFCAXIS2PLACEMENT3D(#240,#241,#242);
#244= IFCLOCALPLACEMENT(#16,#243);
#245= IFCPLATE('S_r7Io6R3Ir67NoveEALgO',$,'BASE PLATE','PL1X14','PL1X14',#244,#239,'BP3');
#246= IFCQUANTITYWEIGHT('NetWeight',$,$,25.2131);
#247= IFCELEMENTQUANTITY('Nx4dmlguLD0AZAirFQmjdt',$,'BaseQuantities',$,$,(#246));
#248= IFCRELDEFINESBYPROPERTIES('B6yPlvOfky3qVp5m4x87WO',$,$,$,(#245),#247);
#249= IFCELEMENTASSEMBLY('8hkYg5XeZc083TDyxnWt$G',$,'COLUMN',$,$,#16,$,'C3',.FACTORY.,.NOTDEFINED.);
#250= IFCRELAGGREGATES('$N1cJUfewkAPoKVq84zfKs',$,$,$,#249,(#228,#245));
#251= IFCCIRCLEPROFILEDEF(.AREA.,'D0.75',#22,9.525);
#252= IFCAXIS2PLACEMENT3D(#1,$,$);
#253= IFCEXTRUDEDAREASOLID(#251,#252,#2,368.3);
#254= IFCCIRCLEPROFILEDEF(.AREA.,'NUT',#22,16.1925);
#255= IFCCARTESIANPOINT((0.0,0.0,345.44));
#256= IFCAXIS2PLACEMENT3D(#255,$,$);
#257= IFCEXTRUDEDAREASOLID(#254,#256,#2,16.1925);
#258= IFCSHAPEREPRESENTATION(#6,'Body','SweptSolid',(#253,#257));
#259= IFCPRODUCTDEFINITIONSHAPE($,$,(#258));
#260= IFCCARTESIANPOINT((-127.0,15113.0,-304.8));
#261= IFCDIRECTION((0.0,0.0,1.0));
#262= IFCDIRECTION((1.0,0.0,0.0));
#263= IFCAXIS2PLACEMENT3D(#260,#261,#262);
#264= IFCLOCALPLACEMENT(#16,#263);
#265= IFCMECHANICALFASTENER('D9XAQCr$vMTHrwUFbbZYlW',$,'ANCHOR ROD',$,$,#264,#259,$,19.05,368.3);
#266= IFCCIRCLEPROFILEDEF(.AREA.,'D0.75',#22,9.525);
#267= IFCAXIS2PLACEMENT3D(#1,$,$);
#268= IFCEXTRUDEDAREASOLID(#266,#267,#2,368.3);
#269= IFCCIRCLEPROFILEDEF(.AREA.,'NUT',#22,16.1925);
#270= IFCCARTESIANPOINT((0.0,0.0,345.44));
#271= IFCAXIS2PLACEMENT3D(#270,$,$);
#272= IFCEXTRUDEDAREASOLID(#269,#271,#2,16.1925);
#273= IFCSHAPEREPRESENTATION(#6,'Body','SweptSolid',(#268,#272));
#274= IFCPRODUCTDEFINITIONSHAPE($,$,(#273));
#275= IFCCARTESIANPOINT((-127.0,15367.0,-304.8));
#276= IFCDIRECTION((0.0,0.0,1.0));
#277= IFCDIRECTION((1.0,0.0,0.0));
#278= IFCAXIS2PLACEMENT3D(#275,#276,#277);
#279= IFCLOCALPLACEMENT(#16,#278);
#280= IFCMECHANICALFASTENER('XPuVNVUJaOf8oWVTCx4D0y',$,'ANCHOR ROD',$,$,#279,#274,$,19.05,368.3);
#281= IFCCIRCLEPROFILEDEF(.AREA.,'D0.75',#22,9.525);
#282= IFCAXIS2PLACEMENT3D(#1,$,$);
#283= IFCEXTRUDEDAREASOLID(#281,#282,#2,368.3);
#284= IFCCIRCLEPROFILEDEF(.AREA.,'NUT',#22,16.1925);
#285= IFCCARTESIANPOINT((0.0,0.0,345.44));
#286= IFCAXIS2PLACEMENT3D(#285,$,$);
#287= IFCEXTRUDEDAREASOLID(#284,#286,#2,16.1925);
#288= IFCSHAPEREPRESENTATION(#6,'Body','SweptSolid',(#283,#287));
#289= IFCPRODUCTDEFINITIONSHAPE($,$,(#288));
#290= IFCCARTESIANPOINT((127.0,15113.0,-304.8));
#291= IFCDIRECTION((0.0,0.0,1.0));
#292= IFCDIRECTION((1.0,0.0,0.0));
#293= IFCAXIS2PLACEMENT3D(#290,#291,#292);
#294= IFCLOCALPLACEMENT(#16,#293);
#295= IFCMECHANICALFASTENER('Tvl5bTF6OO9lMvX0DiR4lh',$,'ANCHOR ROD',$,$,#294,#289,$,19.05,368.3);
#296= IFCCIRCLEPROFILEDEF(.AREA.,'D0.75',#22,9.525);
#297= IFCAXIS2PLACEMENT3D(#1,$,$);
#298= IFCEXTRUDEDAREASOLID(#296,#297,#2,368.3);
#299= IFCCIRCLEPROFILEDEF(.AREA.,'NUT',#22,16.1925);
#300= IFCCARTESIANPOINT((0.0,0.0,345.44));
#301= IFCAXIS2PLACEMENT3D(#300,$,$);
#302= IFCEXTRUDEDAREASOLID(#299,#301,#2,16.1925);
#303= IFCSHAPEREPRESENTATION(#6,'Body','SweptSolid',(#298,#302));
#304= IFCPRODUCTDEFINITIONSHAPE($,$,(#303));
#305= IFCCARTESIANPOINT((127.0,15367.0,-304.8));
#306= IFCDIRECTION((0.0,0.0,1.0));
#307= IFCDIRECTION((1.0,0.0,0.0));
#308= IFCAXIS2PLACEMENT3D(#305,#306,#307);
#309= IFCLOCALPLACEMENT(#16,#308);
#310= IFCMECHANICALFASTENER('I5QW4Q1fqlNd9Q4$z8qCoJ',$,'ANCHOR ROD',$,$,#309,#304,$,19.05,368.3);
#311= IFCAXIS2PLACEMENT3D(#1,$,$);
#312= IFCEXTRUDEDAREASOLID(#23,#311,#2,8521.7);
#313= IFCSHAPEREPRESENTATION(#6,'Body','SweptSolid',(#312));
#314= IFCPRODUCTDEFINITIONSHAPE($,$,(#313));
#315= IFCCARTESIANPOINT((9144.0,0.0,0.0));
#316= IFCDIRECTION((0.0,0.0,1.0));
#317= IFCDIRECTION((0.0,-1.0,0.0));
#318= IFCAXIS2PLACEMENT3D(#315,#316,#317);
#319= IFCLOCALPLACEMENT(#16,#318);
#320= IFCCOLUMN('BKoYqadr6djrr2kPopQ0tK',$,'COLUMN','W10X49','W10X49',#319,#314,'C4');
#321= IFCQUANTITYWEIGHT('NetWeight',$,$,621.401);
#322= IFCQUANTITYLENGTH('Length',$,$,8521.7);
#323= IFCELEMENTQUANTITY('sEBpkwKG16IoBlLIiaKL8D',$,'BaseQuantities',$,$,(#321,#322));
#324= IFCRELDEFINESBYPROPERTIES('n_PcG5ze6nBKSpPyNR5pKn',$,$,$,(#320),#323);
#325= IFCCARTESIANPOINT((177.8,177.8));
#326= IFCAXIS2PLACEMENT2D(#325,$);
#327= IFCRECTANGLEPROFILEDEF(.AREA.,'PL1X14',#326,355.6,355.6);
#328= IFCAXIS2PLACEMENT3D(#1,$,$);
#329= IFCEXTRUDEDAREASOLID(#327,#328,#2,25.4);
#330= IFCSHAPEREPRESENTATION(#6,'Body','SweptSolid',(#329));
#331= IFCPRODUCTDEFINITIONSHAPE($,$,(#330));
#332= IFCCARTESIANPOINT((8966.2,-177.8,-25.4));
#333= IFCDIRECTION((0.0,0.0,1.0));
#334= IFCDIRECTION((1.0,0.0,0.0));
#335= IFCAXIS2PLACEMENT3D(#332,#333,#334);
#336= IFCLOCALPLACEMENT(#16,#335);
#337= IFCPLATE('jFJVO54fFnwdrdVsnlvuM2',$,'BASE PLATE','PL1X14','PL1X14',#336,#331,'BP4');
#338= IFCQUANTITYWEIGHT('NetWeight',$,$,25.2131);
#339= IFCELEMENTQUANTITY('0_xUvwMypD8GjtkBu55GAe',$,'BaseQuantities',$,$,(#338));
#340= IFCRELDEFINESBYPROPERTIES('A6mH38EOG_aLS8iWKfZwIW',$,$,$,(#337),#339);
#341= IFCELEMENTASSEMBLY('zQXUel4PNpKZfmLXE6kvDW',$,'COLUMN',$,$,#16,$,'C4',.FACTORY.,.NOTDEFINED.);
#342= IFCRELAGGREGATES('olXmlIkgAuTM6bWde04SJb',$,$,$,#341,(#320,#337));
#343= IFCCIRCLEPROFILEDEF(.AREA.,'D0.75',#22,9.525);
#344= IFCAXIS2PLACEMENT3D(#1,$,$);
#345= IFCEXTRUDEDAREASOLID(#343,#344,#2,368.3);
#346= IFCCIRCLEPROFILEDEF(.AREA.,'NUT',#22,16.1925);
#347= IFCCARTESIANPOINT((0.0,0.0,345.44));
#348= IFCAXIS2PLACEMENT3D(#347,$,$);
#349= IFCEXTRUDEDAREASOLID(#346,#348,#2,16.1925);
#350= IFCSHAPEREPRESENTATION(#6,'Body','SweptSolid',(#345,#349));
#351= IFCPRODUCTDEFINITIONSHAPE($,$,(#350));
#352= IFCCARTESIANPOINT((9017.0,-127.0,-304.8));
#353= IFCDIRECTION((0.0,0.0,1.0));
#354= IFCDIRECTION((1.0,0.0,0.0));
#355= IFCAXIS2PLACEMENT3D(#352,#353,#354);
#356= IFCLOCALPLACEMENT(#16,#355);
#357= IFCMECHANICALFASTENER('trk6G_T5260jcDjSqcHQky',$,'ANCHOR ROD',$,$,#356,#351,$,19.05,368.3);
#358= IFCCIRCLEPROFILEDEF(.AREA.,'D0.75',#22,9.525);
#359= IFCAXIS2PLACEMENT3D(#1,$,$);
#360= IFCEXTRUDEDAREASOLID(#358,#359,#2,368.3);
#361= IFCCIRCLEPROFILEDEF(.AREA.,'NUT',#22,16.1925);
#362= IFCCARTESIANPOINT((0.0,0.0,345.44));
#363= IFCAXIS2PLACEMENT3D(#362,$,$);
#364= IFCEXTRUDEDAREASOLID(#361,#363,#2,16.1925);
#365= IFCSHAPEREPRESENTATION(#6,'Body','SweptSolid',(#360,#364));
#366= IFCPRODUCTDEFINITIONSHAPE($,$,(#365));
#367= IFCCARTESIANPOINT((9017.0,127.0,-304.8));
#368= IFCDIRECTION((0.0,0.0,1.0));
#369= IFCDIRECTION((1.0,0.0,0.0));
#370= IFCAXIS2PLACEMENT3D(#367,#368,#369);
#371= IFCLOCALPLACEMENT(#16,#370);
#372= IFCMECHANICALFASTENER('KH1VJvC8IYpX17iu$VL057',$,'ANCHOR ROD',$,$,#371,#366,$,19.05,368.3);
#373= IFCCIRCLEPROFILEDEF(.AREA.,'D0.75',#22,9.525);
#374= IFCAXIS2PLACEMENT3D(#1,$,$);
#375= IFCEXTRUDEDAREASOLID(#373,#374,#2,368.3);
#376= IFCCIRCLEPROFILEDEF(.AREA.,'NUT',#22,16.1925);
#377= IFCCARTESIANPOINT((0.0,0.0,345.44));
#378= IFCAXIS2PLACEMENT3D(#377,$,$);
#379= IFCEXTRUDEDAREASOLID(#376,#378,#2,16.1925);
#380= IFCSHAPEREPRESENTATION(#6,'Body','SweptSolid',(#375,#379));
#381= IFCPRODUCTDEFINITIONSHAPE($,$,(#380));
#382= IFCCARTESIANPOINT((9271.0,-127.0,-304.8));
#383= IFCDIRECTION((0.0,0.0,1.0));
#384= IFCDIRECTION((1.0,0.0,0.0));
#385= IFCAXIS2PLACEMENT3D(#382,#383,#384);
#386= IFCLOCALPLACEMENT(#16,#385);
#387= IFCMECHANICALFASTENER('3pNUK7D1PIqPrMd8c6z0mt',$,'ANCHOR ROD',$,$,#386,#381,$,19.05,368.3);
#388= IFCCIRCLEPROFILEDEF(.AREA.,'D0.75',#22,9.525);
#389= IFCAXIS2PLACEMENT3D(#1,$,$);
#390= IFCEXTRUDEDAREASOLID(#388,#389,#2,368.3);
#391= IFCCIRCLEPROFILEDEF(.AREA.,'NUT',#22,16.1925);
#392= IFCCARTESIANPOINT((0.0,0.0,345.44));
#393= IFCAXIS2PLACEMENT3D(#392,$,$);
#394= IFCEXTRUDEDAREASOLID(#391,#393,#2,16.1925);
#395= IFCSHAPEREPRESENTATION(#6,'Body','SweptSolid',(#390,#394));
#396= IFCPRODUCTDEFINITIONSHAPE($,$,(#395));
#397= IFCCARTESIANPOINT((9271.0,127.0,-304.8));
#398= IFCDIRECTION((0.0,0.0,1.0));
#399= IFCDIRECTION((1.0,0.0,0.0));
#400= IFCAXIS2PLACEMENT3D(#397,#398,#399);
#401= IFCLOCALPLACEMENT(#16,#400);
#402= IFCMECHANICALFASTENER('xAvMSDXT4FgX6YtXbRA1LX',$,'ANCHOR ROD',$,$,#401,#396,$,19.05,368.3);
#403= IFCAXIS2PLACEMENT3D(#1,$,$);
#404= IFCEXTRUDEDAREASOLID(#23,#403,#2,8521.7);
#405= IFCSHAPEREPRESENTATION(#6,'Body','SweptSolid',(#404));
#406= IFCPRODUCTDEFINITIONSHAPE($,$,(#405));
#407= IFCCARTESIANPOINT((9144.0,7620.0,0.0));
#408= IFCDIRECTION((0.0,0.0,1.0));
#409= IFCDIRECTION((0.0,-1.0,0.0));
#410= IFCAXIS2PLACEMENT3D(#407,#408,#409);
#411= IFCLOCALPLACEMENT(#16,#410);
#412= IFCCOLUMN('UPKfOngUmyy03tTdRo9LI4',$,'COLUMN','W10X49','W10X49',#411,#406,'C5');
#413= IFCQUANTITYWEIGHT('NetWeight',$,$,621.401);
#414= IFCQUANTITYLENGTH('Length',$,$,8521.7);
#415= IFCELEMENTQUANTITY('3EDKiI335H5858kP8nDVQQ',$,'BaseQuantities',$,$,(#413,#414));
#416= IFCRELDEFINESBYPROPERTIES('E44BazCGCQbehsX2iWa6lf',$,$,$,(#412),#415);
#417= IFCCARTESIANPOINT((177.8,177.8));
#418= IFCAXIS2PLACEMENT2D(#417,$);
#419= IFCRECTANGLEPROFILEDEF(.AREA.,'PL1X14',#418,355.6,355.6);
#420= IFCAXIS2PLACEMENT3D(#1,$,$);
#421= IFCEXTRUDEDAREASOLID(#419,#420,#2,25.4);
#422= IFCSHAPEREPRESENTATION(#6,'Body','SweptSolid',(#421));
#423= IFCPRODUCTDEFINITIONSHAPE($,$,(#422));
#424= IFCCARTESIANPOINT((8966.2,7442.2,-25.4));
#425= IFCDIRECTION((0.0,0.0,1.0));
#426= IFCDIRECTION((1.0,0.0,0.0));
#427= IFCAXIS2PLACEMENT3D(#424,#425,#426);
#428= IFCLOCALPLACEMENT(#16,#427);
#429= IFCPLATE('ya3q3tCiy6RBaLt0Pa60i_',$,'BASE PLATE','PL1X14','PL1X14',#428,#423,'BP5');
#430= IFCQUANTITYWEIGHT('NetWeight',$,$,25.2131);
#431= IFCELEMENTQUANTITY('C_N$iXKaRT$LEA_DfjCpoB',$,'BaseQuantities',$,$,(#430));
#432= IFCRELDEFINESBYPROPERTIES('s3lQcXsLmTwG4ifJvfLxuW',$,$,$,(#429),#431);
#433= IFCELEMENTASSEMBLY('TGgxUOYcJJVfiKUfOXDLDP',$,'COLUMN',$,$,#16,$,'C5',.FACTORY.,.NOTDEFINED.);
#434= IFCRELAGGREGATES('nJIcctZPDDZQnx41ptSbx2',$,$,$,#433,(#412,#429));
#435= IFCCIRCLEPROFILEDEF(.AREA.,'D0.75',#22,9.525);
#436= IFCAXIS2PLACEMENT3D(#1,$,$);
#437= IFCEXTRUDEDAREASOLID(#435,#436,#2,368.3);
#438= IFCCIRCLEPROFILEDEF(.AREA.,'NUT',#22,16.1925);
#439= IFCCARTESIANPOINT((0.0,0.0,345.44));
#440= IFCAXIS2PLACEMENT3D(#439,$,$);
#441= IFCEXTRUDEDAREASOLID(#438,#440,#2,16.1925);
#442= IFCSHAPEREPRESENTATION(#6,'Body','SweptSolid',(#437,#441));
#443= IFCPRODUCTDEFINITIONSHAPE($,$,(#442));
#444= IFCCARTESIANPOINT((9017.0,7493.0,-304.8));
#445= IFCDIRECTION((0.0,0.0,1.0));
#446= IFCDIRECTION((1.0,0.0,0.0));
#447= IFCAXIS2PLACEMENT3D(#444,#445,#446);
#448= IFCLOCALPLACEMENT(#16,#447);
#449= IFCMECHANICALFASTENER('IWp0VtrTTNFwteXCrVpKWs',$,'ANCHOR ROD',$,$,#448,#443,$,19.05,368.3);
#450= IFCCIRCLEPROFILEDEF(.AREA.,'D0.75',#22,9.525);
#451= IFCAXIS2PLACEMENT3D(#1,$,$);
#452= IFCEXTRUDEDAREASOLID(#450,#451,#2,368.3);
#453= IFCCIRCLEPROFILEDEF(.AREA.,'NUT',#22,16.1925);
#454= IFCCARTESIANPOINT((0.0,0.0,345.44));
#455= IFCAXIS2PLACEMENT3D(#454,$,$);
#456= IFCEXTRUDEDAREASOLID(#453,#455,#2,16.1925);
#457= IFCSHAPEREPRESENTATION(#6,'Body','SweptSolid',(#452,#456));
#458= IFCPRODUCTDEFINITIONSHAPE($,$,(#457));
#459= IFCCARTESIANPOINT((9017.0,7747.0,-304.8));
#460= IFCDIRECTION((0.0,0.0,1.0));
#461= IFCDIRECTION((1.0,0.0,0.0));
#462= IFCAXIS2PLACEMENT3D(#459,#460,#461);
#463= IFCLOCALPLACEMENT(#16,#462);
#464= IFCMECHANICALFASTENER('zw2qNf1n_D4WRKPiCwQy2l',$,'ANCHOR ROD',$,$,#463,#458,$,19.05,368.3);
#465= IFCCIRCLEPROFILEDEF(.AREA.,'D0.75',#22,9.525);
#466= IFCAXIS2PLACEMENT3D(#1,$,$);
#467= IFCEXTRUDEDAREASOLID(#465,#466,#2,368.3);
#468= IFCCIRCLEPROFILEDEF(.AREA.,'NUT',#22,16.1925);
#469= IFCCARTESIANPOINT((0.0,0.0,345.44));
#470= IFCAXIS2PLACEMENT3D(#469,$,$);
#471= IFCEXTRUDEDAREASOLID(#468,#470,#2,16.1925);
#472= IFCSHAPEREPRESENTATION(#6,'Body','SweptSolid',(#467,#471));
#473= IFCPRODUCTDEFINITIONSHAPE($,$,(#472));
#474= IFCCARTESIANPOINT((9271.0,7493.0,-304.8));
#475= IFCDIRECTION((0.0,0.0,1.0));
#476= IFCDIRECTION((1.0,0.0,0.0));
#477= IFCAXIS2PLACEMENT3D(#474,#475,#476);
#478= IFCLOCALPLACEMENT(#16,#477);
#479= IFCMECHANICALFASTENER('hqwQNoFj7WZmp719rrjXDS',$,'ANCHOR ROD',$,$,#478,#473,$,19.05,368.3);
#480= IFCCIRCLEPROFILEDEF(.AREA.,'D0.75',#22,9.525);
#481= IFCAXIS2PLACEMENT3D(#1,$,$);
#482= IFCEXTRUDEDAREASOLID(#480,#481,#2,368.3);
#483= IFCCIRCLEPROFILEDEF(.AREA.,'NUT',#22,16.1925);
#484= IFCCARTESIANPOINT((0.0,0.0,345.44));
#485= IFCAXIS2PLACEMENT3D(#484,$,$);
#486= IFCEXTRUDEDAREASOLID(#483,#485,#2,16.1925);
#487= IFCSHAPEREPRESENTATION(#6,'Body','SweptSolid',(#482,#486));
#488= IFCPRODUCTDEFINITIONSHAPE($,$,(#487));
#489= IFCCARTESIANPOINT((9271.0,7747.0,-304.8));
#490= IFCDIRECTION((0.0,0.0,1.0));
#491= IFCDIRECTION((1.0,0.0,0.0));
#492= IFCAXIS2PLACEMENT3D(#489,#490,#491);
#493= IFCLOCALPLACEMENT(#16,#492);
#494= IFCMECHANICALFASTENER('cpSoxRLG8OySIjqxbGyjTY',$,'ANCHOR ROD',$,$,#493,#488,$,19.05,368.3);
#495= IFCAXIS2PLACEMENT3D(#1,$,$);
#496= IFCEXTRUDEDAREASOLID(#23,#495,#2,8521.7);
#497= IFCSHAPEREPRESENTATION(#6,'Body','SweptSolid',(#496));
#498= IFCPRODUCTDEFINITIONSHAPE($,$,(#497));
#499= IFCCARTESIANPOINT((9144.0,15240.0,0.0));
#500= IFCDIRECTION((0.0,0.0,1.0));
#501= IFCDIRECTION((0.0,-1.0,0.0));
#502= IFCAXIS2PLACEMENT3D(#499,#500,#501);
#503= IFCLOCALPLACEMENT(#16,#502);
#504= IFCCOLUMN('mWsNz0ZjVcfz_sAkJcn7Af',$,'COLUMN','W10X49','W10X49',#503,#498,'C6');
#505= IFCQUANTITYWEIGHT('NetWeight',$,$,621.401);
#506= IFCQUANTITYLENGTH('Length',$,$,8521.7);
#507= IFCELEMENTQUANTITY('Hi11Q9bWCITNviJQpLBcP$',$,'BaseQuantities',$,$,(#505,#506));
#508= IFCRELDEFINESBYPROPERTIES('RAuEFXrTHy$7zxI_V$L0Kf',$,$,$,(#504),#507);
#509= IFCCARTESIANPOINT((177.8,177.8));
#510= IFCAXIS2PLACEMENT2D(#509,$);
#511= IFCRECTANGLEPROFILEDEF(.AREA.,'PL1X14',#510,355.6,355.6);
#512= IFCAXIS2PLACEMENT3D(#1,$,$);
#513= IFCEXTRUDEDAREASOLID(#511,#512,#2,25.4);
#514= IFCSHAPEREPRESENTATION(#6,'Body','SweptSolid',(#513));
#515= IFCPRODUCTDEFINITIONSHAPE($,$,(#514));
#516= IFCCARTESIANPOINT((8966.2,15062.2,-25.4));
#517= IFCDIRECTION((0.0,0.0,1.0));
#518= IFCDIRECTION((1.0,0.0,0.0));
#519= IFCAXIS2PLACEMENT3D(#516,#517,#518);
#520= IFCLOCALPLACEMENT(#16,#519);
#521= IFCPLATE('x$bxlsr9Nk325gCz_I4RrG',$,'BASE PLATE','PL1X14','PL1X14',#520,#515,'BP6');
#522= IFCQUANTITYWEIGHT('NetWeight',$,$,25.2131);
#523= IFCELEMENTQUANTITY('hCkhyQathsW6bbj$pgYiQ$',$,'BaseQuantities',$,$,(#522));
#524= IFCRELDEFINESBYPROPERTIES('FgOecGB5pp6pcD05Oy7mIA',$,$,$,(#521),#523);
#525= IFCELEMENTASSEMBLY('R5wMCN4rC1lHdXcNr4e2t6',$,'COLUMN',$,$,#16,$,'C6',.FACTORY.,.NOTDEFINED.);
#526= IFCRELAGGREGATES('$5Frpv81nJyqDAyRJ1s01F',$,$,$,#525,(#504,#521));
#527= IFCCIRCLEPROFILEDEF(.AREA.,'D0.75',#22,9.525);
#528= IFCAXIS2PLACEMENT3D(#1,$,$);
#529= IFCEXTRUDEDAREASOLID(#527,#528,#2,368.3);
#530= IFCCIRCLEPROFILEDEF(.AREA.,'NUT',#22,16.1925);
#531= IFCCARTESIANPOINT((0.0,0.0,345.44));
#532= IFCAXIS2PLACEMENT3D(#531,$,$);
#533= IFCEXTRUDEDAREASOLID(#530,#532,#2,16.1925);
#534= IFCSHAPEREPRESENTATION(#6,'Body','SweptSolid',(#529,#533));
#535= IFCPRODUCTDEFINITIONSHAPE($,$,(#534));
#536= IFCCARTESIANPOINT((9017.0,15113.0,-304.8));
#537= IFCDIRECTION((0.0,0.0,1.0));
#538= IFCDIRECTION((1.0,0.0,0.0));
#539= IFCAXIS2PLACEMENT3D(#536,#537,#538);
#540= IFCLOCALPLACEMENT(#16,#539);
#541= IFCMECHANICALFASTENER('BRFGy2ZVvN6kIAb$wW6417',$,'ANCHOR ROD',$,$,#540,#535,$,19.05,368.3);
#542= IFCCIRCLEPROFILEDEF(.AREA.,'D0.75',#22,9.525);
#543= IFCAXIS2PLACEMENT3D(#1,$,$);
#544= IFCEXTRUDEDAREASOLID(#542,#543,#2,368.3);
#545= IFCCIRCLEPROFILEDEF(.AREA.,'NUT',#22,16.1925);
#546= IFCCARTESIANPOINT((0.0,0.0,345.44));
#547= IFCAXIS2PLACEMENT3D(#546,$,$);
#548= IFCEXTRUDEDAREASOLID(#545,#547,#2,16.1925);
#549= IFCSHAPEREPRESENTATION(#6,'Body','SweptSolid',(#544,#548));
#550= IFCPRODUCTDEFINITIONSHAPE($,$,(#549));
#551= IFCCARTESIANPOINT((9017.0,15367.0,-304.8));
#552= IFCDIRECTION((0.0,0.0,1.0));
#553= IFCDIRECTION((1.0,0.0,0.0));
#554= IFCAXIS2PLACEMENT3D(#551,#552,#553);
#555= IFCLOCALPLACEMENT(#16,#554);
#556= IFCMECHANICALFASTENER('1AnddL_7eluyLIEkKrznvY',$,'ANCHOR ROD',$,$,#555,#550,$,19.05,368.3);
#557= IFCCIRCLEPROFILEDEF(.AREA.,'D0.75',#22,9.525);
#558= IFCAXIS2PLACEMENT3D(#1,$,$);
#559= IFCEXTRUDEDAREASOLID(#557,#558,#2,368.3);
#560= IFCCIRCLEPROFILEDEF(.AREA.,'NUT',#22,16.1925);
#561= IFCCARTESIANPOINT((0.0,0.0,345.44));
#562= IFCAXIS2PLACEMENT3D(#561,$,$);
#563= IFCEXTRUDEDAREASOLID(#560,#562,#2,16.1925);
#564= IFCSHAPEREPRESENTATION(#6,'Body','SweptSolid',(#559,#563));
#565= IFCPRODUCTDEFINITIONSHAPE($,$,(#564));
#566= IFCCARTESIANPOINT((9271.0,15113.0,-304.8));
#567= IFCDIRECTION((0.0,0.0,1.0));
#568= IFCDIRECTION((1.0,0.0,0.0));
#569= IFCAXIS2PLACEMENT3D(#566,#567,#568);
#570= IFCLOCALPLACEMENT(#16,#569);
#571= IFCMECHANICALFASTENER('gbZ7g1JdsVmnmTva0fXYsK',$,'ANCHOR ROD',$,$,#570,#565,$,19.05,368.3);
#572= IFCCIRCLEPROFILEDEF(.AREA.,'D0.75',#22,9.525);
#573= IFCAXIS2PLACEMENT3D(#1,$,$);
#574= IFCEXTRUDEDAREASOLID(#572,#573,#2,368.3);
#575= IFCCIRCLEPROFILEDEF(.AREA.,'NUT',#22,16.1925);
#576= IFCCARTESIANPOINT((0.0,0.0,345.44));
#577= IFCAXIS2PLACEMENT3D(#576,$,$);
#578= IFCEXTRUDEDAREASOLID(#575,#577,#2,16.1925);
#579= IFCSHAPEREPRESENTATION(#6,'Body','SweptSolid',(#574,#578));
#580= IFCPRODUCTDEFINITIONSHAPE($,$,(#579));
#581= IFCCARTESIANPOINT((9271.0,15367.0,-304.8));
#582= IFCDIRECTION((0.0,0.0,1.0));
#583= IFCDIRECTION((1.0,0.0,0.0));
#584= IFCAXIS2PLACEMENT3D(#581,#582,#583);
#585= IFCLOCALPLACEMENT(#16,#584);
#586= IFCMECHANICALFASTENER('5aIIZ$iA_mPTd7oxQW1nwB',$,'ANCHOR ROD',$,$,#585,#580,$,19.05,368.3);
#587= IFCAXIS2PLACEMENT3D(#1,$,$);
#588= IFCEXTRUDEDAREASOLID(#23,#587,#2,8521.7);
#589= IFCSHAPEREPRESENTATION(#6,'Body','SweptSolid',(#588));
#590= IFCPRODUCTDEFINITIONSHAPE($,$,(#589));
#591= IFCCARTESIANPOINT((18288.0,0.0,0.0));
#592= IFCDIRECTION((0.0,0.0,1.0));
#593= IFCDIRECTION((0.0,-1.0,0.0));
#594= IFCAXIS2PLACEMENT3D(#591,#592,#593);
#595= IFCLOCALPLACEMENT(#16,#594);
#596= IFCCOLUMN('j8ToXfzPOROBNbkjpJV5$l',$,'COLUMN','W10X49','W10X49',#595,#590,'C7');
#597= IFCQUANTITYWEIGHT('NetWeight',$,$,621.401);
#598= IFCQUANTITYLENGTH('Length',$,$,8521.7);
#599= IFCELEMENTQUANTITY('DlxAJe3iZ2C4Q_RXZsCvGW',$,'BaseQuantities',$,$,(#597,#598));
#600= IFCRELDEFINESBYPROPERTIES('4hPNmA364lw_8oFBWeTBoN',$,$,$,(#596),#599);
#601= IFCCARTESIANPOINT((177.8,177.8));
#602= IFCAXIS2PLACEMENT2D(#601,$);
#603= IFCRECTANGLEPROFILEDEF(.AREA.,'PL1X14',#602,355.6,355.6);
#604= IFCAXIS2PLACEMENT3D(#1,$,$);
#605= IFCEXTRUDEDAREASOLID(#603,#604,#2,25.4);
#606= IFCSHAPEREPRESENTATION(#6,'Body','SweptSolid',(#605));
#607= IFCPRODUCTDEFINITIONSHAPE($,$,(#606));
#608= IFCCARTESIANPOINT((18110.2,-177.8,-25.4));
#609= IFCDIRECTION((0.0,0.0,1.0));
#610= IFCDIRECTION((1.0,0.0,0.0));
#611= IFCAXIS2PLACEMENT3D(#608,#609,#610);
#612= IFCLOCALPLACEMENT(#16,#611);
#613= IFCPLATE('vKlUSM4Wj736Xz7CIe0Pcu',$,'BASE PLATE','PL1X14','PL1X14',#612,#607,'BP7');
#614= IFCQUANTITYWEIGHT('NetWeight',$,$,25.2131);
#615= IFCELEMENTQUANTITY('DyflWnFlzmLuUI1xO4KS9l',$,'BaseQuantities',$,$,(#614));
#616= IFCRELDEFINESBYPROPERTIES('HvCn29vhfTzEkIgS7NvIuJ',$,$,$,(#613),#615);
#617= IFCELEMENTASSEMBLY('YrqVJ3YbgLX_DewzEJ7Rza',$,'COLUMN',$,$,#16,$,'C7',.FACTORY.,.NOTDEFINED.);
#618= IFCRELAGGREGATES('FWPktXUUCnbrK7bI2uhHu0',$,$,$,#617,(#596,#613));
#619= IFCCIRCLEPROFILEDEF(.AREA.,'D0.75',#22,9.525);
#620= IFCAXIS2PLACEMENT3D(#1,$,$);
#621= IFCEXTRUDEDAREASOLID(#619,#620,#2,368.3);
#622= IFCCIRCLEPROFILEDEF(.AREA.,'NUT',#22,16.1925);
#623= IFCCARTESIANPOINT((0.0,0.0,345.44));
#624= IFCAXIS2PLACEMENT3D(#623,$,$);
#625= IFCEXTRUDEDAREASOLID(#622,#624,#2,16.1925);
#626= IFCSHAPEREPRESENTATION(#6,'Body','SweptSolid',(#621,#625));
#627= IFCPRODUCTDEFINITIONSHAPE($,$,(#626));
#628= IFCCARTESIANPOINT((18161.0,-127.0,-304.8));
#629= IFCDIRECTION((0.0,0.0,1.0));
#630= IFCDIRECTION((1.0,0.0,0.0));
#631= IFCAXIS2PLACEMENT3D(#628,#629,#630);
#632= IFCLOCALPLACEMENT(#16,#631);
#633= IFCMECHANICALFASTENER('aNkt5qRZNHNTMPAB$ZMQHO',$,'ANCHOR ROD',$,$,#632,#627,$,19.05,368.3);
#634= IFCCIRCLEPROFILEDEF(.AREA.,'D0.75',#22,9.525);
#635= IFCAXIS2PLACEMENT3D(#1,$,$);
#636= IFCEXTRUDEDAREASOLID(#634,#635,#2,368.3);
#637= IFCCIRCLEPROFILEDEF(.AREA.,'NUT',#22,16.1925);
#638= IFCCARTESIANPOINT((0.0,0.0,345.44));
#639= IFCAXIS2PLACEMENT3D(#638,$,$);
#640= IFCEXTRUDEDAREASOLID(#637,#639,#2,16.1925);
#641= IFCSHAPEREPRESENTATION(#6,'Body','SweptSolid',(#636,#640));
#642= IFCPRODUCTDEFINITIONSHAPE($,$,(#641));
#643= IFCCARTESIANPOINT((18161.0,127.0,-304.8));
#644= IFCDIRECTION((0.0,0.0,1.0));
#645= IFCDIRECTION((1.0,0.0,0.0));
#646= IFCAXIS2PLACEMENT3D(#643,#644,#645);
#647= IFCLOCALPLACEMENT(#16,#646);
#648= IFCMECHANICALFASTENER('dP18q7iga$B1qzHYVNk4Kl',$,'ANCHOR ROD',$,$,#647,#642,$,19.05,368.3);
#649= IFCCIRCLEPROFILEDEF(.AREA.,'D0.75',#22,9.525);
#650= IFCAXIS2PLACEMENT3D(#1,$,$);
#651= IFCEXTRUDEDAREASOLID(#649,#650,#2,368.3);
#652= IFCCIRCLEPROFILEDEF(.AREA.,'NUT',#22,16.1925);
#653= IFCCARTESIANPOINT((0.0,0.0,345.44));
#654= IFCAXIS2PLACEMENT3D(#653,$,$);
#655= IFCEXTRUDEDAREASOLID(#652,#654,#2,16.1925);
#656= IFCSHAPEREPRESENTATION(#6,'Body','SweptSolid',(#651,#655));
#657= IFCPRODUCTDEFINITIONSHAPE($,$,(#656));
#658= IFCCARTESIANPOINT((18415.0,-127.0,-304.8));
#659= IFCDIRECTION((0.0,0.0,1.0));
#660= IFCDIRECTION((1.0,0.0,0.0));
#661= IFCAXIS2PLACEMENT3D(#658,#659,#660);
#662= IFCLOCALPLACEMENT(#16,#661);
#663= IFCMECHANICALFASTENER('0jv9FjVfm7bD$v3H2VBSNL',$,'ANCHOR ROD',$,$,#662,#657,$,19.05,368.3);
#664= IFCCIRCLEPROFILEDEF(.AREA.,'D0.75',#22,9.525);
#665= IFCAXIS2PLACEMENT3D(#1,$,$);
#666= IFCEXTRUDEDAREASOLID(#664,#665,#2,368.3);
#667= IFCCIRCLEPROFILEDEF(.AREA.,'NUT',#22,16.1925);
#668= IFCCARTESIANPOINT((0.0,0.0,345.44));
#669= IFCAXIS2PLACEMENT3D(#668,$,$);
#670= IFCEXTRUDEDAREASOLID(#667,#669,#2,16.1925);
#671= IFCSHAPEREPRESENTATION(#6,'Body','SweptSolid',(#666,#670));
#672= IFCPRODUCTDEFINITIONSHAPE($,$,(#671));
#673= IFCCARTESIANPOINT((18415.0,127.0,-304.8));
#674= IFCDIRECTION((0.0,0.0,1.0));
#675= IFCDIRECTION((1.0,0.0,0.0));
#676= IFCAXIS2PLACEMENT3D(#673,#674,#675);
#677= IFCLOCALPLACEMENT(#16,#676);
#678= IFCMECHANICALFASTENER('DdW32COX2xUuDiCM5YFx$Z',$,'ANCHOR ROD',$,$,#677,#672,$,19.05,368.3);
#679= IFCAXIS2PLACEMENT3D(#1,$,$);
#680= IFCEXTRUDEDAREASOLID(#23,#679,#2,8521.7);
#681= IFCSHAPEREPRESENTATION(#6,'Body','SweptSolid',(#680));
#682= IFCPRODUCTDEFINITIONSHAPE($,$,(#681));
#683= IFCCARTESIANPOINT((18288.0,7620.0,0.0));
#684= IFCDIRECTION((0.0,0.0,1.0));
#685= IFCDIRECTION((0.0,-1.0,0.0));
#686= IFCAXIS2PLACEMENT3D(#683,#684,#685);
#687= IFCLOCALPLACEMENT(#16,#686);
#688= IFCCOLUMN('EFFpHTTIxoL2nr4o6khpUg',$,'COLUMN','W10X49','W10X49',#687,#682,'C8');
#689= IFCQUANTITYWEIGHT('NetWeight',$,$,621.401);
#690= IFCQUANTITYLENGTH('Length',$,$,8521.7);
#691= IFCELEMENTQUANTITY('tfp6fIjVs1kDN8ftP2SHro',$,'BaseQuantities',$,$,(#689,#690));
#692= IFCRELDEFINESBYPROPERTIES('w554YY4CWF1tU5aEdiLF7Y',$,$,$,(#688),#691);
#693= IFCCARTESIANPOINT((177.8,177.8));
#694= IFCAXIS2PLACEMENT2D(#693,$);
#695= IFCRECTANGLEPROFILEDEF(.AREA.,'PL1X14',#694,355.6,355.6);
#696= IFCAXIS2PLACEMENT3D(#1,$,$);
#697= IFCEXTRUDEDAREASOLID(#695,#696,#2,25.4);
#698= IFCSHAPEREPRESENTATION(#6,'Body','SweptSolid',(#697));
#699= IFCPRODUCTDEFINITIONSHAPE($,$,(#698));
#700= IFCCARTESIANPOINT((18110.2,7442.2,-25.4));
#701= IFCDIRECTION((0.0,0.0,1.0));
#702= IFCDIRECTION((1.0,0.0,0.0));
#703= IFCAXIS2PLACEMENT3D(#700,#701,#702);
#704= IFCLOCALPLACEMENT(#16,#703);
#705= IFCPLATE('AxIuFGbqaZVBawSnPkwczy',$,'BASE PLATE','PL1X14','PL1X14',#704,#699,'BP8');
#706= IFCQUANTITYWEIGHT('NetWeight',$,$,25.2131);
#707= IFCELEMENTQUANTITY('d3VgSOno1jKUff_YaRb72K',$,'BaseQuantities',$,$,(#706));
#708= IFCRELDEFINESBYPROPERTIES('8iu7nujDSJrhjHPZCyYGqD',$,$,$,(#705),#707);
#709= IFCELEMENTASSEMBLY('0qF$oJrZEmvwajbjonf0$m',$,'COLUMN',$,$,#16,$,'C8',.FACTORY.,.NOTDEFINED.);
#710= IFCRELAGGREGATES('ucNcItmTBgfVfQs136W$cd',$,$,$,#709,(#688,#705));
#711= IFCCIRCLEPROFILEDEF(.AREA.,'D0.75',#22,9.525);
#712= IFCAXIS2PLACEMENT3D(#1,$,$);
#713= IFCEXTRUDEDAREASOLID(#711,#712,#2,368.3);
#714= IFCCIRCLEPROFILEDEF(.AREA.,'NUT',#22,16.1925);
#715= IFCCARTESIANPOINT((0.0,0.0,345.44));
#716= IFCAXIS2PLACEMENT3D(#715,$,$);
#717= IFCEXTRUDEDAREASOLID(#714,#716,#2,16.1925);
#718= IFCSHAPEREPRESENTATION(#6,'Body','SweptSolid',(#713,#717));
#719= IFCPRODUCTDEFINITIONSHAPE($,$,(#718));
#720= IFCCARTESIANPOINT((18161.0,7493.0,-304.8));
#721= IFCDIRECTION((0.0,0.0,1.0));
#722= IFCDIRECTION((1.0,0.0,0.0));
#723= IFCAXIS2PLACEMENT3D(#720,#721,#722);
#724= IFCLOCALPLACEMENT(#16,#723);
#725= IFCMECHANICALFASTENER('ttnxj5iv18TCqlpJOr_puh',$,'ANCHOR ROD',$,$,#724,#719,$,19.05,368.3);
#726= IFCCIRCLEPROFILEDEF(.AREA.,'D0.75',#22,9.525);
#727= IFCAXIS2PLACEMENT3D(#1,$,$);
#728= IFCEXTRUDEDAREASOLID(#726,#727,#2,368.3);
#729= IFCCIRCLEPROFILEDEF(.AREA.,'NUT',#22,16.1925);
#730= IFCCARTESIANPOINT((0.0,0.0,345.44));
#731= IFCAXIS2PLACEMENT3D(#730,$,$);
#732= IFCEXTRUDEDAREASOLID(#729,#731,#2,16.1925);
#733= IFCSHAPEREPRESENTATION(#6,'Body','SweptSolid',(#728,#732));
#734= IFCPRODUCTDEFINITIONSHAPE($,$,(#733));
#735= IFCCARTESIANPOINT((18161.0,7747.0,-304.8));
#736= IFCDIRECTION((0.0,0.0,1.0));
#737= IFCDIRECTION((1.0,0.0,0.0));
#738= IFCAXIS2PLACEMENT3D(#735,#736,#737);
#739= IFCLOCALPLACEMENT(#16,#738);
#740= IFCMECHANICALFASTENER('BLkek9dMEbhrKbQOqN7Dj5',$,'ANCHOR ROD',$,$,#739,#734,$,19.05,368.3);
#741= IFCCIRCLEPROFILEDEF(.AREA.,'D0.75',#22,9.525);
#742= IFCAXIS2PLACEMENT3D(#1,$,$);
#743= IFCEXTRUDEDAREASOLID(#741,#742,#2,368.3);
#744= IFCCIRCLEPROFILEDEF(.AREA.,'NUT',#22,16.1925);
#745= IFCCARTESIANPOINT((0.0,0.0,345.44));
#746= IFCAXIS2PLACEMENT3D(#745,$,$);
#747= IFCEXTRUDEDAREASOLID(#744,#746,#2,16.1925);
#748= IFCSHAPEREPRESENTATION(#6,'Body','SweptSolid',(#743,#747));
#749= IFCPRODUCTDEFINITIONSHAPE($,$,(#748));
#750= IFCCARTESIANPOINT((18415.0,7493.0,-304.8));
#751= IFCDIRECTION((0.0,0.0,1.0));
#752= IFCDIRECTION((1.0,0.0,0.0));
#753= IFCAXIS2PLACEMENT3D(#750,#751,#752);
#754= IFCLOCALPLACEMENT(#16,#753);
#755= IFCMECHANICALFASTENER('q10d0coC13PM$YIPqFIKD3',$,'ANCHOR ROD',$,$,#754,#749,$,19.05,368.3);
#756= IFCCIRCLEPROFILEDEF(.AREA.,'D0.75',#22,9.525);
#757= IFCAXIS2PLACEMENT3D(#1,$,$);
#758= IFCEXTRUDEDAREASOLID(#756,#757,#2,368.3);
#759= IFCCIRCLEPROFILEDEF(.AREA.,'NUT',#22,16.1925);
#760= IFCCARTESIANPOINT((0.0,0.0,345.44));
#761= IFCAXIS2PLACEMENT3D(#760,$,$);
#762= IFCEXTRUDEDAREASOLID(#759,#761,#2,16.1925);
#763= IFCSHAPEREPRESENTATION(#6,'Body','SweptSolid',(#758,#762));
#764= IFCPRODUCTDEFINITIONSHAPE($,$,(#763));
#765= IFCCARTESIANPOINT((18415.0,7747.0,-304.8));
#766= IFCDIRECTION((0.0,0.0,1.0));
#767= IFCDIRECTION((1.0,0.0,0.0));
#768= IFCAXIS2PLACEMENT3D(#765,#766,#767);
#769= IFCLOCALPLACEMENT(#16,#768);
#770= IFCMECHANICALFASTENER('C9L_xt71fIUjZL4YC8iOvn',$,'ANCHOR ROD',$,$,#769,#764,$,19.05,368.3);
#771= IFCAXIS2PLACEMENT3D(#1,$,$);
#772= IFCEXTRUDEDAREASOLID(#23,#771,#2,8521.7);
#773= IFCSHAPEREPRESENTATION(#6,'Body','SweptSolid',(#772));
#774= IFCPRODUCTDEFINITIONSHAPE($,$,(#773));
#775= IFCCARTESIANPOINT((18288.0,15240.0,0.0));
#776= IFCDIRECTION((0.0,0.0,1.0));
#777= IFCDIRECTION((0.0,-1.0,0.0));
#778= IFCAXIS2PLACEMENT3D(#775,#776,#777);
#779= IFCLOCALPLACEMENT(#16,#778);
#780= IFCCOLUMN('26So5u6UVS5KMe0wcrW$8V',$,'COLUMN','W10X49','W10X49',#779,#774,'C9');
#781= IFCQUANTITYWEIGHT('NetWeight',$,$,621.401);
#782= IFCQUANTITYLENGTH('Length',$,$,8521.7);
#783= IFCELEMENTQUANTITY('nSqdp_2VBMLjmN0bokEgng',$,'BaseQuantities',$,$,(#781,#782));
#784= IFCRELDEFINESBYPROPERTIES('p8FsiVnOxaiUt4Z3hJUGBP',$,$,$,(#780),#783);
#785= IFCCARTESIANPOINT((177.8,177.8));
#786= IFCAXIS2PLACEMENT2D(#785,$);
#787= IFCRECTANGLEPROFILEDEF(.AREA.,'PL1X14',#786,355.6,355.6);
#788= IFCAXIS2PLACEMENT3D(#1,$,$);
#789= IFCEXTRUDEDAREASOLID(#787,#788,#2,25.4);
#790= IFCSHAPEREPRESENTATION(#6,'Body','SweptSolid',(#789));
#791= IFCPRODUCTDEFINITIONSHAPE($,$,(#790));
#792= IFCCARTESIANPOINT((18110.2,15062.2,-25.4));
#793= IFCDIRECTION((0.0,0.0,1.0));
#794= IFCDIRECTION((1.0,0.0,0.0));
#795= IFCAXIS2PLACEMENT3D(#792,#793,#794);
#796= IFCLOCALPLACEMENT(#16,#795);
#797= IFCPLATE('YGuxUKljRpmQcyQTvGXulV',$,'BASE PLATE','PL1X14','PL1X14',#796,#791,'BP9');
#798= IFCQUANTITYWEIGHT('NetWeight',$,$,25.2131);
#799= IFCELEMENTQUANTITY('pRGFBYn3Id1nBMTfOD8kcO',$,'BaseQuantities',$,$,(#798));
#800= IFCRELDEFINESBYPROPERTIES('8dBSaGpajpxGZM3kiq3xVp',$,$,$,(#797),#799);
#801= IFCELEMENTASSEMBLY('jCNbEYS5p5KtPcJm5dMT$W',$,'COLUMN',$,$,#16,$,'C9',.FACTORY.,.NOTDEFINED.);
#802= IFCRELAGGREGATES('ti0Ea56VE4eQiBroSZBisu',$,$,$,#801,(#780,#797));
#803= IFCCIRCLEPROFILEDEF(.AREA.,'D0.75',#22,9.525);
#804= IFCAXIS2PLACEMENT3D(#1,$,$);
#805= IFCEXTRUDEDAREASOLID(#803,#804,#2,368.3);
#806= IFCCIRCLEPROFILEDEF(.AREA.,'NUT',#22,16.1925);
#807= IFCCARTESIANPOINT((0.0,0.0,345.44));
#808= IFCAXIS2PLACEMENT3D(#807,$,$);
#809= IFCEXTRUDEDAREASOLID(#806,#808,#2,16.1925);
#810= IFCSHAPEREPRESENTATION(#6,'Body','SweptSolid',(#805,#809));
#811= IFCPRODUCTDEFINITIONSHAPE($,$,(#810));
#812= IFCCARTESIANPOINT((18161.0,15113.0,-304.8));
#813= IFCDIRECTION((0.0,0.0,1.0));
#814= IFCDIRECTION((1.0,0.0,0.0));
#815= IFCAXIS2PLACEMENT3D(#812,#813,#814);
#816= IFCLOCALPLACEMENT(#16,#815);
#817= IFCMECHANICALFASTENER('hv6QsG_O5XMKUXV7LjiqBP',$,'ANCHOR ROD',$,$,#816,#811,$,19.05,368.3);
#818= IFCCIRCLEPROFILEDEF(.AREA.,'D0.75',#22,9.525);
#819= IFCAXIS2PLACEMENT3D(#1,$,$);
#820= IFCEXTRUDEDAREASOLID(#818,#819,#2,368.3);
#821= IFCCIRCLEPROFILEDEF(.AREA.,'NUT',#22,16.1925);
#822= IFCCARTESIANPOINT((0.0,0.0,345.44));
#823= IFCAXIS2PLACEMENT3D(#822,$,$);
#824= IFCEXTRUDEDAREASOLID(#821,#823,#2,16.1925);
#825= IFCSHAPEREPRESENTATION(#6,'Body','SweptSolid',(#820,#824));
#826= IFCPRODUCTDEFINITIONSHAPE($,$,(#825));
#827= IFCCARTESIANPOINT((18161.0,15367.0,-304.8));
#828= IFCDIRECTION((0.0,0.0,1.0));
#829= IFCDIRECTION((1.0,0.0,0.0));
#830= IFCAXIS2PLACEMENT3D(#827,#828,#829);
#831= IFCLOCALPLACEMENT(#16,#830);
#832= IFCMECHANICALFASTENER('dHH_zUU0uHicHIUgFsLJxp',$,'ANCHOR ROD',$,$,#831,#826,$,19.05,368.3);
#833= IFCCIRCLEPROFILEDEF(.AREA.,'D0.75',#22,9.525);
#834= IFCAXIS2PLACEMENT3D(#1,$,$);
#835= IFCEXTRUDEDAREASOLID(#833,#834,#2,368.3);
#836= IFCCIRCLEPROFILEDEF(.AREA.,'NUT',#22,16.1925);
#837= IFCCARTESIANPOINT((0.0,0.0,345.44));
#838= IFCAXIS2PLACEMENT3D(#837,$,$);
#839= IFCEXTRUDEDAREASOLID(#836,#838,#2,16.1925);
#840= IFCSHAPEREPRESENTATION(#6,'Body','SweptSolid',(#835,#839));
#841= IFCPRODUCTDEFINITIONSHAPE($,$,(#840));
#842= IFCCARTESIANPOINT((18415.0,15113.0,-304.8));
#843= IFCDIRECTION((0.0,0.0,1.0));
#844= IFCDIRECTION((1.0,0.0,0.0));
#845= IFCAXIS2PLACEMENT3D(#842,#843,#844);
#846= IFCLOCALPLACEMENT(#16,#845);
#847= IFCMECHANICALFASTENER('QEb1k_Q57ZcPEdvEKfuxkb',$,'ANCHOR ROD',$,$,#846,#841,$,19.05,368.3);
#848= IFCCIRCLEPROFILEDEF(.AREA.,'D0.75',#22,9.525);
#849= IFCAXIS2PLACEMENT3D(#1,$,$);
#850= IFCEXTRUDEDAREASOLID(#848,#849,#2,368.3);
#851= IFCCIRCLEPROFILEDEF(.AREA.,'NUT',#22,16.1925);
#852= IFCCARTESIANPOINT((0.0,0.0,345.44));
#853= IFCAXIS2PLACEMENT3D(#852,$,$);
#854= IFCEXTRUDEDAREASOLID(#851,#853,#2,16.1925);
#855= IFCSHAPEREPRESENTATION(#6,'Body','SweptSolid',(#850,#854));
#856= IFCPRODUCTDEFINITIONSHAPE($,$,(#855));
#857= IFCCARTESIANPOINT((18415.0,15367.0,-304.8));
#858= IFCDIRECTION((0.0,0.0,1.0));
#859= IFCDIRECTION((1.0,0.0,0.0));
#860= IFCAXIS2PLACEMENT3D(#857,#858,#859);
#861= IFCLOCALPLACEMENT(#16,#860);
#862= IFCMECHANICALFASTENER('L951x_AgXD_t_Of1jBaWVA',$,'ANCHOR ROD',$,$,#861,#856,$,19.05,368.3);
#863= IFCAXIS2PLACEMENT3D(#1,$,$);
#864= IFCEXTRUDEDAREASOLID(#23,#863,#2,8521.7);
#865= IFCSHAPEREPRESENTATION(#6,'Body','SweptSolid',(#864));
#866= IFCPRODUCTDEFINITIONSHAPE($,$,(#865));
#867= IFCCARTESIANPOINT((27432.0,0.0,0.0));
#868= IFCDIRECTION((0.0,0.0,1.0));
#869= IFCDIRECTION((0.0,-1.0,0.0));
#870= IFCAXIS2PLACEMENT3D(#867,#868,#869);
#871= IFCLOCALPLACEMENT(#16,#870);
#872= IFCCOLUMN('H33oIblNLDdfmNjeTlHlWU',$,'COLUMN','W10X49','W10X49',#871,#866,'C10');
#873= IFCQUANTITYWEIGHT('NetWeight',$,$,621.401);
#874= IFCQUANTITYLENGTH('Length',$,$,8521.7);
#875= IFCELEMENTQUANTITY('75Dp6R$s$KcAITKHupB5uz',$,'BaseQuantities',$,$,(#873,#874));
#876= IFCRELDEFINESBYPROPERTIES('ORl04sIa97rh8u1MLmb0ui',$,$,$,(#872),#875);
#877= IFCCARTESIANPOINT((177.8,177.8));
#878= IFCAXIS2PLACEMENT2D(#877,$);
#879= IFCRECTANGLEPROFILEDEF(.AREA.,'PL1X14',#878,355.6,355.6);
#880= IFCAXIS2PLACEMENT3D(#1,$,$);
#881= IFCEXTRUDEDAREASOLID(#879,#880,#2,25.4);
#882= IFCSHAPEREPRESENTATION(#6,'Body','SweptSolid',(#881));
#883= IFCPRODUCTDEFINITIONSHAPE($,$,(#882));
#884= IFCCARTESIANPOINT((27254.2,-177.8,-25.4));
#885= IFCDIRECTION((0.0,0.0,1.0));
#886= IFCDIRECTION((1.0,0.0,0.0));
#887= IFCAXIS2PLACEMENT3D(#884,#885,#886);
#888= IFCLOCALPLACEMENT(#16,#887);
#889= IFCPLATE('PyAfwsJpA7gcrlzHch3OSv',$,'BASE PLATE','PL1X14','PL1X14',#888,#883,'BP10');
#890= IFCQUANTITYWEIGHT('NetWeight',$,$,25.2131);
#891= IFCELEMENTQUANTITY('AIlrkUuoXETNPESWCOW_Tw',$,'BaseQuantities',$,$,(#890));
#892= IFCRELDEFINESBYPROPERTIES('SEAq9uHEDwoLOyBHl7pU6l',$,$,$,(#889),#891);
#893= IFCELEMENTASSEMBLY('51RwcFHsBPEjLkh1WFUlj_',$,'COLUMN',$,$,#16,$,'C10',.FACTORY.,.NOTDEFINED.);
#894= IFCRELAGGREGATES('5jCjfE4VWjOv2uE2_E9XNJ',$,$,$,#893,(#872,#889));
#895= IFCCIRCLEPROFILEDEF(.AREA.,'D0.75',#22,9.525);
#896= IFCAXIS2PLACEMENT3D(#1,$,$);
#897= IFCEXTRUDEDAREASOLID(#895,#896,#2,368.3);
#898= IFCCIRCLEPROFILEDEF(.AREA.,'NUT',#22,16.1925);
#899= IFCCARTESIANPOINT((0.0,0.0,345.44));
#900= IFCAXIS2PLACEMENT3D(#899,$,$);
#901= IFCEXTRUDEDAREASOLID(#898,#900,#2,16.1925);
#902= IFCSHAPEREPRESENTATION(#6,'Body','SweptSolid',(#897,#901));
#903= IFCPRODUCTDEFINITIONSHAPE($,$,(#902));
#904= IFCCARTESIANPOINT((27305.0,-127.0,-304.8));
#905= IFCDIRECTION((0.0,0.0,1.0));
#906= IFCDIRECTION((1.0,0.0,0.0));
#907= IFCAXIS2PLACEMENT3D(#904,#905,#906);
#908= IFCLOCALPLACEMENT(#16,#907);
#909= IFCMECHANICALFASTENER('bmIWYu13hJ_z449NoyKvoT',$,'ANCHOR ROD',$,$,#908,#903,$,19.05,368.3);
#910= IFCCIRCLEPROFILEDEF(.AREA.,'D0.75',#22,9.525);
#911= IFCAXIS2PLACEMENT3D(#1,$,$);
#912= IFCEXTRUDEDAREASOLID(#910,#911,#2,368.3);
#913= IFCCIRCLEPROFILEDEF(.AREA.,'NUT',#22,16.1925);
#914= IFCCARTESIANPOINT((0.0,0.0,345.44));
#915= IFCAXIS2PLACEMENT3D(#914,$,$);
#916= IFCEXTRUDEDAREASOLID(#913,#915,#2,16.1925);
#917= IFCSHAPEREPRESENTATION(#6,'Body','SweptSolid',(#912,#916));
#918= IFCPRODUCTDEFINITIONSHAPE($,$,(#917));
#919= IFCCARTESIANPOINT((27305.0,127.0,-304.8));
#920= IFCDIRECTION((0.0,0.0,1.0));
#921= IFCDIRECTION((1.0,0.0,0.0));
#922= IFCAXIS2PLACEMENT3D(#919,#920,#921);
#923= IFCLOCALPLACEMENT(#16,#922);
#924= IFCMECHANICALFASTENER('9kgRdG5RLkxgxnje0gzgT2',$,'ANCHOR ROD',$,$,#923,#918,$,19.05,368.3);
#925= IFCCIRCLEPROFILEDEF(.AREA.,'D0.75',#22,9.525);
#926= IFCAXIS2PLACEMENT3D(#1,$,$);
#927= IFCEXTRUDEDAREASOLID(#925,#926,#2,368.3);
#928= IFCCIRCLEPROFILEDEF(.AREA.,'NUT',#22,16.1925);
#929= IFCCARTESIANPOINT((0.0,0.0,345.44));
#930= IFCAXIS2PLACEMENT3D(#929,$,$);
#931= IFCEXTRUDEDAREASOLID(#928,#930,#2,16.1925);
#932= IFCSHAPEREPRESENTATION(#6,'Body','SweptSolid',(#927,#931));
#933= IFCPRODUCTDEFINITIONSHAPE($,$,(#932));
#934= IFCCARTESIANPOINT((27559.0,-127.0,-304.8));
#935= IFCDIRECTION((0.0,0.0,1.0));
#936= IFCDIRECTION((1.0,0.0,0.0));
#937= IFCAXIS2PLACEMENT3D(#934,#935,#936);
#938= IFCLOCALPLACEMENT(#16,#937);
#939= IFCMECHANICALFASTENER('Vw5IIYnY8XjH4CPsCkaUI9',$,'ANCHOR ROD',$,$,#938,#933,$,19.05,368.3);
#940= IFCCIRCLEPROFILEDEF(.AREA.,'D0.75',#22,9.525);
#941= IFCAXIS2PLACEMENT3D(#1,$,$);
#942= IFCEXTRUDEDAREASOLID(#940,#941,#2,368.3);
#943= IFCCIRCLEPROFILEDEF(.AREA.,'NUT',#22,16.1925);
#944= IFCCARTESIANPOINT((0.0,0.0,345.44));
#945= IFCAXIS2PLACEMENT3D(#944,$,$);
#946= IFCEXTRUDEDAREASOLID(#943,#945,#2,16.1925);
#947= IFCSHAPEREPRESENTATION(#6,'Body','SweptSolid',(#942,#946));
#948= IFCPRODUCTDEFINITIONSHAPE($,$,(#947));
#949= IFCCARTESIANPOINT((27559.0,127.0,-304.8));
#950= IFCDIRECTION((0.0,0.0,1.0));
#951= IFCDIRECTION((1.0,0.0,0.0));
#952= IFCAXIS2PLACEMENT3D(#949,#950,#951);
#953= IFCLOCALPLACEMENT(#16,#952);
#954= IFCMECHANICALFASTENER('chkVipg7hfzlVUiJHQ0wpv',$,'ANCHOR ROD',$,$,#953,#948,$,19.05,368.3);
#955= IFCAXIS2PLACEMENT3D(#1,$,$);
#956= IFCEXTRUDEDAREASOLID(#23,#955,#2,8521.7);
#957= IFCSHAPEREPRESENTATION(#6,'Body','SweptSolid',(#956));
#958= IFCPRODUCTDEFINITIONSHAPE($,$,(#957));
#959= IFCCARTESIANPOINT((27432.0,7620.0,0.0));
#960= IFCDIRECTION((0.0,0.0,1.0));
#961= IFCDIRECTION((0.0,-1.0,0.0));
#962= IFCAXIS2PLACEMENT3D(#959,#960,#961);
#963= IFCLOCALPLACEMENT(#16,#962);
#964= IFCCOLUMN('ocL8IcdWh9OAMcjxjs8_eM',$,'COLUMN','W10X49','W10X49',#963,#958,'C11');
#965= IFCQUANTITYWEIGHT('NetWeight',$,$,621.401);
#966= IFCQUANTITYLENGTH('Length',$,$,8521.7);
#967= IFCELEMENTQUANTITY('ZW2LYU2R6pvPaCPU7G6A9h',$,'BaseQuantities',$,$,(#965,#966));
#968= IFCRELDEFINESBYPROPERTIES('H0OY1f3Rff3_phM7r5Bg$p',$,$,$,(#964),#967);
#969= IFCCARTESIANPOINT((177.8,177.8));
#970= IFCAXIS2PLACEMENT2D(#969,$);
#971= IFCRECTANGLEPROFILEDEF(.AREA.,'PL1X14',#970,355.6,355.6);
#972= IFCAXIS2PLACEMENT3D(#1,$,$);
#973= IFCEXTRUDEDAREASOLID(#971,#972,#2,25.4);
#974= IFCSHAPEREPRESENTATION(#6,'Body','SweptSolid',(#973));
#975= IFCPRODUCTDEFINITIONSHAPE($,$,(#974));
#976= IFCCARTESIANPOINT((27254.2,7442.2,-25.4));
#977= IFCDIRECTION((0.0,0.0,1.0));
#978= IFCDIRECTION((1.0,0.0,0.0));
#979= IFCAXIS2PLACEMENT3D(#976,#977,#978);
#980= IFCLOCALPLACEMENT(#16,#979);
#981= IFCPLATE('Wx13ee7rgKB2JQIBjksiJg',$,'BASE PLATE','PL1X14','PL1X14',#980,#975,'BP11');
#982= IFCQUANTITYWEIGHT('NetWeight',$,$,25.2131);
#983= IFCELEMENTQUANTITY('TXz4dwZkZGW1yCkJTpB3HF',$,'BaseQuantities',$,$,(#982));
#984= IFCRELDEFINESBYPROPERTIES('7QNXkJMK3iVu$RinwRf3D1',$,$,$,(#981),#983);
#985= IFCELEMENTASSEMBLY('8pi7TmqmS3W2XtUTjQfsZc',$,'COLUMN',$,$,#16,$,'C11',.FACTORY.,.NOTDEFINED.);
#986= IFCRELAGGREGATES('$RKzYHcaBg0_VKevR6Qk5u',$,$,$,#985,(#964,#981));
#987= IFCCIRCLEPROFILEDEF(.AREA.,'D0.75',#22,9.525);
#988= IFCAXIS2PLACEMENT3D(#1,$,$);
#989= IFCEXTRUDEDAREASOLID(#987,#988,#2,368.3);
#990= IFCCIRCLEPROFILEDEF(.AREA.,'NUT',#22,16.1925);
#991= IFCCARTESIANPOINT((0.0,0.0,345.44));
#992= IFCAXIS2PLACEMENT3D(#991,$,$);
#993= IFCEXTRUDEDAREASOLID(#990,#992,#2,16.1925);
#994= IFCSHAPEREPRESENTATION(#6,'Body','SweptSolid',(#989,#993));
#995= IFCPRODUCTDEFINITIONSHAPE($,$,(#994));
#996= IFCCARTESIANPOINT((27305.0,7493.0,-304.8));
#997= IFCDIRECTION((0.0,0.0,1.0));
#998= IFCDIRECTION((1.0,0.0,0.0));
#999= IFCAXIS2PLACEMENT3D(#996,#997,#998);
#1000= IFCLOCALPLACEMENT(#16,#999);
#1001= IFCMECHANICALFASTENER('NtHc3EJ1HcJjCLxoBrhog4',$,'ANCHOR ROD',$,$,#1000,#995,$,19.05,368.3);
#1002= IFCCIRCLEPROFILEDEF(.AREA.,'D0.75',#22,9.525);
#1003= IFCAXIS2PLACEMENT3D(#1,$,$);
#1004= IFCEXTRUDEDAREASOLID(#1002,#1003,#2,368.3);
#1005= IFCCIRCLEPROFILEDEF(.AREA.,'NUT',#22,16.1925);
#1006= IFCCARTESIANPOINT((0.0,0.0,345.44));
#1007= IFCAXIS2PLACEMENT3D(#1006,$,$);
#1008= IFCEXTRUDEDAREASOLID(#1005,#1007,#2,16.1925);
#1009= IFCSHAPEREPRESENTATION(#6,'Body','SweptSolid',(#1004,#1008));
#1010= IFCPRODUCTDEFINITIONSHAPE($,$,(#1009));
#1011= IFCCARTESIANPOINT((27305.0,7747.0,-304.8));
#1012= IFCDIRECTION((0.0,0.0,1.0));
#1013= IFCDIRECTION((1.0,0.0,0.0));
#1014= IFCAXIS2PLACEMENT3D(#1011,#1012,#1013);
#1015= IFCLOCALPLACEMENT(#16,#1014);
#1016= IFCMECHANICALFASTENER('UP14HTtD26e8EF_Hs0MSIE',$,'ANCHOR ROD',$,$,#1015,#1010,$,19.05,368.3);
#1017= IFCCIRCLEPROFILEDEF(.AREA.,'D0.75',#22,9.525);
#1018= IFCAXIS2PLACEMENT3D(#1,$,$);
#1019= IFCEXTRUDEDAREASOLID(#1017,#1018,#2,368.3);
#1020= IFCCIRCLEPROFILEDEF(.AREA.,'NUT',#22,16.1925);
#1021= IFCCARTESIANPOINT((0.0,0.0,345.44));
#1022= IFCAXIS2PLACEMENT3D(#1021,$,$);
#1023= IFCEXTRUDEDAREASOLID(#1020,#1022,#2,16.1925);
#1024= IFCSHAPEREPRESENTATION(#6,'Body','SweptSolid',(#1019,#1023));
#1025= IFCPRODUCTDEFINITIONSHAPE($,$,(#1024));
#1026= IFCCARTESIANPOINT((27559.0,7493.0,-304.8));
#1027= IFCDIRECTION((0.0,0.0,1.0));
#1028= IFCDIRECTION((1.0,0.0,0.0));
#1029= IFCAXIS2PLACEMENT3D(#1026,#1027,#1028);
#1030= IFCLOCALPLACEMENT(#16,#1029);
#1031= IFCMECHANICALFASTENER('j$9iRS9YM1XY85P6qkY1f5',$,'ANCHOR ROD',$,$,#1030,#1025,$,19.05,368.3);
#1032= IFCCIRCLEPROFILEDEF(.AREA.,'D0.75',#22,9.525);
#1033= IFCAXIS2PLACEMENT3D(#1,$,$);
#1034= IFCEXTRUDEDAREASOLID(#1032,#1033,#2,368.3);
#1035= IFCCIRCLEPROFILEDEF(.AREA.,'NUT',#22,16.1925);
#1036= IFCCARTESIANPOINT((0.0,0.0,345.44));
#1037= IFCAXIS2PLACEMENT3D(#1036,$,$);
#1038= IFCEXTRUDEDAREASOLID(#1035,#1037,#2,16.1925);
#1039= IFCSHAPEREPRESENTATION(#6,'Body','SweptSolid',(#1034,#1038));
#1040= IFCPRODUCTDEFINITIONSHAPE($,$,(#1039));
#1041= IFCCARTESIANPOINT((27559.0,7747.0,-304.8));
#1042= IFCDIRECTION((0.0,0.0,1.0));
#1043= IFCDIRECTION((1.0,0.0,0.0));
#1044= IFCAXIS2PLACEMENT3D(#1041,#1042,#1043);
#1045= IFCLOCALPLACEMENT(#16,#1044);
#1046= IFCMECHANICALFASTENER('wagqYpsernJnnqI0UWmUPE',$,'ANCHOR ROD',$,$,#1045,#1040,$,19.05,368.3);
#1047= IFCAXIS2PLACEMENT3D(#1,$,$);
#1048= IFCEXTRUDEDAREASOLID(#23,#1047,#2,8521.7);
#1049= IFCSHAPEREPRESENTATION(#6,'Body','SweptSolid',(#1048));
#1050= IFCPRODUCTDEFINITIONSHAPE($,$,(#1049));
#1051= IFCCARTESIANPOINT((27432.0,15240.0,0.0));
#1052= IFCDIRECTION((0.0,0.0,1.0));
#1053= IFCDIRECTION((0.0,-1.0,0.0));
#1054= IFCAXIS2PLACEMENT3D(#1051,#1052,#1053);
#1055= IFCLOCALPLACEMENT(#16,#1054);
#1056= IFCCOLUMN('B46pfuew0yyhmUmj8oYf9S',$,'COLUMN','W10X49','W10X49',#1055,#1050,'C12');
#1057= IFCQUANTITYWEIGHT('NetWeight',$,$,621.401);
#1058= IFCQUANTITYLENGTH('Length',$,$,8521.7);
#1059= IFCELEMENTQUANTITY('XXyizSI8kQLkUMJwM5fmks',$,'BaseQuantities',$,$,(#1057,#1058));
#1060= IFCRELDEFINESBYPROPERTIES('FqJWmDkjcvBZobvEvzMJ0G',$,$,$,(#1056),#1059);
#1061= IFCCARTESIANPOINT((177.8,177.8));
#1062= IFCAXIS2PLACEMENT2D(#1061,$);
#1063= IFCRECTANGLEPROFILEDEF(.AREA.,'PL1X14',#1062,355.6,355.6);
#1064= IFCAXIS2PLACEMENT3D(#1,$,$);
#1065= IFCEXTRUDEDAREASOLID(#1063,#1064,#2,25.4);
#1066= IFCSHAPEREPRESENTATION(#6,'Body','SweptSolid',(#1065));
#1067= IFCPRODUCTDEFINITIONSHAPE($,$,(#1066));
#1068= IFCCARTESIANPOINT((27254.2,15062.2,-25.4));
#1069= IFCDIRECTION((0.0,0.0,1.0));
#1070= IFCDIRECTION((1.0,0.0,0.0));
#1071= IFCAXIS2PLACEMENT3D(#1068,#1069,#1070);
#1072= IFCLOCALPLACEMENT(#16,#1071);
#1073= IFCPLATE('k_UlhmW2P0X7MdZfWUXuB$',$,'BASE PLATE','PL1X14','PL1X14',#1072,#1067,'BP12');
#1074= IFCQUANTITYWEIGHT('NetWeight',$,$,25.2131);
#1075= IFCELEMENTQUANTITY('BPGsbl5umk5bqtWjUnGOl8',$,'BaseQuantities',$,$,(#1074));
#1076= IFCRELDEFINESBYPROPERTIES('Qg9Avmor$3DxxtryM8uo_H',$,$,$,(#1073),#1075);
#1077= IFCELEMENTASSEMBLY('1TPp5bgnwFBS91D$BRw7Pg',$,'COLUMN',$,$,#16,$,'C12',.FACTORY.,.NOTDEFINED.);
#1078= IFCRELAGGREGATES('z7rHq6IfgO0NZXBenWcor6',$,$,$,#1077,(#1056,#1073));
#1079= IFCCIRCLEPROFILEDEF(.AREA.,'D0.75',#22,9.525);
#1080= IFCAXIS2PLACEMENT3D(#1,$,$);
#1081= IFCEXTRUDEDAREASOLID(#1079,#1080,#2,368.3);
#1082= IFCCIRCLEPROFILEDEF(.AREA.,'NUT',#22,16.1925);
#1083= IFCCARTESIANPOINT((0.0,0.0,345.44));
#1084= IFCAXIS2PLACEMENT3D(#1083,$,$);
#1085= IFCEXTRUDEDAREASOLID(#1082,#1084,#2,16.1925);
#1086= IFCSHAPEREPRESENTATION(#6,'Body','SweptSolid',(#1081,#1085));
#1087= IFCPRODUCTDEFINITIONSHAPE($,$,(#1086));
#1088= IFCCARTESIANPOINT((27305.0,15113.0,-304.8));
#1089= IFCDIRECTION((0.0,0.0,1.0));
#1090= IFCDIRECTION((1.0,0.0,0.0));
#1091= IFCAXIS2PLACEMENT3D(#1088,#1089,#1090);
#1092= IFCLOCALPLACEMENT(#16,#1091);
#1093= IFCMECHANICALFASTENER('dcVmtWdPG6Qlx_IkhPw6e1',$,'ANCHOR ROD',$,$,#1092,#1087,$,19.05,368.3);
#1094= IFCCIRCLEPROFILEDEF(.AREA.,'D0.75',#22,9.525);
#1095= IFCAXIS2PLACEMENT3D(#1,$,$);
#1096= IFCEXTRUDEDAREASOLID(#1094,#1095,#2,368.3);
#1097= IFCCIRCLEPROFILEDEF(.AREA.,'NUT',#22,16.1925);
#1098= IFCCARTESIANPOINT((0.0,0.0,345.44));
#1099= IFCAXIS2PLACEMENT3D(#1098,$,$);
#1100= IFCEXTRUDEDAREASOLID(#1097,#1099,#2,16.1925);
#1101= IFCSHAPEREPRESENTATION(#6,'Body','SweptSolid',(#1096,#1100));
#1102= IFCPRODUCTDEFINITIONSHAPE($,$,(#1101));
#1103= IFCCARTESIANPOINT((27305.0,15367.0,-304.8));
#1104= IFCDIRECTION((0.0,0.0,1.0));
#1105= IFCDIRECTION((1.0,0.0,0.0));
#1106= IFCAXIS2PLACEMENT3D(#1103,#1104,#1105);
#1107= IFCLOCALPLACEMENT(#16,#1106);
#1108= IFCMECHANICALFASTENER('8qf4ZSubPQwpuQQ7NtF6H9',$,'ANCHOR ROD',$,$,#1107,#1102,$,19.05,368.3);
#1109= IFCCIRCLEPROFILEDEF(.AREA.,'D0.75',#22,9.525);
#1110= IFCAXIS2PLACEMENT3D(#1,$,$);
#1111= IFCEXTRUDEDAREASOLID(#1109,#1110,#2,368.3);
#1112= IFCCIRCLEPROFILEDEF(.AREA.,'NUT',#22,16.1925);
#1113= IFCCARTESIANPOINT((0.0,0.0,345.44));
#1114= IFCAXIS2PLACEMENT3D(#1113,$,$);
#1115= IFCEXTRUDEDAREASOLID(#1112,#1114,#2,16.1925);
#1116= IFCSHAPEREPRESENTATION(#6,'Body','SweptSolid',(#1111,#1115));
#1117= IFCPRODUCTDEFINITIONSHAPE($,$,(#1116));
#1118= IFCCARTESIANPOINT((27559.0,15113.0,-304.8));
#1119= IFCDIRECTION((0.0,0.0,1.0));
#1120= IFCDIRECTION((1.0,0.0,0.0));
#1121= IFCAXIS2PLACEMENT3D(#1118,#1119,#1120);
#1122= IFCLOCALPLACEMENT(#16,#1121);
#1123= IFCMECHANICALFASTENER('$N1L$SbRKIQCxCPB6rSWus',$,'ANCHOR ROD',$,$,#1122,#1117,$,19.05,368.3);
#1124= IFCCIRCLEPROFILEDEF(.AREA.,'D0.75',#22,9.525);
#1125= IFCAXIS2PLACEMENT3D(#1,$,$);
#1126= IFCEXTRUDEDAREASOLID(#1124,#1125,#2,368.3);
#1127= IFCCIRCLEPROFILEDEF(.AREA.,'NUT',#22,16.1925);
#1128= IFCCARTESIANPOINT((0.0,0.0,345.44));
#1129= IFCAXIS2PLACEMENT3D(#1128,$,$);
#1130= IFCEXTRUDEDAREASOLID(#1127,#1129,#2,16.1925);
#1131= IFCSHAPEREPRESENTATION(#6,'Body','SweptSolid',(#1126,#1130));
#1132= IFCPRODUCTDEFINITIONSHAPE($,$,(#1131));
#1133= IFCCARTESIANPOINT((27559.0,15367.0,-304.8));
#1134= IFCDIRECTION((0.0,0.0,1.0));
#1135= IFCDIRECTION((1.0,0.0,0.0));
#1136= IFCAXIS2PLACEMENT3D(#1133,#1134,#1135);
#1137= IFCLOCALPLACEMENT(#16,#1136);
#1138= IFCMECHANICALFASTENER('J7H5KvbTeJdXfRJTo4fmJb',$,'ANCHOR ROD',$,$,#1137,#1132,$,19.05,368.3);
#1139= IFCAXIS2PLACEMENT3D(#1,$,$);
#1140= IFCEXTRUDEDAREASOLID(#23,#1139,#2,8521.7);
#1141= IFCSHAPEREPRESENTATION(#6,'Body','SweptSolid',(#1140));
#1142= IFCPRODUCTDEFINITIONSHAPE($,$,(#1141));
#1143= IFCCARTESIANPOINT((36576.0,0.0,0.0));
#1144= IFCDIRECTION((0.0,0.0,1.0));
#1145= IFCDIRECTION((0.0,-1.0,0.0));
#1146= IFCAXIS2PLACEMENT3D(#1143,#1144,#1145);
#1147= IFCLOCALPLACEMENT(#16,#1146);
#1148= IFCCOLUMN('SBPxJNtgpE4jFQ9b_i2$BP',$,'COLUMN','W10X49','W10X49',#1147,#1142,'C13');
#1149= IFCQUANTITYWEIGHT('NetWeight',$,$,621.401);
#1150= IFCQUANTITYLENGTH('Length',$,$,8521.7);
#1151= IFCELEMENTQUANTITY('_ZcBPHyYTc4C0iOJc6Mgiv',$,'BaseQuantities',$,$,(#1149,#1150));
#1152= IFCRELDEFINESBYPROPERTIES('zVgkMEc8wCEKox445CqGrj',$,$,$,(#1148),#1151);
#1153= IFCCARTESIANPOINT((177.8,177.8));
#1154= IFCAXIS2PLACEMENT2D(#1153,$);
#1155= IFCRECTANGLEPROFILEDEF(.AREA.,'PL1X14',#1154,355.6,355.6);
#1156= IFCAXIS2PLACEMENT3D(#1,$,$);
#1157= IFCEXTRUDEDAREASOLID(#1155,#1156,#2,25.4);
#1158= IFCSHAPEREPRESENTATION(#6,'Body','SweptSolid',(#1157));
#1159= IFCPRODUCTDEFINITIONSHAPE($,$,(#1158));
#1160= IFCCARTESIANPOINT((36398.2,-177.8,-25.4));
#1161= IFCDIRECTION((0.0,0.0,1.0));
#1162= IFCDIRECTION((1.0,0.0,0.0));
#1163= IFCAXIS2PLACEMENT3D(#1160,#1161,#1162);
#1164= IFCLOCALPLACEMENT(#16,#1163);
#1165= IFCPLATE('9lKkLBg0zcJXCDUEJ$YFfx',$,'BASE PLATE','PL1X14','PL1X14',#1164,#1159,'BP13');
#1166= IFCQUANTITYWEIGHT('NetWeight',$,$,25.2131);
#1167= IFCELEMENTQUANTITY('VK5WkPapQGUUC1D6_QTBLJ',$,'BaseQuantities',$,$,(#1166));
#1168= IFCRELDEFINESBYPROPERTIES('X3soEbFARTV7V9hC5RMchA',$,$,$,(#1165),#1167);
#1169= IFCELEMENTASSEMBLY('xN1eqq4BVILJiHQPSg80z4',$,'COLUMN',$,$,#16,$,'C13',.FACTORY.,.NOTDEFINED.);
#1170= IFCRELAGGREGATES('$g88P6kqBiK$$HXc6xLtnc',$,$,$,#1169,(#1148,#1165));
#1171= IFCCIRCLEPROFILEDEF(.AREA.,'D0.75',#22,9.525);
#1172= IFCAXIS2PLACEMENT3D(#1,$,$);
#1173= IFCEXTRUDEDAREASOLID(#1171,#1172,#2,368.3);
#1174= IFCCIRCLEPROFILEDEF(.AREA.,'NUT',#22,16.1925);
#1175= IFCCARTESIANPOINT((0.0,0.0,345.44));
#1176= IFCAXIS2PLACEMENT3D(#1175,$,$);
#1177= IFCEXTRUDEDAREASOLID(#1174,#1176,#2,16.1925);
#1178= IFCSHAPEREPRESENTATION(#6,'Body','SweptSolid',(#1173,#1177));
#1179= IFCPRODUCTDEFINITIONSHAPE($,$,(#1178));
#1180= IFCCARTESIANPOINT((36449.0,-127.0,-304.8));
#1181= IFCDIRECTION((0.0,0.0,1.0));
#1182= IFCDIRECTION((1.0,0.0,0.0));
#1183= IFCAXIS2PLACEMENT3D(#1180,#1181,#1182);
#1184= IFCLOCALPLACEMENT(#16,#1183);
#1185= IFCMECHANICALFASTENER('E8WTUPwU$6oohmpBThsd0c',$,'ANCHOR ROD',$,$,#1184,#1179,$,19.05,368.3);
#1186= IFCCIRCLEPROFILEDEF(.AREA.,'D0.75',#22,9.525);
#1187= IFCAXIS2PLACEMENT3D(#1,$,$);
#1188= IFCEXTRUDEDAREASOLID(#1186,#1187,#2,368.3);
#1189= IFCCIRCLEPROFILEDEF(.AREA.,'NUT',#22,16.1925);
#1190= IFCCARTESIANPOINT((0.0,0.0,345.44));
#1191= IFCAXIS2PLACEMENT3D(#1190,$,$);
#1192= IFCEXTRUDEDAREASOLID(#1189,#1191,#2,16.1925);
#1193= IFCSHAPEREPRESENTATION(#6,'Body','SweptSolid',(#1188,#1192));
#1194= IFCPRODUCTDEFINITIONSHAPE($,$,(#1193));
#1195= IFCCARTESIANPOINT((36449.0,127.0,-304.8));
#1196= IFCDIRECTION((0.0,0.0,1.0));
#1197= IFCDIRECTION((1.0,0.0,0.0));
#1198= IFCAXIS2PLACEMENT3D(#1195,#1196,#1197);
#1199= IFCLOCALPLACEMENT(#16,#1198);
#1200= IFCMECHANICALFASTENER('_2EyrqcwIgRAjox4bgBYNu',$,'ANCHOR ROD',$,$,#1199,#1194,$,19.05,368.3);
#1201= IFCCIRCLEPROFILEDEF(.AREA.,'D0.75',#22,9.525);
#1202= IFCAXIS2PLACEMENT3D(#1,$,$);
#1203= IFCEXTRUDEDAREASOLID(#1201,#1202,#2,368.3);
#1204= IFCCIRCLEPROFILEDEF(.AREA.,'NUT',#22,16.1925);
#1205= IFCCARTESIANPOINT((0.0,0.0,345.44));
#1206= IFCAXIS2PLACEMENT3D(#1205,$,$);
#1207= IFCEXTRUDEDAREASOLID(#1204,#1206,#2,16.1925);
#1208= IFCSHAPEREPRESENTATION(#6,'Body','SweptSolid',(#1203,#1207));
#1209= IFCPRODUCTDEFINITIONSHAPE($,$,(#1208));
#1210= IFCCARTESIANPOINT((36703.0,-127.0,-304.8));
#1211= IFCDIRECTION((0.0,0.0,1.0));
#1212= IFCDIRECTION((1.0,0.0,0.0));
#1213= IFCAXIS2PLACEMENT3D(#1210,#1211,#1212);
#1214= IFCLOCALPLACEMENT(#16,#1213);
#1215= IFCMECHANICALFASTENER('qUFR5mNnYgJkLSiod$eOKo',$,'ANCHOR ROD',$,$,#1214,#1209,$,19.05,368.3);
#1216= IFCCIRCLEPROFILEDEF(.AREA.,'D0.75',#22,9.525);
#1217= IFCAXIS2PLACEMENT3D(#1,$,$);
#1218= IFCEXTRUDEDAREASOLID(#1216,#1217,#2,368.3);
#1219= IFCCIRCLEPROFILEDEF(.AREA.,'NUT',#22,16.1925);
#1220= IFCCARTESIANPOINT((0.0,0.0,345.44));
#1221= IFCAXIS2PLACEMENT3D(#1220,$,$);
#1222= IFCEXTRUDEDAREASOLID(#1219,#1221,#2,16.1925);
#1223= IFCSHAPEREPRESENTATION(#6,'Body','SweptSolid',(#1218,#1222));
#1224= IFCPRODUCTDEFINITIONSHAPE($,$,(#1223));
#1225= IFCCARTESIANPOINT((36703.0,127.0,-304.8));
#1226= IFCDIRECTION((0.0,0.0,1.0));
#1227= IFCDIRECTION((1.0,0.0,0.0));
#1228= IFCAXIS2PLACEMENT3D(#1225,#1226,#1227);
#1229= IFCLOCALPLACEMENT(#16,#1228);
#1230= IFCMECHANICALFASTENER('10MDVwWjCmHWr9guYbkdm7',$,'ANCHOR ROD',$,$,#1229,#1224,$,19.05,368.3);
#1231= IFCAXIS2PLACEMENT3D(#1,$,$);
#1232= IFCEXTRUDEDAREASOLID(#23,#1231,#2,8521.7);
#1233= IFCSHAPEREPRESENTATION(#6,'Body','SweptSolid',(#1232));
#1234= IFCPRODUCTDEFINITIONSHAPE($,$,(#1233));
#1235= IFCCARTESIANPOINT((36576.0,7620.0,0.0));
#1236= IFCDIRECTION((0.0,0.0,1.0));
#1237= IFCDIRECTION((0.0,-1.0,0.0));
#1238= IFCAXIS2PLACEMENT3D(#1235,#1236,#1237);
#1239= IFCLOCALPLACEMENT(#16,#1238);
#1240= IFCCOLUMN('$$k27FmvdJw4fzH0YIO5oM',$,'COLUMN','W10X49','W10X49',#1239,#1234,'C14');
#1241= IFCQUANTITYWEIGHT('NetWeight',$,$,621.401);
#1242= IFCQUANTITYLENGTH('Length',$,$,8521.7);
#1243= IFCELEMENTQUANTITY('ZUb3rqAm$kZfK$6iHP7KdL',$,'BaseQuantities',$,$,(#1241,#1242));
#1244= IFCRELDEFINESBYPROPERTIES('d6cnkNYdyPfupDXkoenyYE',$,$,$,(#1240),#1243);
#1245= IFCCARTESIANPOINT((177.8,177.8));
#1246= IFCAXIS2PLACEMENT2D(#1245,$);
#1247= IFCRECTANGLEPROFILEDEF(.AREA.,'PL1X14',#1246,355.6,355.6);
#1248= IFCAXIS2PLACEMENT3D(#1,$,$);
#1249= IFCEXTRUDEDAREASOLID(#1247,#1248,#2,25.4);
#1250= IFCSHAPEREPRESENTATION(#6,'Body','SweptSolid',(#1249));
#1251= IFCPRODUCTDEFINITIONSHAPE($,$,(#1250));
#1252= IFCCARTESIANPOINT((36398.2,7442.2,-25.4));
#1253= IFCDIRECTION((0.0,0.0,1.0));
#1254= IFCDIRECTION((1.0,0.0,0.0));
#1255= IFCAXIS2PLACEMENT3D(#1252,#1253,#1254);
#1256= IFCLOCALPLACEMENT(#16,#1255);
#1257= IFCPLATE('QvqKe5JZyq9ZokoaFXv15d',$,'BASE PLATE','PL1X14','PL1X14',#1256,#1251,'BP14');
#1258= IFCQUANTITYWEIGHT('NetWeight',$,$,25.2131);
#1259= IFCELEMENTQUANTITY('jkXV8CqEdLMFpohpo$hiNI',$,'BaseQuantities',$,$,(#1258));
#1260= IFCRELDEFINESBYPROPERTIES('qaHRh8q80UtpRZGJSUFa4m',$,$,$,(#1257),#1259);
#1261= IFCELEMENTASSEMBLY('aGnZ8YRSdCkAk29FfR0wHv',$,'COLUMN',$,$,#16,$,'C14',.FACTORY.,.NOTDEFINED.);
#1262= IFCRELAGGREGATES('Z7v45xEzSbhgTRQa3SM3Ys',$,$,$,#1261,(#1240,#1257));
#1263= IFCCIRCLEPROFILEDEF(.AREA.,'D0.75',#22,9.525);
#1264= IFCAXIS2PLACEMENT3D(#1,$,$);
#1265= IFCEXTRUDEDAREASOLID(#1263,#1264,#2,368.3);
#1266= IFCCIRCLEPROFILEDEF(.AREA.,'NUT',#22,16.1925);
#1267= IFCCARTESIANPOINT((0.0,0.0,345.44));
#1268= IFCAXIS2PLACEMENT3D(#1267,$,$);
#1269= IFCEXTRUDEDAREASOLID(#1266,#1268,#2,16.1925);
#1270= IFCSHAPEREPRESENTATION(#6,'Body','SweptSolid',(#1265,#1269));
#1271= IFCPRODUCTDEFINITIONSHAPE($,$,(#1270));
#1272= IFCCARTESIANPOINT((36449.0,7493.0,-304.8));
#1273= IFCDIRECTION((0.0,0.0,1.0));
#1274= IFCDIRECTION((1.0,0.0,0.0));
#1275= IFCAXIS2PLACEMENT3D(#1272,#1273,#1274);
#1276= IFCLOCALPLACEMENT(#16,#1275);
#1277= IFCMECHANICALFASTENER('l8ZBEpnqS7lgW9zHtwwOhO',$,'ANCHOR ROD',$,$,#1276,#1271,$,19.05,368.3);
#1278= IFCCIRCLEPROFILEDEF(.AREA.,'D0.75',#22,9.525);
#1279= IFCAXIS2PLACEMENT3D(#1,$,$);
#1280= IFCEXTRUDEDAREASOLID(#1278,#1279,#2,368.3);
#1281= IFCCIRCLEPROFILEDEF(.AREA.,'NUT',#22,16.1925);
#1282= IFCCARTESIANPOINT((0.0,0.0,345.44));
#1283= IFCAXIS2PLACEMENT3D(#1282,$,$);
#1284= IFCEXTRUDEDAREASOLID(#1281,#1283,#2,16.1925);
#1285= IFCSHAPEREPRESENTATION(#6,'Body','SweptSolid',(#1280,#1284));
#1286= IFCPRODUCTDEFINITIONSHAPE($,$,(#1285));
#1287= IFCCARTESIANPOINT((36449.0,7747.0,-304.8));
#1288= IFCDIRECTION((0.0,0.0,1.0));
#1289= IFCDIRECTION((1.0,0.0,0.0));
#1290= IFCAXIS2PLACEMENT3D(#1287,#1288,#1289);
#1291= IFCLOCALPLACEMENT(#16,#1290);
#1292= IFCMECHANICALFASTENER('EpLaO92uPPXPb228jQr1Xj',$,'ANCHOR ROD',$,$,#1291,#1286,$,19.05,368.3);
#1293= IFCCIRCLEPROFILEDEF(.AREA.,'D0.75',#22,9.525);
#1294= IFCAXIS2PLACEMENT3D(#1,$,$);
#1295= IFCEXTRUDEDAREASOLID(#1293,#1294,#2,368.3);
#1296= IFCCIRCLEPROFILEDEF(.AREA.,'NUT',#22,16.1925);
#1297= IFCCARTESIANPOINT((0.0,0.0,345.44));
#1298= IFCAXIS2PLACEMENT3D(#1297,$,$);
#1299= IFCEXTRUDEDAREASOLID(#1296,#1298,#2,16.1925);
#1300= IFCSHAPEREPRESENTATION(#6,'Body','SweptSolid',(#1295,#1299));
#1301= IFCPRODUCTDEFINITIONSHAPE($,$,(#1300));
#1302= IFCCARTESIANPOINT((36703.0,7493.0,-304.8));
#1303= IFCDIRECTION((0.0,0.0,1.0));
#1304= IFCDIRECTION((1.0,0.0,0.0));
#1305= IFCAXIS2PLACEMENT3D(#1302,#1303,#1304);
#1306= IFCLOCALPLACEMENT(#16,#1305);
#1307= IFCMECHANICALFASTENER('KejdD5Mjr3wDhDJky_Ahey',$,'ANCHOR ROD',$,$,#1306,#1301,$,19.05,368.3);
#1308= IFCCIRCLEPROFILEDEF(.AREA.,'D0.75',#22,9.525);
#1309= IFCAXIS2PLACEMENT3D(#1,$,$);
#1310= IFCEXTRUDEDAREASOLID(#1308,#1309,#2,368.3);
#1311= IFCCIRCLEPROFILEDEF(.AREA.,'NUT',#22,16.1925);
#1312= IFCCARTESIANPOINT((0.0,0.0,345.44));
#1313= IFCAXIS2PLACEMENT3D(#1312,$,$);
#1314= IFCEXTRUDEDAREASOLID(#1311,#1313,#2,16.1925);
#1315= IFCSHAPEREPRESENTATION(#6,'Body','SweptSolid',(#1310,#1314));
#1316= IFCPRODUCTDEFINITIONSHAPE($,$,(#1315));
#1317= IFCCARTESIANPOINT((36703.0,7747.0,-304.8));
#1318= IFCDIRECTION((0.0,0.0,1.0));
#1319= IFCDIRECTION((1.0,0.0,0.0));
#1320= IFCAXIS2PLACEMENT3D(#1317,#1318,#1319);
#1321= IFCLOCALPLACEMENT(#16,#1320);
#1322= IFCMECHANICALFASTENER('GDWnQjW2OZtnKtHH1ERm31',$,'ANCHOR ROD',$,$,#1321,#1316,$,19.05,368.3);
#1323= IFCAXIS2PLACEMENT3D(#1,$,$);
#1324= IFCEXTRUDEDAREASOLID(#23,#1323,#2,8521.7);
#1325= IFCSHAPEREPRESENTATION(#6,'Body','SweptSolid',(#1324));
#1326= IFCPRODUCTDEFINITIONSHAPE($,$,(#1325));
#1327= IFCCARTESIANPOINT((36576.0,15240.0,0.0));
#1328= IFCDIRECTION((0.0,0.0,1.0));
#1329= IFCDIRECTION((0.0,-1.0,0.0));
#1330= IFCAXIS2PLACEMENT3D(#1327,#1328,#1329);
#1331= IFCLOCALPLACEMENT(#16,#1330);
#1332= IFCCOLUMN('Bx5Q9fhx_Q0VQjmDCGPuwu',$,'COLUMN','W10X49','W10X49',#1331,#1326,'C15');
#1333= IFCQUANTITYWEIGHT('NetWeight',$,$,621.401);
#1334= IFCQUANTITYLENGTH('Length',$,$,8521.7);
#1335= IFCELEMENTQUANTITY('86yLpUyyIF$m8UT0oS4VCP',$,'BaseQuantities',$,$,(#1333,#1334));
#1336= IFCRELDEFINESBYPROPERTIES('04x6pUS5qX5Jx2zDCNIKfD',$,$,$,(#1332),#1335);
#1337= IFCCARTESIANPOINT((177.8,177.8));
#1338= IFCAXIS2PLACEMENT2D(#1337,$);
#1339= IFCRECTANGLEPROFILEDEF(.AREA.,'PL1X14',#1338,355.6,355.6);
#1340= IFCAXIS2PLACEMENT3D(#1,$,$);
#1341= IFCEXTRUDEDAREASOLID(#1339,#1340,#2,25.4);
#1342= IFCSHAPEREPRESENTATION(#6,'Body','SweptSolid',(#1341));
#1343= IFCPRODUCTDEFINITIONSHAPE($,$,(#1342));
#1344= IFCCARTESIANPOINT((36398.2,15062.2,-25.4));
#1345= IFCDIRECTION((0.0,0.0,1.0));
#1346= IFCDIRECTION((1.0,0.0,0.0));
#1347= IFCAXIS2PLACEMENT3D(#1344,#1345,#1346);
#1348= IFCLOCALPLACEMENT(#16,#1347);
#1349= IFCPLATE('m093A96bwo0Q3NwQFQsEBj',$,'BASE PLATE','PL1X14','PL1X14',#1348,#1343,'BP15');
#1350= IFCQUANTITYWEIGHT('NetWeight',$,$,25.2131);
#1351= IFCELEMENTQUANTITY('CBUCBlZcdbI$gO0A95ERnw',$,'BaseQuantities',$,$,(#1350));
#1352= IFCRELDEFINESBYPROPERTIES('qQA273Ht7NbuWHWci3fmCK',$,$,$,(#1349),#1351);
#1353= IFCELEMENTASSEMBLY('uKyfZV1q2hTjg0UhAKD4es',$,'COLUMN',$,$,#16,$,'C15',.FACTORY.,.NOTDEFINED.);
#1354= IFCRELAGGREGATES('hk8FwKR6VqBRRa1XtFMuLa',$,$,$,#1353,(#1332,#1349));
#1355= IFCCIRCLEPROFILEDEF(.AREA.,'D0.75',#22,9.525);
#1356= IFCAXIS2PLACEMENT3D(#1,$,$);
#1357= IFCEXTRUDEDAREASOLID(#1355,#1356,#2,368.3);
#1358= IFCCIRCLEPROFILEDEF(.AREA.,'NUT',#22,16.1925);
#1359= IFCCARTESIANPOINT((0.0,0.0,345.44));
#1360= IFCAXIS2PLACEMENT3D(#1359,$,$);
#1361= IFCEXTRUDEDAREASOLID(#1358,#1360,#2,16.1925);
#1362= IFCSHAPEREPRESENTATION(#6,'Body','SweptSolid',(#1357,#1361));
#1363= IFCPRODUCTDEFINITIONSHAPE($,$,(#1362));
#1364= IFCCARTESIANPOINT((36449.0,15113.0,-304.8));
#1365= IFCDIRECTION((0.0,0.0,1.0));
#1366= IFCDIRECTION((1.0,0.0,0.0));
#1367= IFCAXIS2PLACEMENT3D(#1364,#1365,#1366);
#1368= IFCLOCALPLACEMENT(#16,#1367);
#1369= IFCMECHANICALFASTENER('oVhW3BQXI88oc98819k9IE',$,'ANCHOR ROD',$,$,#1368,#1363,$,19.05,368.3);
#1370= IFCCIRCLEPROFILEDEF(.AREA.,'D0.75',#22,9.525);
#1371= IFCAXIS2PLACEMENT3D(#1,$,$);
#1372= IFCEXTRUDEDAREASOLID(#1370,#1371,#2,368.3);
#1373= IFCCIRCLEPROFILEDEF(.AREA.,'NUT',#22,16.1925);
#1374= IFCCARTESIANPOINT((0.0,0.0,345.44));
#1375= IFCAXIS2PLACEMENT3D(#1374,$,$);
#1376= IFCEXTRUDEDAREASOLID(#1373,#1375,#2,16.1925);
#1377= IFCSHAPEREPRESENTATION(#6,'Body','SweptSolid',(#1372,#1376));
#1378= IFCPRODUCTDEFINITIONSHAPE($,$,(#1377));
#1379= IFCCARTESIANPOINT((36449.0,15367.0,-304.8));
#1380= IFCDIRECTION((0.0,0.0,1.0));
#1381= IFCDIRECTION((1.0,0.0,0.0));
#1382= IFCAXIS2PLACEMENT3D(#1379,#1380,#1381);
#1383= IFCLOCALPLACEMENT(#16,#1382);
#1384= IFCMECHANICALFASTENER('$ZvMCWcoqMuCwhfQ3nSDQi',$,'ANCHOR ROD',$,$,#1383,#1378,$,19.05,368.3);
#1385= IFCCIRCLEPROFILEDEF(.AREA.,'D0.75',#22,9.525);
#1386= IFCAXIS2PLACEMENT3D(#1,$,$);
#1387= IFCEXTRUDEDAREASOLID(#1385,#1386,#2,368.3);
#1388= IFCCIRCLEPROFILEDEF(.AREA.,'NUT',#22,16.1925);
#1389= IFCCARTESIANPOINT((0.0,0.0,345.44));
#1390= IFCAXIS2PLACEMENT3D(#1389,$,$);
#1391= IFCEXTRUDEDAREASOLID(#1388,#1390,#2,16.1925);
#1392= IFCSHAPEREPRESENTATION(#6,'Body','SweptSolid',(#1387,#1391));
#1393= IFCPRODUCTDEFINITIONSHAPE($,$,(#1392));
#1394= IFCCARTESIANPOINT((36703.0,15113.0,-304.8));
#1395= IFCDIRECTION((0.0,0.0,1.0));
#1396= IFCDIRECTION((1.0,0.0,0.0));
#1397= IFCAXIS2PLACEMENT3D(#1394,#1395,#1396);
#1398= IFCLOCALPLACEMENT(#16,#1397);
#1399= IFCMECHANICALFASTENER('gZ1O9BKdXN5IzC7nWBS78b',$,'ANCHOR ROD',$,$,#1398,#1393,$,19.05,368.3);
#1400= IFCCIRCLEPROFILEDEF(.AREA.,'D0.75',#22,9.525);
#1401= IFCAXIS2PLACEMENT3D(#1,$,$);
#1402= IFCEXTRUDEDAREASOLID(#1400,#1401,#2,368.3);
#1403= IFCCIRCLEPROFILEDEF(.AREA.,'NUT',#22,16.1925);
#1404= IFCCARTESIANPOINT((0.0,0.0,345.44));
#1405= IFCAXIS2PLACEMENT3D(#1404,$,$);
#1406= IFCEXTRUDEDAREASOLID(#1403,#1405,#2,16.1925);
#1407= IFCSHAPEREPRESENTATION(#6,'Body','SweptSolid',(#1402,#1406));
#1408= IFCPRODUCTDEFINITIONSHAPE($,$,(#1407));
#1409= IFCCARTESIANPOINT((36703.0,15367.0,-304.8));
#1410= IFCDIRECTION((0.0,0.0,1.0));
#1411= IFCDIRECTION((1.0,0.0,0.0));
#1412= IFCAXIS2PLACEMENT3D(#1409,#1410,#1411);
#1413= IFCLOCALPLACEMENT(#16,#1412);
#1414= IFCMECHANICALFASTENER('1YGjkMHlWlkLEVLam3SOSn',$,'ANCHOR ROD',$,$,#1413,#1408,$,19.05,368.3);
#1415= IFCAXIS2PLACEMENT3D(#1,$,$);
#1416= IFCEXTRUDEDAREASOLID(#24,#1415,#2,8865.108);
#1417= IFCCIRCLEPROFILEDEF(.AREA.,'D13/16',#22,10.3);
#1418= IFCCARTESIANPOINT((-60.0,-76.2,38.1));
#1419= IFCDIRECTION((1.0,0.0,0.0));
#1420= IFCDIRECTION((0.0,0.0,1.0));
#1421= IFCAXIS2PLACEMENT3D(#1418,#1419,#1420);
#1422= IFCEXTRUDEDAREASOLID(#1417,#1421,#2,120.);
#1423= IFCBOOLEANRESULT(.DIFFERENCE.,#1416,#1422);
#1424= IFCCIRCLEPROFILEDEF(.AREA.,'D13/16',#22,10.3);
#1425= IFCCARTESIANPOINT((-60.0,0.0,38.1));
#1426= IFCDIRECTION((1.0,0.0,0.0));
#1427= IFCDIRECTION((0.0,0.0,1.0));
#1428= IFCAXIS2PLACEMENT3D(#1425,#1426,#1427);
#1429= IFCEXTRUDEDAREASOLID(#1424,#1428,#2,120.);
#1430= IFCBOOLEANRESULT(.DIFFERENCE.,#1423,#1429);
#1431= IFCCIRCLEPROFILEDEF(.AREA.,'D13/16',#22,10.3);
#1432= IFCCARTESIANPOINT((-60.0,76.2,38.1));
#1433= IFCDIRECTION((1.0,0.0,0.0));
#1434= IFCDIRECTION((0.0,0.0,1.0));
#1435= IFCAXIS2PLACEMENT3D(#1432,#1433,#1434);
#1436= IFCEXTRUDEDAREASOLID(#1431,#1435,#2,120.);
#1437= IFCBOOLEANRESULT(.DIFFERENCE.,#1430,#1436);
#1438= IFCCIRCLEPROFILEDEF(.AREA.,'D13/16',#22,10.3);
#1439= IFCCARTESIANPOINT((-60.0,-76.2,8827.008));
#1440= IFCDIRECTION((1.0,0.0,0.0));
#1441= IFCDIRECTION((0.0,0.0,1.0));
#1442= IFCAXIS2PLACEMENT3D(#1439,#1440,#1441);
#1443= IFCEXTRUDEDAREASOLID(#1438,#1442,#2,120.);
#1444= IFCBOOLEANRESULT(.DIFFERENCE.,#1437,#1443);
#1445= IFCCIRCLEPROFILEDEF(.AREA.,'D13/16',#22,10.3);
#1446= IFCCARTESIANPOINT((-60.0,0.0,8827.008));
#1447= IFCDIRECTION((1.0,0.0,0.0));
#1448= IFCDIRECTION((0.0,0.0,1.0));
#1449= IFCAXIS2PLACEMENT3D(#1446,#1447,#1448);
#1450= IFCEXTRUDEDAREASOLID(#1445,#1449,#2,120.);
#1451= IFCBOOLEANRESULT(.DIFFERENCE.,#1444,#1450);
#1452= IFCCIRCLEPROFILEDEF(.AREA.,'D13/16',#22,10.3);
#1453= IFCCARTESIANPOINT((-60.0,76.2,8827.008));
#1454= IFCDIRECTION((1.0,0.0,0.0));
#1455= IFCDIRECTION((0.0,0.0,1.0));
#1456= IFCAXIS2PLACEMENT3D(#1453,#1454,#1455);
#1457= IFCEXTRUDEDAREASOLID(#1452,#1456,#2,120.);
#1458= IFCBOOLEANRESULT(.DIFFERENCE.,#1451,#1457);
#1459= IFCSHAPEREPRESENTATION(#6,'Body','CSG',(#1458));
#1460= IFCPRODUCTDEFINITIONSHAPE($,$,(#1459));
#1461= IFCCARTESIANPOINT((139.446,0.0,4067.81));
#1462= IFCDIRECTION((1.0,0.0,0.0));
#1463= IFCDIRECTION((0.0,1.0,0.0));
#1464= IFCAXIS2PLACEMENT3D(#1461,#1462,#1463);
#1465= IFCLOCALPLACEMENT(#16,#1464);
#1466= IFCBEAM('kUyX06CmlUa3yu_EEw_BpF',$,'BEAM','W16X26','W16X26',#1465,#1460,'B1');
#1467= IFCQUANTITYWEIGHT('NetWeight',$,$,343.0102);
#1468= IFCQUANTITYLENGTH('Length',$,$,8865.108);
#1469= IFCELEMENTQUANTITY('_zMTsu7FO8YkuyUh79SzRm',$,'BaseQuantities',$,$,(#1467,#1468));
#1470= IFCRELDEFINESBYPROPERTIES('E7t7ULeRCAzXxwG9veCQZk',$,$,$,(#1466),#1469);
#1471= IFCCARTESIANPOINT((50.8,114.3));
#1472= IFCAXIS2PLACEMENT2D(#1471,$);
#1473= IFCRECTANGLEPROFILEDEF(.AREA.,'PL3/8X4',#1472,101.6,228.6);
#1474= IFCAXIS2PLACEMENT3D(#1,$,$);
#1475= IFCEXTRUDEDAREASOLID(#1473,#1474,#2,9.525);
#1476= IFCCARTESIANPOINT((50.8,38.1));
#1477= IFCAXIS2PLACEMENT2D(#1476,$);
#1478= IFCCIRCLEPROFILEDEF(.AREA.,'D13/16',#1477,10.3);
#1479= IFCCARTESIANPOINT((0.0,0.0,-5.0));
#1480= IFCAXIS2PLACEMENT3D(#1479,$,$);
#1481= IFCEXTRUDEDAREASOLID(#1478,#1480,#2,19.525);
#1482= IFCBOOLEANRESULT(.DIFFERENCE.,#1475,#1481);
#1483= IFCCARTESIANPOINT((50.8,114.3));
#1484= IFCAXIS2PLACEMENT2D(#1483,$);
#1485= IFCCIRCLEPROFILEDEF(.AREA.,'D13/16',#1484,10.3);
#1486= IFCCARTESIANPOINT((0.0,0.0,-5.0));
#1487= IFCAXIS2PLACEMENT3D(#1486,$,$);
#1488= IFCEXTRUDEDAREASOLID(#1485,#1487,#2,19.525);
#1489= IFCBOOLEANRESULT(.DIFFERENCE.,#1482,#1488);
#1490= IFCCARTESIANPOINT((50.8,190.5));
#1491= IFCAXIS2PLACEMENT2D(#1490,$);
#1492= IFCCIRCLEPROFILEDEF(.AREA.,'D13/16',#1491,10.3);
#1493= IFCCARTESIANPOINT((0.0,0.0,-5.0));
#1494= IFCAXIS2PLACEMENT3D(#1493,$,$);
#1495= IFCEXTRUDEDAREASOLID(#1492,#1494,#2,19.525);
#1496= IFCBOOLEANRESULT(.DIFFERENCE.,#1489,#1495);
#1497= IFCSHAPEREPRESENTATION(#6,'Body','CSG',(#1496));
#1498= IFCPRODUCTDEFINITIONSHAPE($,$,(#1497));
#1499= IFCCARTESIANPOINT((126.746,12.7,3953.51));
#1500= IFCDIRECTION((0.0,-1.0,0.0));
#1501= IFCDIRECTION((1.0,0.0,0.0));
#1502= IFCAXIS2PLACEMENT3D(#1499,#1500,#1501);
#1503= IFCLOCALPLACEMENT(#16,#1502);
#1504= IFCPLATE('8FyzWN13y4T$HkInf5lNT2',$,'SHEAR PLATE','PL3/8X4','PL3/8X4',#1503,#1498,'p1');
#1505= IFCQUANTITYWEIGHT('NetWeight',$,$,1.6619);
#1506= IFCELEMENTQUANTITY('wAvR4auHOceP8p3L1kzT8z',$,'BaseQuantities',$,$,(#1505));
#1507= IFCRELDEFINESBYPROPERTIES('l_RROyPdwYSf4qMhq2lKU0',$,$,$,(#1504),#1506);
#1508= IFCCIRCLEPROFILEDEF(.AREA.,'D0.75',#22,9.525);
#1509= IFCAXIS2PLACEMENT3D(#1,$,$);
#1510= IFCEXTRUDEDAREASOLID(#1508,#1509,#2,50.8);
#1511= IFCCIRCLEPROFILEDEF(.AREA.,'NUT',#22,16.1925);
#1512= IFCCARTESIANPOINT((0.0,0.0,-12.3825));
#1513= IFCAXIS2PLACEMENT3D(#1512,$,$);
#1514= IFCEXTRUDEDAREASOLID(#1511,#1513,#2,12.3825);
#1515= IFCCARTESIANPOINT((0.0,0.0,27.94));
#1516= IFCAXIS2PLACEMENT3D(#1515,$,$);
#1517= IFCEXTRUDEDAREASOLID(#1511,#1516,#2,16.1925);
#1518= IFCSHAPEREPRESENTATION(#6,'Body','SweptSolid',(#1510,#1514,#1517));
#1519= IFCPRODUCTDEFINITIONSHAPE($,$,(#1518));
#1520= IFCCARTESIANPOINT((177.546,-27.94,3991.61));
#1521= IFCDIRECTION((0.0,1.0,0.0));
#1522= IFCDIRECTION((-1.0,0.0,0.0));
#1523= IFCAXIS2PLACEMENT3D(#1520,#1521,#1522);
#1524= IFCLOCALPLACEMENT(#16,#1523);
#1525= IFCMECHANICALFASTENER('JXwynHXUFZrJHHf7LTsLAv',$,'BOLT A325N',$,$,#1524,#1519,$,19.05,50.8);
#1526= IFCCIRCLEPROFILEDEF(.AREA.,'D0.75',#22,9.525);
#1527= IFCAXIS2PLACEMENT3D(#1,$,$);
#1528= IFCEXTRUDEDAREASOLID(#1526,#1527,#2,50.8);
#1529= IFCCIRCLEPROFILEDEF(.AREA.,'NUT',#22,16.1925);
#1530= IFCCARTESIANPOINT((0.0,0.0,-12.3825));
#1531= IFCAXIS2PLACEMENT3D(#1530,$,$);
#1532= IFCEXTRUDEDAREASOLID(#1529,#1531,#2,12.3825);
#1533= IFCCARTESIANPOINT((0.0,0.0,27.94));
#1534= IFCAXIS2PLACEMENT3D(#1533,$,$);
#1535= IFCEXTRUDEDAREASOLID(#1529,#1534,#2,16.1925);
#1536= IFCSHAPEREPRESENTATION(#6,'Body','SweptSolid',(#1528,#1532,#1535));
#1537= IFCPRODUCTDEFINITIONSHAPE($,$,(#1536));
#1538= IFCCARTESIANPOINT((177.546,-27.94,4067.81));
#1539= IFCDIRECTION((0.0,1.0,0.0));
#1540= IFCDIRECTION((-1.0,0.0,0.0));
#1541= IFCAXIS2PLACEMENT3D(#1538,#1539,#1540);
#1542= IFCLOCALPLACEMENT(#16,#1541);
#1543= IFCMECHANICALFASTENER('qWSJYqC6tD2b9aMHr9mcEv',$,'BOLT A325N',$,$,#1542,#1537,$,19.05,50.8);
#1544= IFCCIRCLEPROFILEDEF(.AREA.,'D0.75',#22,9.525);
#1545= IFCAXIS2PLACEMENT3D(#1,$,$);
#1546= IFCEXTRUDEDAREASOLID(#1544,#1545,#2,50.8);
#1547= IFCCIRCLEPROFILEDEF(.AREA.,'NUT',#22,16.1925);
#1548= IFCCARTESIANPOINT((0.0,0.0,-12.3825));
#1549= IFCAXIS2PLACEMENT3D(#1548,$,$);
#1550= IFCEXTRUDEDAREASOLID(#1547,#1549,#2,12.3825);
#1551= IFCCARTESIANPOINT((0.0,0.0,27.94));
#1552= IFCAXIS2PLACEMENT3D(#1551,$,$);
#1553= IFCEXTRUDEDAREASOLID(#1547,#1552,#2,16.1925);
#1554= IFCSHAPEREPRESENTATION(#6,'Body','SweptSolid',(#1546,#1550,#1553));
#1555= IFCPRODUCTDEFINITIONSHAPE($,$,(#1554));
#1556= IFCCARTESIANPOINT((177.546,-27.94,4144.01));
#1557= IFCDIRECTION((0.0,1.0,0.0));
#1558= IFCDIRECTION((-1.0,0.0,0.0));
#1559= IFCAXIS2PLACEMENT3D(#1556,#1557,#1558);
#1560= IFCLOCALPLACEMENT(#16,#1559);
#1561= IFCMECHANICALFASTENER('V$lOt9WmNWUqkW97yRf1uy',$,'BOLT A325N',$,$,#1560,#1555,$,19.05,50.8);
#1562= IFCCARTESIANPOINT((50.8,114.3));
#1563= IFCAXIS2PLACEMENT2D(#1562,$);
#1564= IFCRECTANGLEPROFILEDEF(.AREA.,'PL3/8X4',#1563,101.6,228.6);
#1565= IFCAXIS2PLACEMENT3D(#1,$,$);
#1566= IFCEXTRUDEDAREASOLID(#1564,#1565,#2,9.525);
#1567= IFCCARTESIANPOINT((50.8,38.1));
#1568= IFCAXIS2PLACEMENT2D(#1567,$);
#1569= IFCCIRCLEPROFILEDEF(.AREA.,'D13/16',#1568,10.3);
#1570= IFCCARTESIANPOINT((0.0,0.0,-5.0));
#1571= IFCAXIS2PLACEMENT3D(#1570,$,$);
#1572= IFCEXTRUDEDAREASOLID(#1569,#1571,#2,19.525);
#1573= IFCBOOLEANRESULT(.DIFFERENCE.,#1566,#1572);
#1574= IFCCARTESIANPOINT((50.8,114.3));
#1575= IFCAXIS2PLACEMENT2D(#1574,$);
#1576= IFCCIRCLEPROFILEDEF(.AREA.,'D13/16',#1575,10.3);
#1577= IFCCARTESIANPOINT((0.0,0.0,-5.0));
#1578= IFCAXIS2PLACEMENT3D(#1577,$,$);
#1579= IFCEXTRUDEDAREASOLID(#1576,#1578,#2,19.525);
#1580= IFCBOOLEANRESULT(.DIFFERENCE.,#1573,#1579);
#1581= IFCCARTESIANPOINT((50.8,190.5));
#1582= IFCAXIS2PLACEMENT2D(#1581,$);
#1583= IFCCIRCLEPROFILEDEF(.AREA.,'D13/16',#1582,10.3);
#1584= IFCCARTESIANPOINT((0.0,0.0,-5.0));
#1585= IFCAXIS2PLACEMENT3D(#1584,$,$);
#1586= IFCEXTRUDEDAREASOLID(#1583,#1585,#2,19.525);
#1587= IFCBOOLEANRESULT(.DIFFERENCE.,#1580,#1586);
#1588= IFCSHAPEREPRESENTATION(#6,'Body','CSG',(#1587));
#1589= IFCPRODUCTDEFINITIONSHAPE($,$,(#1588));
#1590= IFCCARTESIANPOINT((8915.654,12.7,3953.51));
#1591= IFCDIRECTION((0.0,-1.0,0.0));
#1592= IFCDIRECTION((1.0,0.0,0.0));
#1593= IFCAXIS2PLACEMENT3D(#1590,#1591,#1592);
#1594= IFCLOCALPLACEMENT(#16,#1593);
#1595= IFCPLATE('hNxfTtBQqpHTlkm$kGSRYE',$,'SHEAR PLATE','PL3/8X4','PL3/8X4',#1594,#1589,'p2');
#1596= IFCQUANTITYWEIGHT('NetWeight',$,$,1.6619);
#1597= IFCELEMENTQUANTITY('4Hpr9ywgjiteMz2KolEbQV',$,'BaseQuantities',$,$,(#1596));
#1598= IFCRELDEFINESBYPROPERTIES('PlcWK8w5P1qY380MAV0MTM',$,$,$,(#1595),#1597);
#1599= IFCCIRCLEPROFILEDEF(.AREA.,'D0.75',#22,9.525);
#1600= IFCAXIS2PLACEMENT3D(#1,$,$);
#1601= IFCEXTRUDEDAREASOLID(#1599,#1600,#2,50.8);
#1602= IFCCIRCLEPROFILEDEF(.AREA.,'NUT',#22,16.1925);
#1603= IFCCARTESIANPOINT((0.0,0.0,-12.3825));
#1604= IFCAXIS2PLACEMENT3D(#1603,$,$);
#1605= IFCEXTRUDEDAREASOLID(#1602,#1604,#2,12.3825);
#1606= IFCCARTESIANPOINT((0.0,0.0,27.94));
#1607= IFCAXIS2PLACEMENT3D(#1606,$,$);
#1608= IFCEXTRUDEDAREASOLID(#1602,#1607,#2,16.1925);
#1609= IFCSHAPEREPRESENTATION(#6,'Body','SweptSolid',(#1601,#1605,#1608));
#1610= IFCPRODUCTDEFINITIONSHAPE($,$,(#1609));
#1611= IFCCARTESIANPOINT((8966.454,-27.94,3991.61));
#1612= IFCDIRECTION((0.0,1.0,0.0));
#1613= IFCDIRECTION((-1.0,0.0,0.0));
#1614= IFCAXIS2PLACEMENT3D(#1611,#1612,#1613);
#1615= IFCLOCALPLACEMENT(#16,#1614);
#1616= IFCMECHANICALFASTENER('XU23EABPJyg9iebrzXg7AX',$,'BOLT A325N',$,$,#1615,#1610,$,19.05,50.8);
#1617= IFCCIRCLEPROFILEDEF(.AREA.,'D0.75',#22,9.525);
#1618= IFCAXIS2PLACEMENT3D(#1,$,$);
#1619= IFCEXTRUDEDAREASOLID(#1617,#1618,#2,50.8);
#1620= IFCCIRCLEPROFILEDEF(.AREA.,'NUT',#22,16.1925);
#1621= IFCCARTESIANPOINT((0.0,0.0,-12.3825));
#1622= IFCAXIS2PLACEMENT3D(#1621,$,$);
#1623= IFCEXTRUDEDAREASOLID(#1620,#1622,#2,12.3825);
#1624= IFCCARTESIANPOINT((0.0,0.0,27.94));
#1625= IFCAXIS2PLACEMENT3D(#1624,$,$);
#1626= IFCEXTRUDEDAREASOLID(#1620,#1625,#2,16.1925);
#1627= IFCSHAPEREPRESENTATION(#6,'Body','SweptSolid',(#1619,#1623,#1626));
#1628= IFCPRODUCTDEFINITIONSHAPE($,$,(#1627));
#1629= IFCCARTESIANPOINT((8966.454,-27.94,4067.81));
#1630= IFCDIRECTION((0.0,1.0,0.0));
#1631= IFCDIRECTION((-1.0,0.0,0.0));
#1632= IFCAXIS2PLACEMENT3D(#1629,#1630,#1631);
#1633= IFCLOCALPLACEMENT(#16,#1632);
#1634= IFCMECHANICALFASTENER('KXB86XGgh_IO6Jsnb2Td9y',$,'BOLT A325N',$,$,#1633,#1628,$,19.05,50.8);
#1635= IFCCIRCLEPROFILEDEF(.AREA.,'D0.75',#22,9.525);
#1636= IFCAXIS2PLACEMENT3D(#1,$,$);
#1637= IFCEXTRUDEDAREASOLID(#1635,#1636,#2,50.8);
#1638= IFCCIRCLEPROFILEDEF(.AREA.,'NUT',#22,16.1925);
#1639= IFCCARTESIANPOINT((0.0,0.0,-12.3825));
#1640= IFCAXIS2PLACEMENT3D(#1639,$,$);
#1641= IFCEXTRUDEDAREASOLID(#1638,#1640,#2,12.3825);
#1642= IFCCARTESIANPOINT((0.0,0.0,27.94));
#1643= IFCAXIS2PLACEMENT3D(#1642,$,$);
#1644= IFCEXTRUDEDAREASOLID(#1638,#1643,#2,16.1925);
#1645= IFCSHAPEREPRESENTATION(#6,'Body','SweptSolid',(#1637,#1641,#1644));
#1646= IFCPRODUCTDEFINITIONSHAPE($,$,(#1645));
#1647= IFCCARTESIANPOINT((8966.454,-27.94,4144.01));
#1648= IFCDIRECTION((0.0,1.0,0.0));
#1649= IFCDIRECTION((-1.0,0.0,0.0));
#1650= IFCAXIS2PLACEMENT3D(#1647,#1648,#1649);
#1651= IFCLOCALPLACEMENT(#16,#1650);
#1652= IFCMECHANICALFASTENER('C8JOvxTBytH1ORDwUXsg73',$,'BOLT A325N',$,$,#1651,#1646,$,19.05,50.8);
#1653= IFCELEMENTASSEMBLY('T3SbRwONQdXGK7Sxhdoed7',$,'BEAM',$,$,#16,$,'B1',.FACTORY.,.NOTDEFINED.);
#1654= IFCRELAGGREGATES('eBb6fUJMVx3PfFkyd9D8nt',$,$,$,#1653,(#1466,#1504,#1595));
#1655= IFCAXIS2PLACEMENT3D(#1,$,$);
#1656= IFCEXTRUDEDAREASOLID(#24,#1655,#2,8865.108);
#1657= IFCCIRCLEPROFILEDEF(.AREA.,'D13/16',#22,10.3);
#1658= IFCCARTESIANPOINT((-60.0,-76.2,38.1));
#1659= IFCDIRECTION((1.0,0.0,0.0));
#1660= IFCDIRECTION((0.0,0.0,1.0));
#1661= IFCAXIS2PLACEMENT3D(#1658,#1659,#1660);
#1662= IFCEXTRUDEDAREASOLID(#1657,#1661,#2,120.);
#1663= IFCBOOLEANRESULT(.DIFFERENCE.,#1656,#1662);
#1664= IFCCIRCLEPROFILEDEF(.AREA.,'D13/16',#22,10.3);
#1665= IFCCARTESIANPOINT((-60.0,0.0,38.1));
#1666= IFCDIRECTION((1.0,0.0,0.0));
#1667= IFCDIRECTION((0.0,0.0,1.0));
#1668= IFCAXIS2PLACEMENT3D(#1665,#1666,#1667);
#1669= IFCEXTRUDEDAREASOLID(#1664,#1668,#2,120.);
#1670= IFCBOOLEANRESULT(.DIFFERENCE.,#1663,#1669);
#1671= IFCCIRCLEPROFILEDEF(.AREA.,'D13/16',#22,10.3);
#1672= IFCCARTESIANPOINT((-60.0,76.2,38.1));
#1673= IFCDIRECTION((1.0,0.0,0.0));
#1674= IFCDIRECTION((0.0,0.0,1.0));
#1675= IFCAXIS2PLACEMENT3D(#1672,#1673,#1674);
#1676= IFCEXTRUDEDAREASOLID(#1671,#1675,#2,120.);
#1677= IFCBOOLEANRESULT(.DIFFERENCE.,#1670,#1676);
#1678= IFCCIRCLEPROFILEDEF(.AREA.,'D13/16',#22,10.3);
#1679= IFCCARTESIANPOINT((-60.0,-76.2,8827.008));
#1680= IFCDIRECTION((1.0,0.0,0.0));
#1681= IFCDIRECTION((0.0,0.0,1.0));
#1682= IFCAXIS2PLACEMENT3D(#1679,#1680,#1681);
#1683= IFCEXTRUDEDAREASOLID(#1678,#1682,#2,120.);
#1684= IFCBOOLEANRESULT(.DIFFERENCE.,#1677,#1683);
#1685= IFCCIRCLEPROFILEDEF(.AREA.,'D13/16',#22,10.3);
#1686= IFCCARTESIANPOINT((-60.0,0.0,8827.008));
#1687= IFCDIRECTION((1.0,0.0,0.0));
#1688= IFCDIRECTION((0.0,0.0,1.0));
#1689= IFCAXIS2PLACEMENT3D(#1686,#1687,#1688);
#1690= IFCEXTRUDEDAREASOLID(#1685,#1689,#2,120.);
#1691= IFCBOOLEANRESULT(.DIFFERENCE.,#1684,#1690);
#1692= IFCCIRCLEPROFILEDEF(.AREA.,'D13/16',#22,10.3);
#1693= IFCCARTESIANPOINT((-60.0,76.2,8827.008));
#1694= IFCDIRECTION((1.0,0.0,0.0));
#1695= IFCDIRECTION((0.0,0.0,1.0));
#1696= IFCAXIS2PLACEMENT3D(#1693,#1694,#1695);
#1697= IFCEXTRUDEDAREASOLID(#1692,#1696,#2,120.);
#1698= IFCBOOLEANRESULT(.DIFFERENCE.,#1691,#1697);
#1699= IFCSHAPEREPRESENTATION(#6,'Body','CSG',(#1698));
#1700= IFCPRODUCTDEFINITIONSHAPE($,$,(#1699));
#1701= IFCCARTESIANPOINT((9283.446,0.0,4067.81));
#1702= IFCDIRECTION((1.0,0.0,0.0));
#1703= IFCDIRECTION((0.0,1.0,0.0));
#1704= IFCAXIS2PLACEMENT3D(#1701,#1702,#1703);
#1705= IFCLOCALPLACEMENT(#16,#1704);
#1706= IFCBEAM('z8WSvezrlve6DwBZH4G8x4',$,'BEAM','W16X26','W16X26',#1705,#1700,'B2');
#1707= IFCQUANTITYWEIGHT('NetWeight',$,$,343.0102);
#1708= IFCQUANTITYLENGTH('Length',$,$,8865.108);
#1709= IFCELEMENTQUANTITY('c8htAIoC64aHD9eKqLUMns',$,'BaseQuantities',$,$,(#1707,#1708));
#1710= IFCRELDEFINESBYPROPERTIES('hkFVwEBXnySNaxoPGO_DhV',$,$,$,(#1706),#1709);
#1711= IFCCARTESIANPOINT((50.8,114.3));
#1712= IFCAXIS2PLACEMENT2D(#1711,$);
#1713= IFCRECTANGLEPROFILEDEF(.AREA.,'PL3/8X4',#1712,101.6,228.6);
#1714= IFCAXIS2PLACEMENT3D(#1,$,$);
#1715= IFCEXTRUDEDAREASOLID(#1713,#1714,#2,9.525);
#1716= IFCCARTESIANPOINT((50.8,38.1));
#1717= IFCAXIS2PLACEMENT2D(#1716,$);
#1718= IFCCIRCLEPROFILEDEF(.AREA.,'D13/16',#1717,10.3);
#1719= IFCCARTESIANPOINT((0.0,0.0,-5.0));
#1720= IFCAXIS2PLACEMENT3D(#1719,$,$);
#1721= IFCEXTRUDEDAREASOLID(#1718,#1720,#2,19.525);
#1722= IFCBOOLEANRESULT(.DIFFERENCE.,#1715,#1721);
#1723= IFCCARTESIANPOINT((50.8,114.3));
#1724= IFCAXIS2PLACEMENT2D(#1723,$);
#1725= IFCCIRCLEPROFILEDEF(.AREA.,'D13/16',#1724,10.3);
#1726= IFCCARTESIANPOINT((0.0,0.0,-5.0));
#1727= IFCAXIS2PLACEMENT3D(#1726,$,$);
#1728= IFCEXTRUDEDAREASOLID(#1725,#1727,#2,19.525);
#1729= IFCBOOLEANRESULT(.DIFFERENCE.,#1722,#1728);
#1730= IFCCARTESIANPOINT((50.8,190.5));
#1731= IFCAXIS2PLACEMENT2D(#1730,$);
#1732= IFCCIRCLEPROFILEDEF(.AREA.,'D13/16',#1731,10.3);
#1733= IFCCARTESIANPOINT((0.0,0.0,-5.0));
#1734= IFCAXIS2PLACEMENT3D(#1733,$,$);
#1735= IFCEXTRUDEDAREASOLID(#1732,#1734,#2,19.525);
#1736= IFCBOOLEANRESULT(.DIFFERENCE.,#1729,#1735);
#1737= IFCSHAPEREPRESENTATION(#6,'Body','CSG',(#1736));
#1738= IFCPRODUCTDEFINITIONSHAPE($,$,(#1737));
#1739= IFCCARTESIANPOINT((9270.746,12.7,3953.51));
#1740= IFCDIRECTION((0.0,-1.0,0.0));
#1741= IFCDIRECTION((1.0,0.0,0.0));
#1742= IFCAXIS2PLACEMENT3D(#1739,#1740,#1741);
#1743= IFCLOCALPLACEMENT(#16,#1742);
#1744= IFCPLATE('3WyJfeMhOr70Ti1W54fTeY',$,'SHEAR PLATE','PL3/8X4','PL3/8X4',#1743,#1738,'p3');
#1745= IFCQUANTITYWEIGHT('NetWeight',$,$,1.6619);
#1746= IFCELEMENTQUANTITY('kcljomaET1qV6LJdWfmtdH',$,'BaseQuantities',$,$,(#1745));
#1747= IFCRELDEFINESBYPROPERTIES('Uh7iMeH6whyxRhkV8CFf33',$,$,$,(#1744),#1746);
#1748= IFCCIRCLEPROFILEDEF(.AREA.,'D0.75',#22,9.525);
#1749= IFCAXIS2PLACEMENT3D(#1,$,$);
#1750= IFCEXTRUDEDAREASOLID(#1748,#1749,#2,50.8);
#1751= IFCCIRCLEPROFILEDEF(.AREA.,'NUT',#22,16.1925);
#1752= IFCCARTESIANPOINT((0.0,0.0,-12.3825));
#1753= IFCAXIS2PLACEMENT3D(#1752,$,$);
#1754= IFCEXTRUDEDAREASOLID(#1751,#1753,#2,12.3825);
#1755= IFCCARTESIANPOINT((0.0,0.0,27.94));
#1756= IFCAXIS2PLACEMENT3D(#1755,$,$);
#1757= IFCEXTRUDEDAREASOLID(#1751,#1756,#2,16.1925);
#1758= IFCSHAPEREPRESENTATION(#6,'Body','SweptSolid',(#1750,#1754,#1757));
#1759= IFCPRODUCTDEFINITIONSHAPE($,$,(#1758));
#1760= IFCCARTESIANPOINT((9321.546,-27.94,3991.61));
#1761= IFCDIRECTION((0.0,1.0,0.0));
#1762= IFCDIRECTION((-1.0,0.0,0.0));
#1763= IFCAXIS2PLACEMENT3D(#1760,#1761,#1762);
#1764= IFCLOCALPLACEMENT(#16,#1763);
#1765= IFCMECHANICALFASTENER('Tl98$6PxpdzmdyeidjD8zv',$,'BOLT A325N',$,$,#1764,#1759,$,19.05,50.8);
#1766= IFCCIRCLEPROFILEDEF(.AREA.,'D0.75',#22,9.525);
#1767= IFCAXIS2PLACEMENT3D(#1,$,$);
#1768= IFCEXTRUDEDAREASOLID(#1766,#1767,#2,50.8);
#1769= IFCCIRCLEPROFILEDEF(.AREA.,'NUT',#22,16.1925);
#1770= IFCCARTESIANPOINT((0.0,0.0,-12.3825));
#1771= IFCAXIS2PLACEMENT3D(#1770,$,$);
#1772= IFCEXTRUDEDAREASOLID(#1769,#1771,#2,12.3825);
#1773= IFCCARTESIANPOINT((0.0,0.0,27.94));
#1774= IFCAXIS2PLACEMENT3D(#1773,$,$);
#1775= IFCEXTRUDEDAREASOLID(#1769,#1774,#2,16.1925);
#1776= IFCSHAPEREPRESENTATION(#6,'Body','SweptSolid',(#1768,#1772,#1775));
#1777= IFCPRODUCTDEFINITIONSHAPE($,$,(#1776));
#1778= IFCCARTESIANPOINT((9321.546,-27.94,4067.81));
#1779= IFCDIRECTION((0.0,1.0,0.0));
#1780= IFCDIRECTION((-1.0,0.0,0.0));
#1781= IFCAXIS2PLACEMENT3D(#1778,#1779,#1780);
#1782= IFCLOCALPLACEMENT(#16,#1781);
#1783= IFCMECHANICALFASTENER('r1TQQkkF4xt3GsBNbjCS7S',$,'BOLT A325N',$,$,#1782,#1777,$,19.05,50.8);
#1784= IFCCIRCLEPROFILEDEF(.AREA.,'D0.75',#22,9.525);
#1785= IFCAXIS2PLACEMENT3D(#1,$,$);
#1786= IFCEXTRUDEDAREASOLID(#1784,#1785,#2,50.8);
#1787= IFCCIRCLEPROFILEDEF(.AREA.,'NUT',#22,16.1925);
#1788= IFCCARTESIANPOINT((0.0,0.0,-12.3825));
#1789= IFCAXIS2PLACEMENT3D(#1788,$,$);
#1790= IFCEXTRUDEDAREASOLID(#1787,#1789,#2,12.3825);
#1791= IFCCARTESIANPOINT((0.0,0.0,27.94));
#1792= IFCAXIS2PLACEMENT3D(#1791,$,$);
#1793= IFCEXTRUDEDAREASOLID(#1787,#1792,#2,16.1925);
#1794= IFCSHAPEREPRESENTATION(#6,'Body','SweptSolid',(#1786,#1790,#1793));
#1795= IFCPRODUCTDEFINITIONSHAPE($,$,(#1794));
#1796= IFCCARTESIANPOINT((9321.546,-27.94,4144.01));
#1797= IFCDIRECTION((0.0,1.0,0.0));
#1798= IFCDIRECTION((-1.0,0.0,0.0));
#1799= IFCAXIS2PLACEMENT3D(#1796,#1797,#1798);
#1800= IFCLOCALPLACEMENT(#16,#1799);
#1801= IFCMECHANICALFASTENER('ktKm9rPfcgN_1ImLN2Ek67',$,'BOLT A325N',$,$,#1800,#1795,$,19.05,50.8);
#1802= IFCCARTESIANPOINT((50.8,114.3));
#1803= IFCAXIS2PLACEMENT2D(#1802,$);
#1804= IFCRECTANGLEPROFILEDEF(.AREA.,'PL3/8X4',#1803,101.6,228.6);
#1805= IFCAXIS2PLACEMENT3D(#1,$,$);
#1806= IFCEXTRUDEDAREASOLID(#1804,#1805,#2,9.525);
#1807= IFCCARTESIANPOINT((50.8,38.1));
#1808= IFCAXIS2PLACEMENT2D(#1807,$);
#1809= IFCCIRCLEPROFILEDEF(.AREA.,'D13/16',#1808,10.3);
#1810= IFCCARTESIANPOINT((0.0,0.0,-5.0));
#1811= IFCAXIS2PLACEMENT3D(#1810,$,$);
#1812= IFCEXTRUDEDAREASOLID(#1809,#1811,#2,19.525);
#1813= IFCBOOLEANRESULT(.DIFFERENCE.,#1806,#1812);
#1814= IFCCARTESIANPOINT((50.8,114.3));
#1815= IFCAXIS2PLACEMENT2D(#1814,$);
#1816= IFCCIRCLEPROFILEDEF(.AREA.,'D13/16',#1815,10.3);
#1817= IFCCARTESIANPOINT((0.0,0.0,-5.0));
#1818= IFCAXIS2PLACEMENT3D(#1817,$,$);
#1819= IFCEXTRUDEDAREASOLID(#1816,#1818,#2,19.525);
#1820= IFCBOOLEANRESULT(.DIFFERENCE.,#1813,#1819);
#1821= IFCCARTESIANPOINT((50.8,190.5));
#1822= IFCAXIS2PLACEMENT2D(#1821,$);
#1823= IFCCIRCLEPROFILEDEF(.AREA.,'D13/16',#1822,10.3);
#1824= IFCCARTESIANPOINT((0.0,0.0,-5.0));
#1825= IFCAXIS2PLACEMENT3D(#1824,$,$);
#1826= IFCEXTRUDEDAREASOLID(#1823,#1825,#2,19.525);
#1827= IFCBOOLEANRESULT(.DIFFERENCE.,#1820,#1826);
#1828= IFCSHAPEREPRESENTATION(#6,'Body','CSG',(#1827));
#1829= IFCPRODUCTDEFINITIONSHAPE($,$,(#1828));
#1830= IFCCARTESIANPOINT((18059.654,12.7,3953.51));
#1831= IFCDIRECTION((0.0,-1.0,0.0));
#1832= IFCDIRECTION((1.0,0.0,0.0));
#1833= IFCAXIS2PLACEMENT3D(#1830,#1831,#1832);
#1834= IFCLOCALPLACEMENT(#16,#1833);
#1835= IFCPLATE('Q2RxJRIJu3sHXZTrRx6B0h',$,'SHEAR PLATE','PL3/8X4','PL3/8X4',#1834,#1829,'p4');
#1836= IFCQUANTITYWEIGHT('NetWeight',$,$,1.6619);
#1837= IFCELEMENTQUANTITY('LUWTMTMPExRYs6_0uB8rIe',$,'BaseQuantities',$,$,(#1836));
#1838= IFCRELDEFINESBYPROPERTIES('wLRhqVPTKqjtcdKRvAIOeF',$,$,$,(#1835),#1837);
#1839= IFCCIRCLEPROFILEDEF(.AREA.,'D0.75',#22,9.525);
#1840= IFCAXIS2PLACEMENT3D(#1,$,$);
#1841= IFCEXTRUDEDAREASOLID(#1839,#1840,#2,50.8);
#1842= IFCCIRCLEPROFILEDEF(.AREA.,'NUT',#22,16.1925);
#1843= IFCCARTESIANPOINT((0.0,0.0,-12.3825));
#1844= IFCAXIS2PLACEMENT3D(#1843,$,$);
#1845= IFCEXTRUDEDAREASOLID(#1842,#1844,#2,12.3825);
#1846= IFCCARTESIANPOINT((0.0,0.0,27.94));
#1847= IFCAXIS2PLACEMENT3D(#1846,$,$);
#1848= IFCEXTRUDEDAREASOLID(#1842,#1847,#2,16.1925);
#1849= IFCSHAPEREPRESENTATION(#6,'Body','SweptSolid',(#1841,#1845,#1848));
#1850= IFCPRODUCTDEFINITIONSHAPE($,$,(#1849));
#1851= IFCCARTESIANPOINT((18110.454,-27.94,3991.61));
#1852= IFCDIRECTION((0.0,1.0,0.0));
#1853= IFCDIRECTION((-1.0,0.0,0.0));
#1854= IFCAXIS2PLACEMENT3D(#1851,#1852,#1853);
#1855= IFCLOCALPLACEMENT(#16,#1854);
#1856= IFCMECHANICALFASTENER('bNrzu_yZyPyILT9jn8pCjs',$,'BOLT A325N',$,$,#1855,#1850,$,19.05,50.8);
#1857= IFCCIRCLEPROFILEDEF(.AREA.,'D0.75',#22,9.525);
#1858= IFCAXIS2PLACEMENT3D(#1,$,$);
#1859= IFCEXTRUDEDAREASOLID(#1857,#1858,#2,50.8);
#1860= IFCCIRCLEPROFILEDEF(.AREA.,'NUT',#22,16.1925);
#1861= IFCCARTESIANPOINT((0.0,0.0,-12.3825));
#1862= IFCAXIS2PLACEMENT3D(#1861,$,$);
#1863= IFCEXTRUDEDAREASOLID(#1860,#1862,#2,12.3825);
#1864= IFCCARTESIANPOINT((0.0,0.0,27.94));
#1865= IFCAXIS2PLACEMENT3D(#1864,$,$);
#1866= IFCEXTRUDEDAREASOLID(#1860,#1865,#2,16.1925);
#1867= IFCSHAPEREPRESENTATION(#6,'Body','SweptSolid',(#1859,#1863,#1866));
#1868= IFCPRODUCTDEFINITIONSHAPE($,$,(#1867));
#1869= IFCCARTESIANPOINT((18110.454,-27.94,4067.81));
#1870= IFCDIRECTION((0.0,1.0,0.0));
#1871= IFCDIRECTION((-1.0,0.0,0.0));
#1872= IFCAXIS2PLACEMENT3D(#1869,#1870,#1871);
#1873= IFCLOCALPLACEMENT(#16,#1872);
#1874= IFCMECHANICALFASTENER('gjoJx05zjptcK0IkpfShKp',$,'BOLT A325N',$,$,#1873,#1868,$,19.05,50.8);
#1875= IFCCIRCLEPROFILEDEF(.AREA.,'D0.75',#22,9.525);
#1876= IFCAXIS2PLACEMENT3D(#1,$,$);
#1877= IFCEXTRUDEDAREASOLID(#1875,#1876,#2,50.8);
#1878= IFCCIRCLEPROFILEDEF(.AREA.,'NUT',#22,16.1925);
#1879= IFCCARTESIANPOINT((0.0,0.0,-12.3825));
#1880= IFCAXIS2PLACEMENT3D(#1879,$,$);
#1881= IFCEXTRUDEDAREASOLID(#1878,#1880,#2,12.3825);
#1882= IFCCARTESIANPOINT((0.0,0.0,27.94));
#1883= IFCAXIS2PLACEMENT3D(#1882,$,$);
#1884= IFCEXTRUDEDAREASOLID(#1878,#1883,#2,16.1925);
#1885= IFCSHAPEREPRESENTATION(#6,'Body','SweptSolid',(#1877,#1881,#1884));
#1886= IFCPRODUCTDEFINITIONSHAPE($,$,(#1885));
#1887= IFCCARTESIANPOINT((18110.454,-27.94,4144.01));
#1888= IFCDIRECTION((0.0,1.0,0.0));
#1889= IFCDIRECTION((-1.0,0.0,0.0));
#1890= IFCAXIS2PLACEMENT3D(#1887,#1888,#1889);
#1891= IFCLOCALPLACEMENT(#16,#1890);
#1892= IFCMECHANICALFASTENER('NaEH3fzu$Zk2ifzEgWnX2l',$,'BOLT A325N',$,$,#1891,#1886,$,19.05,50.8);
#1893= IFCELEMENTASSEMBLY('n8k1Zga$Km29OQ7HIdTS7t',$,'BEAM',$,$,#16,$,'B2',.FACTORY.,.NOTDEFINED.);
#1894= IFCRELAGGREGATES('XFDIBJtO5$nsBMGc4A7KF4',$,$,$,#1893,(#1706,#1744,#1835));
#1895= IFCAXIS2PLACEMENT3D(#1,$,$);
#1896= IFCEXTRUDEDAREASOLID(#24,#1895,#2,8865.108);
#1897= IFCCIRCLEPROFILEDEF(.AREA.,'D13/16',#22,10.3);
#1898= IFCCARTESIANPOINT((-60.0,-76.2,38.1));
#1899= IFCDIRECTION((1.0,0.0,0.0));
#1900= IFCDIRECTION((0.0,0.0,1.0));
#1901= IFCAXIS2PLACEMENT3D(#1898,#1899,#1900);
#1902= IFCEXTRUDEDAREASOLID(#1897,#1901,#2,120.);
#1903= IFCBOOLEANRESULT(.DIFFERENCE.,#1896,#1902);
#1904= IFCCIRCLEPROFILEDEF(.AREA.,'D13/16',#22,10.3);
#1905= IFCCARTESIANPOINT((-60.0,0.0,38.1));
#1906= IFCDIRECTION((1.0,0.0,0.0));
#1907= IFCDIRECTION((0.0,0.0,1.0));
#1908= IFCAXIS2PLACEMENT3D(#1905,#1906,#1907);
#1909= IFCEXTRUDEDAREASOLID(#1904,#1908,#2,120.);
#1910= IFCBOOLEANRESULT(.DIFFERENCE.,#1903,#1909);
#1911= IFCCIRCLEPROFILEDEF(.AREA.,'D13/16',#22,10.3);
#1912= IFCCARTESIANPOINT((-60.0,76.2,38.1));
#1913= IFCDIRECTION((1.0,0.0,0.0));
#1914= IFCDIRECTION((0.0,0.0,1.0));
#1915= IFCAXIS2PLACEMENT3D(#1912,#1913,#1914);
#1916= IFCEXTRUDEDAREASOLID(#1911,#1915,#2,120.);
#1917= IFCBOOLEANRESULT(.DIFFERENCE.,#1910,#1916);
#1918= IFCCIRCLEPROFILEDEF(.AREA.,'D13/16',#22,10.3);
#1919= IFCCARTESIANPOINT((-60.0,-76.2,8827.008));
#1920= IFCDIRECTION((1.0,0.0,0.0));
#1921= IFCDIRECTION((0.0,0.0,1.0));
#1922= IFCAXIS2PLACEMENT3D(#1919,#1920,#1921);
#1923= IFCEXTRUDEDAREASOLID(#1918,#1922,#2,120.);
#1924= IFCBOOLEANRESULT(.DIFFERENCE.,#1917,#1923);
#1925= IFCCIRCLEPROFILEDEF(.AREA.,'D13/16',#22,10.3);
#1926= IFCCARTESIANPOINT((-60.0,0.0,8827.008));
#1927= IFCDIRECTION((1.0,0.0,0.0));
#1928= IFCDIRECTION((0.0,0.0,1.0));
#1929= IFCAXIS2PLACEMENT3D(#1926,#1927,#1928);
#1930= IFCEXTRUDEDAREASOLID(#1925,#1929,#2,120.);
#1931= IFCBOOLEANRESULT(.DIFFERENCE.,#1924,#1930);
#1932= IFCCIRCLEPROFILEDEF(.AREA.,'D13/16',#22,10.3);
#1933= IFCCARTESIANPOINT((-60.0,76.2,8827.008));
#1934= IFCDIRECTION((1.0,0.0,0.0));
#1935= IFCDIRECTION((0.0,0.0,1.0));
#1936= IFCAXIS2PLACEMENT3D(#1933,#1934,#1935);
#1937= IFCEXTRUDEDAREASOLID(#1932,#1936,#2,120.);
#1938= IFCBOOLEANRESULT(.DIFFERENCE.,#1931,#1937);
#1939= IFCSHAPEREPRESENTATION(#6,'Body','CSG',(#1938));
#1940= IFCPRODUCTDEFINITIONSHAPE($,$,(#1939));
#1941= IFCCARTESIANPOINT((139.446,7620.0,4067.81));
#1942= IFCDIRECTION((1.0,0.0,0.0));
#1943= IFCDIRECTION((0.0,1.0,0.0));
#1944= IFCAXIS2PLACEMENT3D(#1941,#1942,#1943);
#1945= IFCLOCALPLACEMENT(#16,#1944);
#1946= IFCBEAM('2fLExKDNPjPkFtfoqWvTz3',$,'BEAM','W16X26','W16X26',#1945,#1940,'B3');
#1947= IFCQUANTITYWEIGHT('NetWeight',$,$,343.0102);
#1948= IFCQUANTITYLENGTH('Length',$,$,8865.108);
#1949= IFCELEMENTQUANTITY('MLNJi7v4u1vu2hoI6I$MnK',$,'BaseQuantities',$,$,(#1947,#1948));
#1950= IFCRELDEFINESBYPROPERTIES('00krOmqgzKemOYR0feXhK_',$,$,$,(#1946),#1949);
#1951= IFCCARTESIANPOINT((50.8,114.3));
#1952= IFCAXIS2PLACEMENT2D(#1951,$);
#1953= IFCRECTANGLEPROFILEDEF(.AREA.,'PL3/8X4',#1952,101.6,228.6);
#1954= IFCAXIS2PLACEMENT3D(#1,$,$);
#1955= IFCEXTRUDEDAREASOLID(#1953,#1954,#2,9.525);
#1956= IFCCARTESIANPOINT((50.8,38.1));
#1957= IFCAXIS2PLACEMENT2D(#1956,$);
#1958= IFCCIRCLEPROFILEDEF(.AREA.,'D13/16',#1957,10.3);
#1959= IFCCARTESIANPOINT((0.0,0.0,-5.0));
#1960= IFCAXIS2PLACEMENT3D(#1959,$,$);
#1961= IFCEXTRUDEDAREASOLID(#1958,#1960,#2,19.525);
#1962= IFCBOOLEANRESULT(.DIFFERENCE.,#1955,#1961);
#1963= IFCCARTESIANPOINT((50.8,114.3));
#1964= IFCAXIS2PLACEMENT2D(#1963,$);
#1965= IFCCIRCLEPROFILEDEF(.AREA.,'D13/16',#1964,10.3);
#1966= IFCCARTESIANPOINT((0.0,0.0,-5.0));
#1967= IFCAXIS2PLACEMENT3D(#1966,$,$);
#1968= IFCEXTRUDEDAREASOLID(#1965,#1967,#2,19.525);
#1969= IFCBOOLEANRESULT(.DIFFERENCE.,#1962,#1968);
#1970= IFCCARTESIANPOINT((50.8,190.5));
#1971= IFCAXIS2PLACEMENT2D(#1970,$);
#1972= IFCCIRCLEPROFILEDEF(.AREA.,'D13/16',#1971,10.3);
#1973= IFCCARTESIANPOINT((0.0,0.0,-5.0));
#1974= IFCAXIS2PLACEMENT3D(#1973,$,$);
#1975= IFCEXTRUDEDAREASOLID(#1972,#1974,#2,19.525);
#1976= IFCBOOLEANRESULT(.DIFFERENCE.,#1969,#1975);
#1977= IFCSHAPEREPRESENTATION(#6,'Body','CSG',(#1976));
#1978= IFCPRODUCTDEFINITIONSHAPE($,$,(#1977));
#1979= IFCCARTESIANPOINT((126.746,7632.7,3953.51));
#1980= IFCDIRECTION((0.0,-1.0,0.0));
#1981= IFCDIRECTION((1.0,0.0,0.0));
#1982= IFCAXIS2PLACEMENT3D(#1979,#1980,#1981);
#1983= IFCLOCALPLACEMENT(#16,#1982);
#1984= IFCPLATE('ZA_5JsArbs0BHDmZEtuWAv',$,'SHEAR PLATE','PL3/8X4','PL3/8X4',#1983,#1978,'p5');
#1985= IFCQUANTITYWEIGHT('NetWeight',$,$,1.6619);
#1986= IFCELEMENTQUANTITY('lC4$cR8XZlQsZwepyF5Ib6',$,'BaseQuantities',$,$,(#1985));
#1987= IFCRELDEFINESBYPROPERTIES('GjmVX4uz3BA4RxyAbhNHFN',$,$,$,(#1984),#1986);
#1988= IFCCIRCLEPROFILEDEF(.AREA.,'D0.75',#22,9.525);
#1989= IFCAXIS2PLACEMENT3D(#1,$,$);
#1990= IFCEXTRUDEDAREASOLID(#1988,#1989,#2,50.8);
#1991= IFCCIRCLEPROFILEDEF(.AREA.,'NUT',#22,16.1925);
#1992= IFCCARTESIANPOINT((0.0,0.0,-12.3825));
#1993= IFCAXIS2PLACEMENT3D(#1992,$,$);
#1994= IFCEXTRUDEDAREASOLID(#1991,#1993,#2,12.3825);
#1995= IFCCARTESIANPOINT((0.0,0.0,27.94));
#1996= IFCAXIS2PLACEMENT3D(#1995,$,$);
#1997= IFCEXTRUDEDAREASOLID(#1991,#1996,#2,16.1925);
#1998= IFCSHAPEREPRESENTATION(#6,'Body','SweptSolid',(#1990,#1994,#1997));
#1999= IFCPRODUCTDEFINITIONSHAPE($,$,(#1998));
#2000= IFCCARTESIANPOINT((177.546,7592.06,3991.61));
#2001= IFCDIRECTION((0.0,1.0,0.0));
#2002= IFCDIRECTION((-1.0,0.0,0.0));
#2003= IFCAXIS2PLACEMENT3D(#2000,#2001,#2002);
#2004= IFCLOCALPLACEMENT(#16,#2003);
#2005= IFCMECHANICALFASTENER('XhLKSySWX7SKc8nuRCrye7',$,'BOLT A325N',$,$,#2004,#1999,$,19.05,50.8);
#2006= IFCCIRCLEPROFILEDEF(.AREA.,'D0.75',#22,9.525);
#2007= IFCAXIS2PLACEMENT3D(#1,$,$);
#2008= IFCEXTRUDEDAREASOLID(#2006,#2007,#2,50.8);
#2009= IFCCIRCLEPROFILEDEF(.AREA.,'NUT',#22,16.1925);
#2010= IFCCARTESIANPOINT((0.0,0.0,-12.3825));
#2011= IFCAXIS2PLACEMENT3D(#2010,$,$);
#2012= IFCEXTRUDEDAREASOLID(#2009,#2011,#2,12.3825);
#2013= IFCCARTESIANPOINT((0.0,0.0,27.94));
#2014= IFCAXIS2PLACEMENT3D(#2013,$,$);
#2015= IFCEXTRUDEDAREASOLID(#2009,#2014,#2,16.1925);
#2016= IFCSHAPEREPRESENTATION(#6,'Body','SweptSolid',(#2008,#2012,#2015));
#2017= IFCPRODUCTDEFINITIONSHAPE($,$,(#2016));
#2018= IFCCARTESIANPOINT((177.546,7592.06,4067.81));
#2019= IFCDIRECTION((0.0,1.0,0.0));
#2020= IFCDIRECTION((-1.0,0.0,0.0));
#2021= IFCAXIS2PLACEMENT3D(#2018,#2019,#2020);
#2022= IFCLOCALPLACEMENT(#16,#2021);
#2023= IFCMECHANICALFASTENER('nTxzPXKFepLHyy$YlC$gKh',$,'BOLT A325N',$,$,#2022,#2017,$,19.05,50.8);
#2024= IFCCIRCLEPROFILEDEF(.AREA.,'D0.75',#22,9.525);
#2025= IFCAXIS2PLACEMENT3D(#1,$,$);
#2026= IFCEXTRUDEDAREASOLID(#2024,#2025,#2,50.8);
#2027= IFCCIRCLEPROFILEDEF(.AREA.,'NUT',#22,16.1925);
#2028= IFCCARTESIANPOINT((0.0,0.0,-12.3825));
#2029= IFCAXIS2PLACEMENT3D(#2028,$,$);
#2030= IFCEXTRUDEDAREASOLID(#2027,#2029,#2,12.3825);
#2031= IFCCARTESIANPOINT((0.0,0.0,27.94));
#2032= IFCAXIS2PLACEMENT3D(#2031,$,$);
#2033= IFCEXTRUDEDAREASOLID(#2027,#2032,#2,16.1925);
#2034= IFCSHAPEREPRESENTATION(#6,'Body','SweptSolid',(#2026,#2030,#2033));
#2035= IFCPRODUCTDEFINITIONSHAPE($,$,(#2034));
#2036= IFCCARTESIANPOINT((177.546,7592.06,4144.01));
#2037= IFCDIRECTION((0.0,1.0,0.0));
#2038= IFCDIRECTION((-1.0,0.0,0.0));
#2039= IFCAXIS2PLACEMENT3D(#2036,#2037,#2038);
#2040= IFCLOCALPLACEMENT(#16,#2039);
#2041= IFCMECHANICALFASTENER('ClmEH$agnMe3eQwFawlkzP',$,'BOLT A325N',$,$,#2040,#2035,$,19.05,50.8);
#2042= IFCCARTESIANPOINT((50.8,114.3));
#2043= IFCAXIS2PLACEMENT2D(#2042,$);
#2044= IFCRECTANGLEPROFILEDEF(.AREA.,'PL3/8X4',#2043,101.6,228.6);
#2045= IFCAXIS2PLACEMENT3D(#1,$,$);
#2046= IFCEXTRUDEDAREASOLID(#2044,#2045,#2,9.525);
#2047= IFCCARTESIANPOINT((50.8,38.1));
#2048= IFCAXIS2PLACEMENT2D(#2047,$);
#2049= IFCCIRCLEPROFILEDEF(.AREA.,'D13/16',#2048,10.3);
#2050= IFCCARTESIANPOINT((0.0,0.0,-5.0));
#2051= IFCAXIS2PLACEMENT3D(#2050,$,$);
#2052= IFCEXTRUDEDAREASOLID(#2049,#2051,#2,19.525);
#2053= IFCBOOLEANRESULT(.DIFFERENCE.,#2046,#2052);
#2054= IFCCARTESIANPOINT((50.8,114.3));
#2055= IFCAXIS2PLACEMENT2D(#2054,$);
#2056= IFCCIRCLEPROFILEDEF(.AREA.,'D13/16',#2055,10.3);
#2057= IFCCARTESIANPOINT((0.0,0.0,-5.0));
#2058= IFCAXIS2PLACEMENT3D(#2057,$,$);
#2059= IFCEXTRUDEDAREASOLID(#2056,#2058,#2,19.525);
#2060= IFCBOOLEANRESULT(.DIFFERENCE.,#2053,#2059);
#2061= IFCCARTESIANPOINT((50.8,190.5));
#2062= IFCAXIS2PLACEMENT2D(#2061,$);
#2063= IFCCIRCLEPROFILEDEF(.AREA.,'D13/16',#2062,10.3);
#2064= IFCCARTESIANPOINT((0.0,0.0,-5.0));
#2065= IFCAXIS2PLACEMENT3D(#2064,$,$);
#2066= IFCEXTRUDEDAREASOLID(#2063,#2065,#2,19.525);
#2067= IFCBOOLEANRESULT(.DIFFERENCE.,#2060,#2066);
#2068= IFCSHAPEREPRESENTATION(#6,'Body','CSG',(#2067));
#2069= IFCPRODUCTDEFINITIONSHAPE($,$,(#2068));
#2070= IFCCARTESIANPOINT((8915.654,7632.7,3953.51));
#2071= IFCDIRECTION((0.0,-1.0,0.0));
#2072= IFCDIRECTION((1.0,0.0,0.0));
#2073= IFCAXIS2PLACEMENT3D(#2070,#2071,#2072);
#2074= IFCLOCALPLACEMENT(#16,#2073);
#2075= IFCPLATE('MkOOcbV8r1Q9QFUEaCO0Y6',$,'SHEAR PLATE','PL3/8X4','PL3/8X4',#2074,#2069,'p6');
#2076= IFCQUANTITYWEIGHT('NetWeight',$,$,1.6619);
#2077= IFCELEMENTQUANTITY('sBZe1riN1PMSDQFYfnp38s',$,'BaseQuantities',$,$,(#2076));
#2078= IFCRELDEFINESBYPROPERTIES('EYIsk236snKlkHjlWIKKJJ',$,$,$,(#2075),#2077);
#2079= IFCCIRCLEPROFILEDEF(.AREA.,'D0.75',#22,9.525);
#2080= IFCAXIS2PLACEMENT3D(#1,$,$);
#2081= IFCEXTRUDEDAREASOLID(#2079,#2080,#2,50.8);
#2082= IFCCIRCLEPROFILEDEF(.AREA.,'NUT',#22,16.1925);
#2083= IFCCARTESIANPOINT((0.0,0.0,-12.3825));
#2084= IFCAXIS2PLACEMENT3D(#2083,$,$);
#2085= IFCEXTRUDEDAREASOLID(#2082,#2084,#2,12.3825);
#2086= IFCCARTESIANPOINT((0.0,0.0,27.94));
#2087= IFCAXIS2PLACEMENT3D(#2086,$,$);
#2088= IFCEXTRUDEDAREASOLID(#2082,#2087,#2,16.1925);
#2089= IFCSHAPEREPRESENTATION(#6,'Body','SweptSolid',(#2081,#2085,#2088));
#2090= IFCPRODUCTDEFINITIONSHAPE($,$,(#2089));
#2091= IFCCARTESIANPOINT((8966.454,7592.06,3991.61));
#2092= IFCDIRECTION((0.0,1.0,0.0));
#2093= IFCDIRECTION((-1.0,0.0,0.0));
#2094= IFCAXIS2PLACEMENT3D(#2091,#2092,#2093);
#2095= IFCLOCALPLACEMENT(#16,#2094);
#2096= IFCMECHANICALFASTENER('EFKdC$qx17UsHU0UjUBzns',$,'BOLT A325N',$,$,#2095,#2090,$,19.05,50.8);
#2097= IFCCIRCLEPROFILEDEF(.AREA.,'D0.75',#22,9.525);
#2098= IFCAXIS2PLACEMENT3D(#1,$,$);
#2099= IFCEXTRUDEDAREASOLID(#2097,#2098,#2,50.8);
#2100= IFCCIRCLEPROFILEDEF(.AREA.,'NUT',#22,16.1925);
#2101= IFCCARTESIANPOINT((0.0,0.0,-12.3825));
#2102= IFCAXIS2PLACEMENT3D(#2101,$,$);
#2103= IFCEXTRUDEDAREASOLID(#2100,#2102,#2,12.3825);
#2104= IFCCARTESIANPOINT((0.0,0.0,27.94));
#2105= IFCAXIS2PLACEMENT3D(#2104,$,$);
#2106= IFCEXTRUDEDAREASOLID(#2100,#2105,#2,16.1925);
#2107= IFCSHAPEREPRESENTATION(#6,'Body','SweptSolid',(#2099,#2103,#2106));
#2108= IFCPRODUCTDEFINITIONSHAPE($,$,(#2107));
#2109= IFCCARTESIANPOINT((8966.454,7592.06,4067.81));
#2110= IFCDIRECTION((0.0,1.0,0.0));
#2111= IFCDIRECTION((-1.0,0.0,0.0));
#2112= IFCAXIS2PLACEMENT3D(#2109,#2110,#2111);
#2113= IFCLOCALPLACEMENT(#16,#2112);
#2114= IFCMECHANICALFASTENER('gy5S6vU4NP8XAgBhAsd9vV',$,'BOLT A325N',$,$,#2113,#2108,$,19.05,50.8);
#2115= IFCCIRCLEPROFILEDEF(.AREA.,'D0.75',#22,9.525);
#2116= IFCAXIS2PLACEMENT3D(#1,$,$);
#2117= IFCEXTRUDEDAREASOLID(#2115,#2116,#2,50.8);
#2118= IFCCIRCLEPROFILEDEF(.AREA.,'NUT',#22,16.1925);
#2119= IFCCARTESIANPOINT((0.0,0.0,-12.3825));
#2120= IFCAXIS2PLACEMENT3D(#2119,$,$);
#2121= IFCEXTRUDEDAREASOLID(#2118,#2120,#2,12.3825);
#2122= IFCCARTESIANPOINT((0.0,0.0,27.94));
#2123= IFCAXIS2PLACEMENT3D(#2122,$,$);
#2124= IFCEXTRUDEDAREASOLID(#2118,#2123,#2,16.1925);
#2125= IFCSHAPEREPRESENTATION(#6,'Body','SweptSolid',(#2117,#2121,#2124));
#2126= IFCPRODUCTDEFINITIONSHAPE($,$,(#2125));
#2127= IFCCARTESIANPOINT((8966.454,7592.06,4144.01));
#2128= IFCDIRECTION((0.0,1.0,0.0));
#2129= IFCDIRECTION((-1.0,0.0,0.0));
#2130= IFCAXIS2PLACEMENT3D(#2127,#2128,#2129);
#2131= IFCLOCALPLACEMENT(#16,#2130);
#2132= IFCMECHANICALFASTENER('JMdtfDsL5$FK7a5g6DOpLT',$,'BOLT A325N',$,$,#2131,#2126,$,19.05,50.8);
#2133= IFCELEMENTASSEMBLY('QtXwBUx0SoCPqBakgVYgS4',$,'BEAM',$,$,#16,$,'B3',.FACTORY.,.NOTDEFINED.);
#2134= IFCRELAGGREGATES('prt8JA97OXCm_WOC$vb8yG',$,$,$,#2133,(#1946,#1984,#2075));
#2135= IFCAXIS2PLACEMENT3D(#1,$,$);
#2136= IFCEXTRUDEDAREASOLID(#24,#2135,#2,8865.108);
#2137= IFCCIRCLEPROFILEDEF(.AREA.,'D13/16',#22,10.3);
#2138= IFCCARTESIANPOINT((-60.0,-76.2,38.1));
#2139= IFCDIRECTION((1.0,0.0,0.0));
#2140= IFCDIRECTION((0.0,0.0,1.0));
#2141= IFCAXIS2PLACEMENT3D(#2138,#2139,#2140);
#2142= IFCEXTRUDEDAREASOLID(#2137,#2141,#2,120.);
#2143= IFCBOOLEANRESULT(.DIFFERENCE.,#2136,#2142);
#2144= IFCCIRCLEPROFILEDEF(.AREA.,'D13/16',#22,10.3);
#2145= IFCCARTESIANPOINT((-60.0,0.0,38.1));
#2146= IFCDIRECTION((1.0,0.0,0.0));
#2147= IFCDIRECTION((0.0,0.0,1.0));
#2148= IFCAXIS2PLACEMENT3D(#2145,#2146,#2147);
#2149= IFCEXTRUDEDAREASOLID(#2144,#2148,#2,120.);
#2150= IFCBOOLEANRESULT(.DIFFERENCE.,#2143,#2149);
#2151= IFCCIRCLEPROFILEDEF(.AREA.,'D13/16',#22,10.3);
#2152= IFCCARTESIANPOINT((-60.0,76.2,38.1));
#2153= IFCDIRECTION((1.0,0.0,0.0));
#2154= IFCDIRECTION((0.0,0.0,1.0));
#2155= IFCAXIS2PLACEMENT3D(#2152,#2153,#2154);
#2156= IFCEXTRUDEDAREASOLID(#2151,#2155,#2,120.);
#2157= IFCBOOLEANRESULT(.DIFFERENCE.,#2150,#2156);
#2158= IFCCIRCLEPROFILEDEF(.AREA.,'D13/16',#22,10.3);
#2159= IFCCARTESIANPOINT((-60.0,-76.2,8827.008));
#2160= IFCDIRECTION((1.0,0.0,0.0));
#2161= IFCDIRECTION((0.0,0.0,1.0));
#2162= IFCAXIS2PLACEMENT3D(#2159,#2160,#2161);
#2163= IFCEXTRUDEDAREASOLID(#2158,#2162,#2,120.);
#2164= IFCBOOLEANRESULT(.DIFFERENCE.,#2157,#2163);
#2165= IFCCIRCLEPROFILEDEF(.AREA.,'D13/16',#22,10.3);
#2166= IFCCARTESIANPOINT((-60.0,0.0,8827.008));
#2167= IFCDIRECTION((1.0,0.0,0.0));
#2168= IFCDIRECTION((0.0,0.0,1.0));
#2169= IFCAXIS2PLACEMENT3D(#2166,#2167,#2168);
#2170= IFCEXTRUDEDAREASOLID(#2165,#2169,#2,120.);
#2171= IFCBOOLEANRESULT(.DIFFERENCE.,#2164,#2170);
#2172= IFCCIRCLEPROFILEDEF(.AREA.,'D13/16',#22,10.3);
#2173= IFCCARTESIANPOINT((-60.0,76.2,8827.008));
#2174= IFCDIRECTION((1.0,0.0,0.0));
#2175= IFCDIRECTION((0.0,0.0,1.0));
#2176= IFCAXIS2PLACEMENT3D(#2173,#2174,#2175);
#2177= IFCEXTRUDEDAREASOLID(#2172,#2176,#2,120.);
#2178= IFCBOOLEANRESULT(.DIFFERENCE.,#2171,#2177);
#2179= IFCSHAPEREPRESENTATION(#6,'Body','CSG',(#2178));
#2180= IFCPRODUCTDEFINITIONSHAPE($,$,(#2179));
#2181= IFCCARTESIANPOINT((9283.446,7620.0,4067.81));
#2182= IFCDIRECTION((1.0,0.0,0.0));
#2183= IFCDIRECTION((0.0,1.0,0.0));
#2184= IFCAXIS2PLACEMENT3D(#2181,#2182,#2183);
#2185= IFCLOCALPLACEMENT(#16,#2184);
#2186= IFCBEAM('I8ztG3N59EfU6SYiLkqZKu',$,'BEAM','W16X26','W16X26',#2185,#2180,'B4');
#2187= IFCQUANTITYWEIGHT('NetWeight',$,$,343.0102);
#2188= IFCQUANTITYLENGTH('Length',$,$,8865.108);
#2189= IFCELEMENTQUANTITY('uM0GBtUJXEEmBS0J5jAdeu',$,'BaseQuantities',$,$,(#2187,#2188));
#2190= IFCRELDEFINESBYPROPERTIES('PdQzhGljSZG2rtN5bZFvly',$,$,$,(#2186),#2189);
#2191= IFCCARTESIANPOINT((50.8,114.3));
#2192= IFCAXIS2PLACEMENT2D(#2191,$);
#2193= IFCRECTANGLEPROFILEDEF(.AREA.,'PL3/8X4',#2192,101.6,228.6);
#2194= IFCAXIS2PLACEMENT3D(#1,$,$);
#2195= IFCEXTRUDEDAREASOLID(#2193,#2194,#2,9.525);
#2196= IFCCARTESIANPOINT((50.8,38.1));
#2197= IFCAXIS2PLACEMENT2D(#2196,$);
#2198= IFCCIRCLEPROFILEDEF(.AREA.,'D13/16',#2197,10.3);
#2199= IFCCARTESIANPOINT((0.0,0.0,-5.0));
#2200= IFCAXIS2PLACEMENT3D(#2199,$,$);
#2201= IFCEXTRUDEDAREASOLID(#2198,#2200,#2,19.525);
#2202= IFCBOOLEANRESULT(.DIFFERENCE.,#2195,#2201);
#2203= IFCCARTESIANPOINT((50.8,114.3));
#2204= IFCAXIS2PLACEMENT2D(#2203,$);
#2205= IFCCIRCLEPROFILEDEF(.AREA.,'D13/16',#2204,10.3);
#2206= IFCCARTESIANPOINT((0.0,0.0,-5.0));
#2207= IFCAXIS2PLACEMENT3D(#2206,$,$);
#2208= IFCEXTRUDEDAREASOLID(#2205,#2207,#2,19.525);
#2209= IFCBOOLEANRESULT(.DIFFERENCE.,#2202,#2208);
#2210= IFCCARTESIANPOINT((50.8,190.5));
#2211= IFCAXIS2PLACEMENT2D(#2210,$);
#2212= IFCCIRCLEPROFILEDEF(.AREA.,'D13/16',#2211,10.3);
#2213= IFCCARTESIANPOINT((0.0,0.0,-5.0));
#2214= IFCAXIS2PLACEMENT3D(#2213,$,$);
#2215= IFCEXTRUDEDAREASOLID(#2212,#2214,#2,19.525);
#2216= IFCBOOLEANRESULT(.DIFFERENCE.,#2209,#2215);
#2217= IFCSHAPEREPRESENTATION(#6,'Body','CSG',(#2216));
#2218= IFCPRODUCTDEFINITIONSHAPE($,$,(#2217));
#2219= IFCCARTESIANPOINT((9270.746,7632.7,3953.51));
#2220= IFCDIRECTION((0.0,-1.0,0.0));
#2221= IFCDIRECTION((1.0,0.0,0.0));
#2222= IFCAXIS2PLACEMENT3D(#2219,#2220,#2221);
#2223= IFCLOCALPLACEMENT(#16,#2222);
#2224= IFCPLATE('Vmbbp4WzfRvjdwkBkQTtWk',$,'SHEAR PLATE','PL3/8X4','PL3/8X4',#2223,#2218,'p7');
#2225= IFCQUANTITYWEIGHT('NetWeight',$,$,1.6619);
#2226= IFCELEMENTQUANTITY('2Y7hkq4tdThhyDN_DlPY_5',$,'BaseQuantities',$,$,(#2225));
#2227= IFCRELDEFINESBYPROPERTIES('GhruarJeJNKjZ7Vg4M6ssO',$,$,$,(#2224),#2226);
#2228= IFCCIRCLEPROFILEDEF(.AREA.,'D0.75',#22,9.525);
#2229= IFCAXIS2PLACEMENT3D(#1,$,$);
#2230= IFCEXTRUDEDAREASOLID(#2228,#2229,#2,50.8);
#2231= IFCCIRCLEPROFILEDEF(.AREA.,'NUT',#22,16.1925);
#2232= IFCCARTESIANPOINT((0.0,0.0,-12.3825));
#2233= IFCAXIS2PLACEMENT3D(#2232,$,$);
#2234= IFCEXTRUDEDAREASOLID(#2231,#2233,#2,12.3825);
#2235= IFCCARTESIANPOINT((0.0,0.0,27.94));
#2236= IFCAXIS2PLACEMENT3D(#2235,$,$);
#2237= IFCEXTRUDEDAREASOLID(#2231,#2236,#2,16.1925);
#2238= IFCSHAPEREPRESENTATION(#6,'Body','SweptSolid',(#2230,#2234,#2237));
#2239= IFCPRODUCTDEFINITIONSHAPE($,$,(#2238));
#2240= IFCCARTESIANPOINT((9321.546,7592.06,3991.61));
#2241= IFCDIRECTION((0.0,1.0,0.0));
#2242= IFCDIRECTION((-1.0,0.0,0.0));
#2243= IFCAXIS2PLACEMENT3D(#2240,#2241,#2242);
#2244= IFCLOCALPLACEMENT(#16,#2243);
#2245= IFCMECHANICALFASTENER('JlFEYuoW2onNm1lEfgG4OQ',$,'BOLT A325N',$,$,#2244,#2239,$,19.05,50.8);
#2246= IFCCIRCLEPROFILEDEF(.AREA.,'D0.75',#22,9.525);
#2247= IFCAXIS2PLACEMENT3D(#1,$,$);
#2248= IFCEXTRUDEDAREASOLID(#2246,#2247,#2,50.8);
#2249= IFCCIRCLEPROFILEDEF(.AREA.,'NUT',#22,16.1925);
#2250= IFCCARTESIANPOINT((0.0,0.0,-12.3825));
#2251= IFCAXIS2PLACEMENT3D(#2250,$,$);
#2252= IFCEXTRUDEDAREASOLID(#2249,#2251,#2,12.3825);
#2253= IFCCARTESIANPOINT((0.0,0.0,27.94));
#2254= IFCAXIS2PLACEMENT3D(#2253,$,$);
#2255= IFCEXTRUDEDAREASOLID(#2249,#2254,#2,16.1925);
#2256= IFCSHAPEREPRESENTATION(#6,'Body','SweptSolid',(#2248,#2252,#2255));
#2257= IFCPRODUCTDEFINITIONSHAPE($,$,(#2256));
#2258= IFCCARTESIANPOINT((9321.546,7592.06,4067.81));
#2259= IFCDIRECTION((0.0,1.0,0.0));
#2260= IFCDIRECTION((-1.0,0.0,0.0));
#2261= IFCAXIS2PLACEMENT3D(#2258,#2259,#2260);
#2262= IFCLOCALPLACEMENT(#16,#2261);
#2263= IFCMECHANICALFASTENER('2TbCPUTyfF4fBwFURudrk1',$,'BOLT A325N',$,$,#2262,#2257,$,19.05,50.8);
#2264= IFCCIRCLEPROFILEDEF(.AREA.,'D0.75',#22,9.525);
#2265= IFCAXIS2PLACEMENT3D(#1,$,$);
#2266= IFCEXTRUDEDAREASOLID(#2264,#2265,#2,50.8);
#2267= IFCCIRCLEPROFILEDEF(.AREA.,'NUT',#22,16.1925);
#2268= IFCCARTESIANPOINT((0.0,0.0,-12.3825));
#2269= IFCAXIS2PLACEMENT3D(#2268,$,$);
#2270= IFCEXTRUDEDAREASOLID(#2267,#2269,#2,12.3825);
#2271= IFCCARTESIANPOINT((0.0,0.0,27.94));
#2272= IFCAXIS2PLACEMENT3D(#2271,$,$);
#2273= IFCEXTRUDEDAREASOLID(#2267,#2272,#2,16.1925);
#2274= IFCSHAPEREPRESENTATION(#6,'Body','SweptSolid',(#2266,#2270,#2273));
#2275= IFCPRODUCTDEFINITIONSHAPE($,$,(#2274));
#2276= IFCCARTESIANPOINT((9321.546,7592.06,4144.01));
#2277= IFCDIRECTION((0.0,1.0,0.0));
#2278= IFCDIRECTION((-1.0,0.0,0.0));
#2279= IFCAXIS2PLACEMENT3D(#2276,#2277,#2278);
#2280= IFCLOCALPLACEMENT(#16,#2279);
#2281= IFCMECHANICALFASTENER('TEgpUsVgUm4cYyzx16mxTM',$,'BOLT A325N',$,$,#2280,#2275,$,19.05,50.8);
#2282= IFCCARTESIANPOINT((50.8,114.3));
#2283= IFCAXIS2PLACEMENT2D(#2282,$);
#2284= IFCRECTANGLEPROFILEDEF(.AREA.,'PL3/8X4',#2283,101.6,228.6);
#2285= IFCAXIS2PLACEMENT3D(#1,$,$);
#2286= IFCEXTRUDEDAREASOLID(#2284,#2285,#2,9.525);
#2287= IFCCARTESIANPOINT((50.8,38.1));
#2288= IFCAXIS2PLACEMENT2D(#2287,$);
#2289= IFCCIRCLEPROFILEDEF(.AREA.,'D13/16',#2288,10.3);
#2290= IFCCARTESIANPOINT((0.0,0.0,-5.0));
#2291= IFCAXIS2PLACEMENT3D(#2290,$,$);
#2292= IFCEXTRUDEDAREASOLID(#2289,#2291,#2,19.525);
#2293= IFCBOOLEANRESULT(.DIFFERENCE.,#2286,#2292);
#2294= IFCCARTESIANPOINT((50.8,114.3));
#2295= IFCAXIS2PLACEMENT2D(#2294,$);
#2296= IFCCIRCLEPROFILEDEF(.AREA.,'D13/16',#2295,10.3);
#2297= IFCCARTESIANPOINT((0.0,0.0,-5.0));
#2298= IFCAXIS2PLACEMENT3D(#2297,$,$);
#2299= IFCEXTRUDEDAREASOLID(#2296,#2298,#2,19.525);
#2300= IFCBOOLEANRESULT(.DIFFERENCE.,#2293,#2299);
#2301= IFCCARTESIANPOINT((50.8,190.5));
#2302= IFCAXIS2PLACEMENT2D(#2301,$);
#2303= IFCCIRCLEPROFILEDEF(.AREA.,'D13/16',#2302,10.3);
#2304= IFCCARTESIANPOINT((0.0,0.0,-5.0));
#2305= IFCAXIS2PLACEMENT3D(#2304,$,$);
#2306= IFCEXTRUDEDAREASOLID(#2303,#2305,#2,19.525);
#2307= IFCBOOLEANRESULT(.DIFFERENCE.,#2300,#2306);
#2308= IFCSHAPEREPRESENTATION(#6,'Body','CSG',(#2307));
#2309= IFCPRODUCTDEFINITIONSHAPE($,$,(#2308));
#2310= IFCCARTESIANPOINT((18059.654,7632.7,3953.51));
#2311= IFCDIRECTION((0.0,-1.0,0.0));
#2312= IFCDIRECTION((1.0,0.0,0.0));
#2313= IFCAXIS2PLACEMENT3D(#2310,#2311,#2312);
#2314= IFCLOCALPLACEMENT(#16,#2313);
#2315= IFCPLATE('ynKDXuBdxR08BBNl0tqwbi',$,'SHEAR PLATE','PL3/8X4','PL3/8X4',#2314,#2309,'p8');
#2316= IFCQUANTITYWEIGHT('NetWeight',$,$,1.6619);
#2317= IFCELEMENTQUANTITY('lLC$ElbQSnjgZaAlEkfHgE',$,'BaseQuantities',$,$,(#2316));
#2318= IFCRELDEFINESBYPROPERTIES('hKr2kSp0KPvkpXTMwLl73m',$,$,$,(#2315),#2317);
#2319= IFCCIRCLEPROFILEDEF(.AREA.,'D0.75',#22,9.525);
#2320= IFCAXIS2PLACEMENT3D(#1,$,$);
#2321= IFCEXTRUDEDAREASOLID(#2319,#2320,#2,50.8);
#2322= IFCCIRCLEPROFILEDEF(.AREA.,'NUT',#22,16.1925);
#2323= IFCCARTESIANPOINT((0.0,0.0,-12.3825));
#2324= IFCAXIS2PLACEMENT3D(#2323,$,$);
#2325= IFCEXTRUDEDAREASOLID(#2322,#2324,#2,12.3825);
#2326= IFCCARTESIANPOINT((0.0,0.0,27.94));
#2327= IFCAXIS2PLACEMENT3D(#2326,$,$);
#2328= IFCEXTRUDEDAREASOLID(#2322,#2327,#2,16.1925);
#2329= IFCSHAPEREPRESENTATION(#6,'Body','SweptSolid',(#2321,#2325,#2328));
#2330= IFCPRODUCTDEFINITIONSHAPE($,$,(#2329));
#2331= IFCCARTESIANPOINT((18110.454,7592.06,3991.61));
#2332= IFCDIRECTION((0.0,1.0,0.0));
#2333= IFCDIRECTION((-1.0,0.0,0.0));
#2334= IFCAXIS2PLACEMENT3D(#2331,#2332,#2333);
#2335= IFCLOCALPLACEMENT(#16,#2334);
#2336= IFCMECHANICALFASTENER('Sfp5$yPM8MNXHLebHzEHZd',$,'BOLT A325N',$,$,#2335,#2330,$,19.05,50.8);
#2337= IFCCIRCLEPROFILEDEF(.AREA.,'D0.75',#22,9.525);
#2338= IFCAXIS2PLACEMENT3D(#1,$,$);
#2339= IFCEXTRUDEDAREASOLID(#2337,#2338,#2,50.8);
#2340= IFCCIRCLEPROFILEDEF(.AREA.,'NUT',#22,16.1925);
#2341= IFCCARTESIANPOINT((0.0,0.0,-12.3825));
#2342= IFCAXIS2PLACEMENT3D(#2341,$,$);
#2343= IFCEXTRUDEDAREASOLID(#2340,#2342,#2,12.3825);
#2344= IFCCARTESIANPOINT((0.0,0.0,27.94));
#2345= IFCAXIS2PLACEMENT3D(#2344,$,$);
#2346= IFCEXTRUDEDAREASOLID(#2340,#2345,#2,16.1925);
#2347= IFCSHAPEREPRESENTATION(#6,'Body','SweptSolid',(#2339,#2343,#2346));
#2348= IFCPRODUCTDEFINITIONSHAPE($,$,(#2347));
#2349= IFCCARTESIANPOINT((18110.454,7592.06,4067.81));
#2350= IFCDIRECTION((0.0,1.0,0.0));
#2351= IFCDIRECTION((-1.0,0.0,0.0));
#2352= IFCAXIS2PLACEMENT3D(#2349,#2350,#2351);
#2353= IFCLOCALPLACEMENT(#16,#2352);
#2354= IFCMECHANICALFASTENER('cPSueGk$vL7DA4IY8M22Tu',$,'BOLT A325N',$,$,#2353,#2348,$,19.05,50.8);
#2355= IFCCIRCLEPROFILEDEF(.AREA.,'D0.75',#22,9.525);
#2356= IFCAXIS2PLACEMENT3D(#1,$,$);
#2357= IFCEXTRUDEDAREASOLID(#2355,#2356,#2,50.8);
#2358= IFCCIRCLEPROFILEDEF(.AREA.,'NUT',#22,16.1925);
#2359= IFCCARTESIANPOINT((0.0,0.0,-12.3825));
#2360= IFCAXIS2PLACEMENT3D(#2359,$,$);
#2361= IFCEXTRUDEDAREASOLID(#2358,#2360,#2,12.3825);
#2362= IFCCARTESIANPOINT((0.0,0.0,27.94));
#2363= IFCAXIS2PLACEMENT3D(#2362,$,$);
#2364= IFCEXTRUDEDAREASOLID(#2358,#2363,#2,16.1925);
#2365= IFCSHAPEREPRESENTATION(#6,'Body','SweptSolid',(#2357,#2361,#2364));
#2366= IFCPRODUCTDEFINITIONSHAPE($,$,(#2365));
#2367= IFCCARTESIANPOINT((18110.454,7592.06,4144.01));
#2368= IFCDIRECTION((0.0,1.0,0.0));
#2369= IFCDIRECTION((-1.0,0.0,0.0));
#2370= IFCAXIS2PLACEMENT3D(#2367,#2368,#2369);
#2371= IFCLOCALPLACEMENT(#16,#2370);
#2372= IFCMECHANICALFASTENER('BwUNPeh3Ghl892F6KbZcBQ',$,'BOLT A325N',$,$,#2371,#2366,$,19.05,50.8);
#2373= IFCELEMENTASSEMBLY('uZ07aTdBzImxmwPSZYVHdo',$,'BEAM',$,$,#16,$,'B4',.FACTORY.,.NOTDEFINED.);
#2374= IFCRELAGGREGATES('5SCRulxi_3jpQKi$pKJsNy',$,$,$,#2373,(#2186,#2224,#2315));
#2375= IFCAXIS2PLACEMENT3D(#1,$,$);
#2376= IFCEXTRUDEDAREASOLID(#24,#2375,#2,8865.108);
#2377= IFCCIRCLEPROFILEDEF(.AREA.,'D13/16',#22,10.3);
#2378= IFCCARTESIANPOINT((-60.0,-76.2,38.1));
#2379= IFCDIRECTION((1.0,0.0,0.0));
#2380= IFCDIRECTION((0.0,0.0,1.0));
#2381= IFCAXIS2PLACEMENT3D(#2378,#2379,#2380);
#2382= IFCEXTRUDEDAREASOLID(#2377,#2381,#2,120.);
#2383= IFCBOOLEANRESULT(.DIFFERENCE.,#2376,#2382);
#2384= IFCCIRCLEPROFILEDEF(.AREA.,'D13/16',#22,10.3);
#2385= IFCCARTESIANPOINT((-60.0,0.0,38.1));
#2386= IFCDIRECTION((1.0,0.0,0.0));
#2387= IFCDIRECTION((0.0,0.0,1.0));
#2388= IFCAXIS2PLACEMENT3D(#2385,#2386,#2387);
#2389= IFCEXTRUDEDAREASOLID(#2384,#2388,#2,120.);
#2390= IFCBOOLEANRESULT(.DIFFERENCE.,#2383,#2389);
#2391= IFCCIRCLEPROFILEDEF(.AREA.,'D13/16',#22,10.3);
#2392= IFCCARTESIANPOINT((-60.0,76.2,38.1));
#2393= IFCDIRECTION((1.0,0.0,0.0));
#2394= IFCDIRECTION((0.0,0.0,1.0));
#2395= IFCAXIS2PLACEMENT3D(#2392,#2393,#2394);
#2396= IFCEXTRUDEDAREASOLID(#2391,#2395,#2,120.);
#2397= IFCBOOLEANRESULT(.DIFFERENCE.,#2390,#2396);
#2398= IFCCIRCLEPROFILEDEF(.AREA.,'D13/16',#22,10.3);
#2399= IFCCARTESIANPOINT((-60.0,-76.2,8827.008));
#2400= IFCDIRECTION((1.0,0.0,0.0));
#2401= IFCDIRECTION((0.0,0.0,1.0));
#2402= IFCAXIS2PLACEMENT3D(#2399,#2400,#2401);
#2403= IFCEXTRUDEDAREASOLID(#2398,#2402,#2,120.);
#2404= IFCBOOLEANRESULT(.DIFFERENCE.,#2397,#2403);
#2405= IFCCIRCLEPROFILEDEF(.AREA.,'D13/16',#22,10.3);
#2406= IFCCARTESIANPOINT((-60.0,0.0,8827.008));
#2407= IFCDIRECTION((1.0,0.0,0.0));
#2408= IFCDIRECTION((0.0,0.0,1.0));
#2409= IFCAXIS2PLACEMENT3D(#2406,#2407,#2408);
#2410= IFCEXTRUDEDAREASOLID(#2405,#2409,#2,120.);
#2411= IFCBOOLEANRESULT(.DIFFERENCE.,#2404,#2410);
#2412= IFCCIRCLEPROFILEDEF(.AREA.,'D13/16',#22,10.3);
#2413= IFCCARTESIANPOINT((-60.0,76.2,8827.008));
#2414= IFCDIRECTION((1.0,0.0,0.0));
#2415= IFCDIRECTION((0.0,0.0,1.0));
#2416= IFCAXIS2PLACEMENT3D(#2413,#2414,#2415);
#2417= IFCEXTRUDEDAREASOLID(#2412,#2416,#2,120.);
#2418= IFCBOOLEANRESULT(.DIFFERENCE.,#2411,#2417);
#2419= IFCSHAPEREPRESENTATION(#6,'Body','CSG',(#2418));
#2420= IFCPRODUCTDEFINITIONSHAPE($,$,(#2419));
#2421= IFCCARTESIANPOINT((139.446,15240.0,4067.81));
#2422= IFCDIRECTION((1.0,0.0,0.0));
#2423= IFCDIRECTION((0.0,1.0,0.0));
#2424= IFCAXIS2PLACEMENT3D(#2421,#2422,#2423);
#2425= IFCLOCALPLACEMENT(#16,#2424);
#2426= IFCBEAM('QPVjCXZiFzamRet0cWHGLb',$,'BEAM','W16X26','W16X26',#2425,#2420,'B5');
#2427= IFCQUANTITYWEIGHT('NetWeight',$,$,343.0102);
#2428= IFCQUANTITYLENGTH('Length',$,$,8865.108);
#2429= IFCELEMENTQUANTITY('CtxttOCJqMJeStnZJCNOKy',$,'BaseQuantities',$,$,(#2427,#2428));
#2430= IFCRELDEFINESBYPROPERTIES('Ou_C2Pu4DtRdTMilDz8KdJ',$,$,$,(#2426),#2429);
#2431= IFCCARTESIANPOINT((50.8,114.3));
#2432= IFCAXIS2PLACEMENT2D(#2431,$);
#2433= IFCRECTANGLEPROFILEDEF(.AREA.,'PL3/8X4',#2432,101.6,228.6);
#2434= IFCAXIS2PLACEMENT3D(#1,$,$);
#2435= IFCEXTRUDEDAREASOLID(#2433,#2434,#2,9.525);
#2436= IFCCARTESIANPOINT((50.8,38.1));
#2437= IFCAXIS2PLACEMENT2D(#2436,$);
#2438= IFCCIRCLEPROFILEDEF(.AREA.,'D13/16',#2437,10.3);
#2439= IFCCARTESIANPOINT((0.0,0.0,-5.0));
#2440= IFCAXIS2PLACEMENT3D(#2439,$,$);
#2441= IFCEXTRUDEDAREASOLID(#2438,#2440,#2,19.525);
#2442= IFCBOOLEANRESULT(.DIFFERENCE.,#2435,#2441);
#2443= IFCCARTESIANPOINT((50.8,114.3));
#2444= IFCAXIS2PLACEMENT2D(#2443,$);
#2445= IFCCIRCLEPROFILEDEF(.AREA.,'D13/16',#2444,10.3);
#2446= IFCCARTESIANPOINT((0.0,0.0,-5.0));
#2447= IFCAXIS2PLACEMENT3D(#2446,$,$);
#2448= IFCEXTRUDEDAREASOLID(#2445,#2447,#2,19.525);
#2449= IFCBOOLEANRESULT(.DIFFERENCE.,#2442,#2448);
#2450= IFCCARTESIANPOINT((50.8,190.5));
#2451= IFCAXIS2PLACEMENT2D(#2450,$);
#2452= IFCCIRCLEPROFILEDEF(.AREA.,'D13/16',#2451,10.3);
#2453= IFCCARTESIANPOINT((0.0,0.0,-5.0));
#2454= IFCAXIS2PLACEMENT3D(#2453,$,$);
#2455= IFCEXTRUDEDAREASOLID(#2452,#2454,#2,19.525);
#2456= IFCBOOLEANRESULT(.DIFFERENCE.,#2449,#2455);
#2457= IFCSHAPEREPRESENTATION(#6,'Body','CSG',(#2456));
#2458= IFCPRODUCTDEFINITIONSHAPE($,$,(#2457));
#2459= IFCCARTESIANPOINT((126.746,15252.7,3953.51));
#2460= IFCDIRECTION((0.0,-1.0,0.0));
#2461= IFCDIRECTION((1.0,0.0,0.0));
#2462= IFCAXIS2PLACEMENT3D(#2459,#2460,#2461);
#2463= IFCLOCALPLACEMENT(#16,#2462);
#2464= IFCPLATE('WC76PVQAWWBX_NW0cxSlVq',$,'SHEAR PLATE','PL3/8X4','PL3/8X4',#2463,#2458,'p9');
#2465= IFCQUANTITYWEIGHT('NetWeight',$,$,1.6619);
#2466= IFCELEMENTQUANTITY('ES1EgDv_2SQi4enqoSdr9u',$,'BaseQuantities',$,$,(#2465));
#2467= IFCRELDEFINESBYPROPERTIES('tyZMqqR6RxVFAlt11X_KOy',$,$,$,(#2464),#2466);
#2468= IFCCIRCLEPROFILEDEF(.AREA.,'D0.75',#22,9.525);
#2469= IFCAXIS2PLACEMENT3D(#1,$,$);
#2470= IFCEXTRUDEDAREASOLID(#2468,#2469,#2,50.8);
#2471= IFCCIRCLEPROFILEDEF(.AREA.,'NUT',#22,16.1925);
#2472= IFCCARTESIANPOINT((0.0,0.0,-12.3825));
#2473= IFCAXIS2PLACEMENT3D(#2472,$,$);
#2474= IFCEXTRUDEDAREASOLID(#2471,#2473,#2,12.3825);
#2475= IFCCARTESIANPOINT((0.0,0.0,27.94));
#2476= IFCAXIS2PLACEMENT3D(#2475,$,$);
#2477= IFCEXTRUDEDAREASOLID(#2471,#2476,#2,16.1925);
#2478= IFCSHAPEREPRESENTATION(#6,'Body','SweptSolid',(#2470,#2474,#2477));
#2479= IFCPRODUCTDEFINITIONSHAPE($,$,(#2478));
#2480= IFCCARTESIANPOINT((177.546,15212.06,3991.61));
#2481= IFCDIRECTION((0.0,1.0,0.0));
#2482= IFCDIRECTION((-1.0,0.0,0.0));
#2483= IFCAXIS2PLACEMENT3D(#2480,#2481,#2482);
#2484= IFCLOCALPLACEMENT(#16,#2483);
#2485= IFCMECHANICALFASTENER('GctQIo0b2mufTh8G6Aa5bd',$,'BOLT A325N',$,$,#2484,#2479,$,19.05,50.8);
#2486= IFCCIRCLEPROFILEDEF(.AREA.,'D0.75',#22,9.525);
#2487= IFCAXIS2PLACEMENT3D(#1,$,$);
#2488= IFCEXTRUDEDAREASOLID(#2486,#2487,#2,50.8);
#2489= IFCCIRCLEPROFILEDEF(.AREA.,'NUT',#22,16.1925);
#2490= IFCCARTESIANPOINT((0.0,0.0,-12.3825));
#2491= IFCAXIS2PLACEMENT3D(#2490,$,$);
#2492= IFCEXTRUDEDAREASOLID(#2489,#2491,#2,12.3825);
#2493= IFCCARTESIANPOINT((0.0,0.0,27.94));
#2494= IFCAXIS2PLACEMENT3D(#2493,$,$);
#2495= IFCEXTRUDEDAREASOLID(#2489,#2494,#2,16.1925);
#2496= IFCSHAPEREPRESENTATION(#6,'Body','SweptSolid',(#2488,#2492,#2495));
#2497= IFCPRODUCTDEFINITIONSHAPE($,$,(#2496));
#2498= IFCCARTESIANPOINT((177.546,15212.06,4067.81));
#2499= IFCDIRECTION((0.0,1.0,0.0));
#2500= IFCDIRECTION((-1.0,0.0,0.0));
#2501= IFCAXIS2PLACEMENT3D(#2498,#2499,#2500);
#2502= IFCLOCALPLACEMENT(#16,#2501);
#2503= IFCMECHANICALFASTENER('KEB8c3lMorFFxc_unDtTmP',$,'BOLT A325N',$,$,#2502,#2497,$,19.05,50.8);
#2504= IFCCIRCLEPROFILEDEF(.AREA.,'D0.75',#22,9.525);
#2505= IFCAXIS2PLACEMENT3D(#1,$,$);
#2506= IFCEXTRUDEDAREASOLID(#2504,#2505,#2,50.8);
#2507= IFCCIRCLEPROFILEDEF(.AREA.,'NUT',#22,16.1925);
#2508= IFCCARTESIANPOINT((0.0,0.0,-12.3825));
#2509= IFCAXIS2PLACEMENT3D(#2508,$,$);
#2510= IFCEXTRUDEDAREASOLID(#2507,#2509,#2,12.3825);
#2511= IFCCARTESIANPOINT((0.0,0.0,27.94));
#2512= IFCAXIS2PLACEMENT3D(#2511,$,$);
#2513= IFCEXTRUDEDAREASOLID(#2507,#2512,#2,16.1925);
#2514= IFCSHAPEREPRESENTATION(#6,'Body','SweptSolid',(#2506,#2510,#2513));
#2515= IFCPRODUCTDEFINITIONSHAPE($,$,(#2514));
#2516= IFCCARTESIANPOINT((177.546,15212.06,4144.01));
#2517= IFCDIRECTION((0.0,1.0,0.0));
#2518= IFCDIRECTION((-1.0,0.0,0.0));
#2519= IFCAXIS2PLACEMENT3D(#2516,#2517,#2518);
#2520= IFCLOCALPLACEMENT(#16,#2519);
#2521= IFCMECHANICALFASTENER('fzmoZE5vXPJunZkJLsJYUF',$,'BOLT A325N',$,$,#2520,#2515,$,19.05,50.8);
#2522= IFCCARTESIANPOINT((50.8,114.3));
#2523= IFCAXIS2PLACEMENT2D(#2522,$);
#2524= IFCRECTANGLEPROFILEDEF(.AREA.,'PL3/8X4',#2523,101.6,228.6);
#2525= IFCAXIS2PLACEMENT3D(#1,$,$);
#2526= IFCEXTRUDEDAREASOLID(#2524,#2525,#2,9.525);
#2527= IFCCARTESIANPOINT((50.8,38.1));
#2528= IFCAXIS2PLACEMENT2D(#2527,$);
#2529= IFCCIRCLEPROFILEDEF(.AREA.,'D13/16',#2528,10.3);
#2530= IFCCARTESIANPOINT((0.0,0.0,-5.0));
#2531= IFCAXIS2PLACEMENT3D(#2530,$,$);
#2532= IFCEXTRUDEDAREASOLID(#2529,#2531,#2,19.525);
#2533= IFCBOOLEANRESULT(.DIFFERENCE.,#2526,#2532);
#2534= IFCCARTESIANPOINT((50.8,114.3));
#2535= IFCAXIS2PLACEMENT2D(#2534,$);
#2536= IFCCIRCLEPROFILEDEF(.AREA.,'D13/16',#2535,10.3);
#2537= IFCCARTESIANPOINT((0.0,0.0,-5.0));
#2538= IFCAXIS2PLACEMENT3D(#2537,$,$);
#2539= IFCEXTRUDEDAREASOLID(#2536,#2538,#2,19.525);
#2540= IFCBOOLEANRESULT(.DIFFERENCE.,#2533,#2539);
#2541= IFCCARTESIANPOINT((50.8,190.5));
#2542= IFCAXIS2PLACEMENT2D(#2541,$);
#2543= IFCCIRCLEPROFILEDEF(.AREA.,'D13/16',#2542,10.3);
#2544= IFCCARTESIANPOINT((0.0,0.0,-5.0));
#2545= IFCAXIS2PLACEMENT3D(#2544,$,$);
#2546= IFCEXTRUDEDAREASOLID(#2543,#2545,#2,19.525);
#2547= IFCBOOLEANRESULT(.DIFFERENCE.,#2540,#2546);
#2548= IFCSHAPEREPRESENTATION(#6,'Body','CSG',(#2547));
#2549= IFCPRODUCTDEFINITIONSHAPE($,$,(#2548));
#2550= IFCCARTESIANPOINT((8915.654,15252.7,3953.51));
#2551= IFCDIRECTION((0.0,-1.0,0.0));
#2552= IFCDIRECTION((1.0,0.0,0.0));
#2553= IFCAXIS2PLACEMENT3D(#2550,#2551,#2552);
#2554= IFCLOCALPLACEMENT(#16,#2553);
#2555= IFCPLATE('2rA4ucu8DDpc2mkGyB23JS',$,'SHEAR PLATE','PL3/8X4','PL3/8X4',#2554,#2549,'p10');
#2556= IFCQUANTITYWEIGHT('NetWeight',$,$,1.6619);
#2557= IFCELEMENTQUANTITY('ABO9HbruWUe6Cqd7ECs8RZ',$,'BaseQuantities',$,$,(#2556));
#2558= IFCRELDEFINESBYPROPERTIES('$bNt2awfcZAC$hTlEebdlV',$,$,$,(#2555),#2557);
#2559= IFCCIRCLEPROFILEDEF(.AREA.,'D0.75',#22,9.525);
#2560= IFCAXIS2PLACEMENT3D(#1,$,$);
#2561= IFCEXTRUDEDAREASOLID(#2559,#2560,#2,50.8);
#2562= IFCCIRCLEPROFILEDEF(.AREA.,'NUT',#22,16.1925);
#2563= IFCCARTESIANPOINT((0.0,0.0,-12.3825));
#2564= IFCAXIS2PLACEMENT3D(#2563,$,$);
#2565= IFCEXTRUDEDAREASOLID(#2562,#2564,#2,12.3825);
#2566= IFCCARTESIANPOINT((0.0,0.0,27.94));
#2567= IFCAXIS2PLACEMENT3D(#2566,$,$);
#2568= IFCEXTRUDEDAREASOLID(#2562,#2567,#2,16.1925);
#2569= IFCSHAPEREPRESENTATION(#6,'Body','SweptSolid',(#2561,#2565,#2568));
#2570= IFCPRODUCTDEFINITIONSHAPE($,$,(#2569));
#2571= IFCCARTESIANPOINT((8966.454,15212.06,3991.61));
#2572= IFCDIRECTION((0.0,1.0,0.0));
#2573= IFCDIRECTION((-1.0,0.0,0.0));
#2574= IFCAXIS2PLACEMENT3D(#2571,#2572,#2573);
#2575= IFCLOCALPLACEMENT(#16,#2574);
#2576= IFCMECHANICALFASTENER('qZUtxWQHG1AWMkXOpxMCcD',$,'BOLT A325N',$,$,#2575,#2570,$,19.05,50.8);
#2577= IFCCIRCLEPROFILEDEF(.AREA.,'D0.75',#22,9.525);
#2578= IFCAXIS2PLACEMENT3D(#1,$,$);
#2579= IFCEXTRUDEDAREASOLID(#2577,#2578,#2,50.8);
#2580= IFCCIRCLEPROFILEDEF(.AREA.,'NUT',#22,16.1925);
#2581= IFCCARTESIANPOINT((0.0,0.0,-12.3825));
#2582= IFCAXIS2PLACEMENT3D(#2581,$,$);
#2583= IFCEXTRUDEDAREASOLID(#2580,#2582,#2,12.3825);
#2584= IFCCARTESIANPOINT((0.0,0.0,27.94));
#2585= IFCAXIS2PLACEMENT3D(#2584,$,$);
#2586= IFCEXTRUDEDAREASOLID(#2580,#2585,#2,16.1925);
#2587= IFCSHAPEREPRESENTATION(#6,'Body','SweptSolid',(#2579,#2583,#2586));
#2588= IFCPRODUCTDEFINITIONSHAPE($,$,(#2587));
#2589= IFCCARTESIANPOINT((8966.454,15212.06,4067.81));
#2590= IFCDIRECTION((0.0,1.0,0.0));
#2591= IFCDIRECTION((-1.0,0.0,0.0));
#2592= IFCAXIS2PLACEMENT3D(#2589,#2590,#2591);
#2593= IFCLOCALPLACEMENT(#16,#2592);
#2594= IFCMECHANICALFASTENER('Nyr5OoosPlappoOnIhx4AU',$,'BOLT A325N',$,$,#2593,#2588,$,19.05,50.8);
#2595= IFCCIRCLEPROFILEDEF(.AREA.,'D0.75',#22,9.525);
#2596= IFCAXIS2PLACEMENT3D(#1,$,$);
#2597= IFCEXTRUDEDAREASOLID(#2595,#2596,#2,50.8);
#2598= IFCCIRCLEPROFILEDEF(.AREA.,'NUT',#22,16.1925);
#2599= IFCCARTESIANPOINT((0.0,0.0,-12.3825));
#2600= IFCAXIS2PLACEMENT3D(#2599,$,$);
#2601= IFCEXTRUDEDAREASOLID(#2598,#2600,#2,12.3825);
#2602= IFCCARTESIANPOINT((0.0,0.0,27.94));
#2603= IFCAXIS2PLACEMENT3D(#2602,$,$);
#2604= IFCEXTRUDEDAREASOLID(#2598,#2603,#2,16.1925);
#2605= IFCSHAPEREPRESENTATION(#6,'Body','SweptSolid',(#2597,#2601,#2604));
#2606= IFCPRODUCTDEFINITIONSHAPE($,$,(#2605));
#2607= IFCCARTESIANPOINT((8966.454,15212.06,4144.01));
#2608= IFCDIRECTION((0.0,1.0,0.0));
#2609= IFCDIRECTION((-1.0,0.0,0.0));
#2610= IFCAXIS2PLACEMENT3D(#2607,#2608,#2609);
#2611= IFCLOCALPLACEMENT(#16,#2610);
#2612= IFCMECHANICALFASTENER('9MkYwygdlNMLBJRzhDJISg',$,'BOLT A325N',$,$,#2611,#2606,$,19.05,50.8);
#2613= IFCELEMENTASSEMBLY('acAYQo1tSmx1um0CTpWU3C',$,'BEAM',$,$,#16,$,'B5',.FACTORY.,.NOTDEFINED.);
#2614= IFCRELAGGREGATES('xrBVvaR7l4F2_IpJxYipKO',$,$,$,#2613,(#2426,#2464,#2555));
#2615= IFCAXIS2PLACEMENT3D(#1,$,$);
#2616= IFCEXTRUDEDAREASOLID(#24,#2615,#2,8865.108);
#2617= IFCCIRCLEPROFILEDEF(.AREA.,'D13/16',#22,10.3);
#2618= IFCCARTESIANPOINT((-60.0,-76.2,38.1));
#2619= IFCDIRECTION((1.0,0.0,0.0));
#2620= IFCDIRECTION((0.0,0.0,1.0));
#2621= IFCAXIS2PLACEMENT3D(#2618,#2619,#2620);
#2622= IFCEXTRUDEDAREASOLID(#2617,#2621,#2,120.);
#2623= IFCBOOLEANRESULT(.DIFFERENCE.,#2616,#2622);
#2624= IFCCIRCLEPROFILEDEF(.AREA.,'D13/16',#22,10.3);
#2625= IFCCARTESIANPOINT((-60.0,0.0,38.1));
#2626= IFCDIRECTION((1.0,0.0,0.0));
#2627= IFCDIRECTION((0.0,0.0,1.0));
#2628= IFCAXIS2PLACEMENT3D(#2625,#2626,#2627);
#2629= IFCEXTRUDEDAREASOLID(#2624,#2628,#2,120.);
#2630= IFCBOOLEANRESULT(.DIFFERENCE.,#2623,#2629);
#2631= IFCCIRCLEPROFILEDEF(.AREA.,'D13/16',#22,10.3);
#2632= IFCCARTESIANPOINT((-60.0,76.2,38.1));
#2633= IFCDIRECTION((1.0,0.0,0.0));
#2634= IFCDIRECTION((0.0,0.0,1.0));
#2635= IFCAXIS2PLACEMENT3D(#2632,#2633,#2634);
#2636= IFCEXTRUDEDAREASOLID(#2631,#2635,#2,120.);
#2637= IFCBOOLEANRESULT(.DIFFERENCE.,#2630,#2636);
#2638= IFCCIRCLEPROFILEDEF(.AREA.,'D13/16',#22,10.3);
#2639= IFCCARTESIANPOINT((-60.0,-76.2,8827.008));
#2640= IFCDIRECTION((1.0,0.0,0.0));
#2641= IFCDIRECTION((0.0,0.0,1.0));
#2642= IFCAXIS2PLACEMENT3D(#2639,#2640,#2641);
#2643= IFCEXTRUDEDAREASOLID(#2638,#2642,#2,120.);
#2644= IFCBOOLEANRESULT(.DIFFERENCE.,#2637,#2643);
#2645= IFCCIRCLEPROFILEDEF(.AREA.,'D13/16',#22,10.3);
#2646= IFCCARTESIANPOINT((-60.0,0.0,8827.008));
#2647= IFCDIRECTION((1.0,0.0,0.0));
#2648= IFCDIRECTION((0.0,0.0,1.0));
#2649= IFCAXIS2PLACEMENT3D(#2646,#2647,#2648);
#2650= IFCEXTRUDEDAREASOLID(#2645,#2649,#2,120.);
#2651= IFCBOOLEANRESULT(.DIFFERENCE.,#2644,#2650);
#2652= IFCCIRCLEPROFILEDEF(.AREA.,'D13/16',#22,10.3);
#2653= IFCCARTESIANPOINT((-60.0,76.2,8827.008));
#2654= IFCDIRECTION((1.0,0.0,0.0));
#2655= IFCDIRECTION((0.0,0.0,1.0));
#2656= IFCAXIS2PLACEMENT3D(#2653,#2654,#2655);
#2657= IFCEXTRUDEDAREASOLID(#2652,#2656,#2,120.);
#2658= IFCBOOLEANRESULT(.DIFFERENCE.,#2651,#2657);
#2659= IFCSHAPEREPRESENTATION(#6,'Body','CSG',(#2658));
#2660= IFCPRODUCTDEFINITIONSHAPE($,$,(#2659));
#2661= IFCCARTESIANPOINT((9283.446,15240.0,4067.81));
#2662= IFCDIRECTION((1.0,0.0,0.0));
#2663= IFCDIRECTION((0.0,1.0,0.0));
#2664= IFCAXIS2PLACEMENT3D(#2661,#2662,#2663);
#2665= IFCLOCALPLACEMENT(#16,#2664);
#2666= IFCBEAM('BgtObf6lD4gWXZtvvxxeEM',$,'BEAM','W16X26','W16X26',#2665,#2660,'B6');
#2667= IFCQUANTITYWEIGHT('NetWeight',$,$,343.0102);
#2668= IFCQUANTITYLENGTH('Length',$,$,8865.108);
#2669= IFCELEMENTQUANTITY('EVGQHQ$gOgvz5M7Mv98v32',$,'BaseQuantities',$,$,(#2667,#2668));
#2670= IFCRELDEFINESBYPROPERTIES('zqBqTH6qUhd_ro71f4tPSg',$,$,$,(#2666),#2669);
#2671= IFCCARTESIANPOINT((50.8,114.3));
#2672= IFCAXIS2PLACEMENT2D(#2671,$);
#2673= IFCRECTANGLEPROFILEDEF(.AREA.,'PL3/8X4',#2672,101.6,228.6);
#2674= IFCAXIS2PLACEMENT3D(#1,$,$);
#2675= IFCEXTRUDEDAREASOLID(#2673,#2674,#2,9.525);
#2676= IFCCARTESIANPOINT((50.8,38.1));
#2677= IFCAXIS2PLACEMENT2D(#2676,$);
#2678= IFCCIRCLEPROFILEDEF(.AREA.,'D13/16',#2677,10.3);
#2679= IFCCARTESIANPOINT((0.0,0.0,-5.0));
#2680= IFCAXIS2PLACEMENT3D(#2679,$,$);
#2681= IFCEXTRUDEDAREASOLID(#2678,#2680,#2,19.525);
#2682= IFCBOOLEANRESULT(.DIFFERENCE.,#2675,#2681);
#2683= IFCCARTESIANPOINT((50.8,114.3));
#2684= IFCAXIS2PLACEMENT2D(#2683,$);
#2685= IFCCIRCLEPROFILEDEF(.AREA.,'D13/16',#2684,10.3);
#2686= IFCCARTESIANPOINT((0.0,0.0,-5.0));
#2687= IFCAXIS2PLACEMENT3D(#2686,$,$);
#2688= IFCEXTRUDEDAREASOLID(#2685,#2687,#2,19.525);
#2689= IFCBOOLEANRESULT(.DIFFERENCE.,#2682,#2688);
#2690= IFCCARTESIANPOINT((50.8,190.5));
#2691= IFCAXIS2PLACEMENT2D(#2690,$);
#2692= IFCCIRCLEPROFILEDEF(.AREA.,'D13/16',#2691,10.3);
#2693= IFCCARTESIANPOINT((0.0,0.0,-5.0));
#2694= IFCAXIS2PLACEMENT3D(#2693,$,$);
#2695= IFCEXTRUDEDAREASOLID(#2692,#2694,#2,19.525);
#2696= IFCBOOLEANRESULT(.DIFFERENCE.,#2689,#2695);
#2697= IFCSHAPEREPRESENTATION(#6,'Body','CSG',(#2696));
#2698= IFCPRODUCTDEFINITIONSHAPE($,$,(#2697));
#2699= IFCCARTESIANPOINT((9270.746,15252.7,3953.51));
#2700= IFCDIRECTION((0.0,-1.0,0.0));
#2701= IFCDIRECTION((1.0,0.0,0.0));
#2702= IFCAXIS2PLACEMENT3D(#2699,#2700,#2701);
#2703= IFCLOCALPLACEMENT(#16,#2702);
#2704= IFCPLATE('13C7s_$lCme1nXq8$mD_Cp',$,'SHEAR PLATE','PL3/8X4','PL3/8X4',#2703,#2698,'p11');
#2705= IFCQUANTITYWEIGHT('NetWeight',$,$,1.6619);
#2706= IFCELEMENTQUANTITY('D$t3Eyc5rZ0yVixmDb6gdU',$,'BaseQuantities',$,$,(#2705));
#2707= IFCRELDEFINESBYPROPERTIES('p3twIzc5b1If7V3LXUmSfI',$,$,$,(#2704),#2706);
#2708= IFCCIRCLEPROFILEDEF(.AREA.,'D0.75',#22,9.525);
#2709= IFCAXIS2PLACEMENT3D(#1,$,$);
#2710= IFCEXTRUDEDAREASOLID(#2708,#2709,#2,50.8);
#2711= IFCCIRCLEPROFILEDEF(.AREA.,'NUT',#22,16.1925);
#2712= IFCCARTESIANPOINT((0.0,0.0,-12.3825));
#2713= IFCAXIS2PLACEMENT3D(#2712,$,$);
#2714= IFCEXTRUDEDAREASOLID(#2711,#2713,#2,12.3825);
#2715= IFCCARTESIANPOINT((0.0,0.0,27.94));
#2716= IFCAXIS2PLACEMENT3D(#2715,$,$);
#2717= IFCEXTRUDEDAREASOLID(#2711,#2716,#2,16.1925);
#2718= IFCSHAPEREPRESENTATION(#6,'Body','SweptSolid',(#2710,#2714,#2717));
#2719= IFCPRODUCTDEFINITIONSHAPE($,$,(#2718));
#2720= IFCCARTESIANPOINT((9321.546,15212.06,3991.61));
#2721= IFCDIRECTION((0.0,1.0,0.0));
#2722= IFCDIRECTION((-1.0,0.0,0.0));
#2723= IFCAXIS2PLACEMENT3D(#2720,#2721,#2722);
#2724= IFCLOCALPLACEMENT(#16,#2723);
#2725= IFCMECHANICALFASTENER('CVuniJvMal2Y$6FK0o8fg9',$,'BOLT A325N',$,$,#2724,#2719,$,19.05,50.8);
#2726= IFCCIRCLEPROFILEDEF(.AREA.,'D0.75',#22,9.525);
#2727= IFCAXIS2PLACEMENT3D(#1,$,$);
#2728= IFCEXTRUDEDAREASOLID(#2726,#2727,#2,50.8);
#2729= IFCCIRCLEPROFILEDEF(.AREA.,'NUT',#22,16.1925);
#2730= IFCCARTESIANPOINT((0.0,0.0,-12.3825));
#2731= IFCAXIS2PLACEMENT3D(#2730,$,$);
#2732= IFCEXTRUDEDAREASOLID(#2729,#2731,#2,12.3825);
#2733= IFCCARTESIANPOINT((0.0,0.0,27.94));
#2734= IFCAXIS2PLACEMENT3D(#2733,$,$);
#2735= IFCEXTRUDEDAREASOLID(#2729,#2734,#2,16.1925);
#2736= IFCSHAPEREPRESENTATION(#6,'Body','SweptSolid',(#2728,#2732,#2735));
#2737= IFCPRODUCTDEFINITIONSHAPE($,$,(#2736));
#2738= IFCCARTESIANPOINT((9321.546,15212.06,4067.81));
#2739= IFCDIRECTION((0.0,1.0,0.0));
#2740= IFCDIRECTION((-1.0,0.0,0.0));
#2741= IFCAXIS2PLACEMENT3D(#2738,#2739,#2740);
#2742= IFCLOCALPLACEMENT(#16,#2741);
#2743= IFCMECHANICALFASTENER('JmHc5FwI_FRJdT06XCNufG',$,'BOLT A325N',$,$,#2742,#2737,$,19.05,50.8);
#2744= IFCCIRCLEPROFILEDEF(.AREA.,'D0.75',#22,9.525);
#2745= IFCAXIS2PLACEMENT3D(#1,$,$);
#2746= IFCEXTRUDEDAREASOLID(#2744,#2745,#2,50.8);
#2747= IFCCIRCLEPROFILEDEF(.AREA.,'NUT',#22,16.1925);
#2748= IFCCARTESIANPOINT((0.0,0.0,-12.3825));
#2749= IFCAXIS2PLACEMENT3D(#2748,$,$);
#2750= IFCEXTRUDEDAREASOLID(#2747,#2749,#2,12.3825);
#2751= IFCCARTESIANPOINT((0.0,0.0,27.94));
#2752= IFCAXIS2PLACEMENT3D(#2751,$,$);
#2753= IFCEXTRUDEDAREASOLID(#2747,#2752,#2,16.1925);
#2754= IFCSHAPEREPRESENTATION(#6,'Body','SweptSolid',(#2746,#2750,#2753));
#2755= IFCPRODUCTDEFINITIONSHAPE($,$,(#2754));
#2756= IFCCARTESIANPOINT((9321.546,15212.06,4144.01));
#2757= IFCDIRECTION((0.0,1.0,0.0));
#2758= IFCDIRECTION((-1.0,0.0,0.0));
#2759= IFCAXIS2PLACEMENT3D(#2756,#2757,#2758);
#2760= IFCLOCALPLACEMENT(#16,#2759);
#2761= IFCMECHANICALFASTENER('NeoIvZWNHlJV2FPd0dfCax',$,'BOLT A325N',$,$,#2760,#2755,$,19.05,50.8);
#2762= IFCCARTESIANPOINT((50.8,114.3));
#2763= IFCAXIS2PLACEMENT2D(#2762,$);
#2764= IFCRECTANGLEPROFILEDEF(.AREA.,'PL3/8X4',#2763,101.6,228.6);
#2765= IFCAXIS2PLACEMENT3D(#1,$,$);
#2766= IFCEXTRUDEDAREASOLID(#2764,#2765,#2,9.525);
#2767= IFCCARTESIANPOINT((50.8,38.1));
#2768= IFCAXIS2PLACEMENT2D(#2767,$);
#2769= IFCCIRCLEPROFILEDEF(.AREA.,'D13/16',#2768,10.3);
#2770= IFCCARTESIANPOINT((0.0,0.0,-5.0));
#2771= IFCAXIS2PLACEMENT3D(#2770,$,$);
#2772= IFCEXTRUDEDAREASOLID(#2769,#2771,#2,19.525);
#2773= IFCBOOLEANRESULT(.DIFFERENCE.,#2766,#2772);
#2774= IFCCARTESIANPOINT((50.8,114.3));
#2775= IFCAXIS2PLACEMENT2D(#2774,$);
#2776= IFCCIRCLEPROFILEDEF(.AREA.,'D13/16',#2775,10.3);
#2777= IFCCARTESIANPOINT((0.0,0.0,-5.0));
#2778= IFCAXIS2PLACEMENT3D(#2777,$,$);
#2779= IFCEXTRUDEDAREASOLID(#2776,#2778,#2,19.525);
#2780= IFCBOOLEANRESULT(.DIFFERENCE.,#2773,#2779);
#2781= IFCCARTESIANPOINT((50.8,190.5));
#2782= IFCAXIS2PLACEMENT2D(#2781,$);
#2783= IFCCIRCLEPROFILEDEF(.AREA.,'D13/16',#2782,10.3);
#2784= IFCCARTESIANPOINT((0.0,0.0,-5.0));
#2785= IFCAXIS2PLACEMENT3D(#2784,$,$);
#2786= IFCEXTRUDEDAREASOLID(#2783,#2785,#2,19.525);
#2787= IFCBOOLEANRESULT(.DIFFERENCE.,#2780,#2786);
#2788= IFCSHAPEREPRESENTATION(#6,'Body','CSG',(#2787));
#2789= IFCPRODUCTDEFINITIONSHAPE($,$,(#2788));
#2790= IFCCARTESIANPOINT((18059.654,15252.7,3953.51));
#2791= IFCDIRECTION((0.0,-1.0,0.0));
#2792= IFCDIRECTION((1.0,0.0,0.0));
#2793= IFCAXIS2PLACEMENT3D(#2790,#2791,#2792);
#2794= IFCLOCALPLACEMENT(#16,#2793);
#2795= IFCPLATE('KuDBipNKQ90BpAGVw6qvE3',$,'SHEAR PLATE','PL3/8X4','PL3/8X4',#2794,#2789,'p12');
#2796= IFCQUANTITYWEIGHT('NetWeight',$,$,1.6619);
#2797= IFCELEMENTQUANTITY('ohPUtiwkGn8brabFRtfuaO',$,'BaseQuantities',$,$,(#2796));
#2798= IFCRELDEFINESBYPROPERTIES('zcmBFv8usW$XoDTKtO0zmh',$,$,$,(#2795),#2797);
#2799= IFCCIRCLEPROFILEDEF(.AREA.,'D0.75',#22,9.525);
#2800= IFCAXIS2PLACEMENT3D(#1,$,$);
#2801= IFCEXTRUDEDAREASOLID(#2799,#2800,#2,50.8);
#2802= IFCCIRCLEPROFILEDEF(.AREA.,'NUT',#22,16.1925);
#2803= IFCCARTESIANPOINT((0.0,0.0,-12.3825));
#2804= IFCAXIS2PLACEMENT3D(#2803,$,$);
#2805= IFCEXTRUDEDAREASOLID(#2802,#2804,#2,12.3825);
#2806= IFCCARTESIANPOINT((0.0,0.0,27.94));
#2807= IFCAXIS2PLACEMENT3D(#2806,$,$);
#2808= IFCEXTRUDEDAREASOLID(#2802,#2807,#2,16.1925);
#2809= IFCSHAPEREPRESENTATION(#6,'Body','SweptSolid',(#2801,#2805,#2808));
#2810= IFCPRODUCTDEFINITIONSHAPE($,$,(#2809));
#2811= IFCCARTESIANPOINT((18110.454,15212.06,3991.61));
#2812= IFCDIRECTION((0.0,1.0,0.0));
#2813= IFCDIRECTION((-1.0,0.0,0.0));
#2814= IFCAXIS2PLACEMENT3D(#2811,#2812,#2813);
#2815= IFCLOCALPLACEMENT(#16,#2814);
#2816= IFCMECHANICALFASTENER('mFAoJdqGafvxazHMW2q3Z$',$,'BOLT A325N',$,$,#2815,#2810,$,19.05,50.8);
#2817= IFCCIRCLEPROFILEDEF(.AREA.,'D0.75',#22,9.525);
#2818= IFCAXIS2PLACEMENT3D(#1,$,$);
#2819= IFCEXTRUDEDAREASOLID(#2817,#2818,#2,50.8);
#2820= IFCCIRCLEPROFILEDEF(.AREA.,'NUT',#22,16.1925);
#2821= IFCCARTESIANPOINT((0.0,0.0,-12.3825));
#2822= IFCAXIS2PLACEMENT3D(#2821,$,$);
#2823= IFCEXTRUDEDAREASOLID(#2820,#2822,#2,12.3825);
#2824= IFCCARTESIANPOINT((0.0,0.0,27.94));
#2825= IFCAXIS2PLACEMENT3D(#2824,$,$);
#2826= IFCEXTRUDEDAREASOLID(#2820,#2825,#2,16.1925);
#2827= IFCSHAPEREPRESENTATION(#6,'Body','SweptSolid',(#2819,#2823,#2826));
#2828= IFCPRODUCTDEFINITIONSHAPE($,$,(#2827));
#2829= IFCCARTESIANPOINT((18110.454,15212.06,4067.81));
#2830= IFCDIRECTION((0.0,1.0,0.0));
#2831= IFCDIRECTION((-1.0,0.0,0.0));
#2832= IFCAXIS2PLACEMENT3D(#2829,#2830,#2831);
#2833= IFCLOCALPLACEMENT(#16,#2832);
#2834= IFCMECHANICALFASTENER('lRs2xqPBBSdmPrlwtknDS8',$,'BOLT A325N',$,$,#2833,#2828,$,19.05,50.8);
#2835= IFCCIRCLEPROFILEDEF(.AREA.,'D0.75',#22,9.525);
#2836= IFCAXIS2PLACEMENT3D(#1,$,$);
#2837= IFCEXTRUDEDAREASOLID(#2835,#2836,#2,50.8);
#2838= IFCCIRCLEPROFILEDEF(.AREA.,'NUT',#22,16.1925);
#2839= IFCCARTESIANPOINT((0.0,0.0,-12.3825));
#2840= IFCAXIS2PLACEMENT3D(#2839,$,$);
#2841= IFCEXTRUDEDAREASOLID(#2838,#2840,#2,12.3825);
#2842= IFCCARTESIANPOINT((0.0,0.0,27.94));
#2843= IFCAXIS2PLACEMENT3D(#2842,$,$);
#2844= IFCEXTRUDEDAREASOLID(#2838,#2843,#2,16.1925);
#2845= IFCSHAPEREPRESENTATION(#6,'Body','SweptSolid',(#2837,#2841,#2844));
#2846= IFCPRODUCTDEFINITIONSHAPE($,$,(#2845));
#2847= IFCCARTESIANPOINT((18110.454,15212.06,4144.01));
#2848= IFCDIRECTION((0.0,1.0,0.0));
#2849= IFCDIRECTION((-1.0,0.0,0.0));
#2850= IFCAXIS2PLACEMENT3D(#2847,#2848,#2849);
#2851= IFCLOCALPLACEMENT(#16,#2850);
#2852= IFCMECHANICALFASTENER('dEvqirLUsgWne$v4$Q6K7i',$,'BOLT A325N',$,$,#2851,#2846,$,19.05,50.8);
#2853= IFCELEMENTASSEMBLY('cARU$cuq958MQBmJck8Ifs',$,'BEAM',$,$,#16,$,'B6',.FACTORY.,.NOTDEFINED.);
#2854= IFCRELAGGREGATES('SF5A_f4pZlvTYNxNKwiHo8',$,$,$,#2853,(#2666,#2704,#2795));
#2855= IFCAXIS2PLACEMENT3D(#1,$,$);
#2856= IFCEXTRUDEDAREASOLID(#25,#2855,#2,7585.964);
#2857= IFCSHAPEREPRESENTATION(#6,'Body','SweptSolid',(#2856));
#2858= IFCPRODUCTDEFINITIONSHAPE($,$,(#2857));
#2859= IFCCARTESIANPOINT((0.0,17.018,4004.31));
#2860= IFCDIRECTION((0.0,1.0,0.0));
#2861= IFCDIRECTION((-1.0,0.0,0.0));
#2862= IFCAXIS2PLACEMENT3D(#2859,#2860,#2861);
#2863= IFCLOCALPLACEMENT(#16,#2862);
#2864= IFCBEAM('OckZUCgnTe11utlc$TScQi',$,'GIRDER','W21X44','W21X44',#2863,#2858,'G1');
#2865= IFCQUANTITYWEIGHT('NetWeight',$,$,496.7216);
#2866= IFCQUANTITYLENGTH('Length',$,$,7585.964);
#2867= IFCELEMENTQUANTITY('zjmA13ne$QtQ_4yRfy0XbH',$,'BaseQuantities',$,$,(#2865,#2866));
#2868= IFCRELDEFINESBYPROPERTIES('uQa_NPdoh2CbiOIMqaElIC',$,$,$,(#2864),#2867);
#2869= IFCELEMENTASSEMBLY('cWqYwahW1SgTfPtXh3da1Y',$,'GIRDER',$,$,#16,$,'G1',.FACTORY.,.NOTDEFINED.);
#2870= IFCRELAGGREGATES('HRkElhFNsWBv$dk5hrXNy$',$,$,$,#2869,(#2864));
#2871= IFCAXIS2PLACEMENT3D(#1,$,$);
#2872= IFCEXTRUDEDAREASOLID(#25,#2871,#2,7585.964);
#2873= IFCSHAPEREPRESENTATION(#6,'Body','SweptSolid',(#2872));
#2874= IFCPRODUCTDEFINITIONSHAPE($,$,(#2873));
#2875= IFCCARTESIANPOINT((0.0,7637.018,4004.31));
#2876= IFCDIRECTION((0.0,1.0,0.0));
#2877= IFCDIRECTION((-1.0,0.0,0.0));
#2878= IFCAXIS2PLACEMENT3D(#2875,#2876,#2877);
#2879= IFCLOCALPLACEMENT(#16,#2878);
#2880= IFCBEAM('gHVXCUVV4PUG$i$l7OTsyO',$,'GIRDER','W21X44','W21X44',#2879,#2874,'G2');
#2881= IFCQUANTITYWEIGHT('NetWeight',$,$,496.7216);
#2882= IFCQUANTITYLENGTH('Length',$,$,7585.964);
#2883= IFCELEMENTQUANTITY('5h5AZiF_JMCJmGcRgyAzho',$,'BaseQuantities',$,$,(#2881,#2882));
#2884= IFCRELDEFINESBYPROPERTIES('Qi2__PPFwSChJDOekAqD5c',$,$,$,(#2880),#2883);
#2885= IFCELEMENTASSEMBLY('nxyYhc3O_MAQisO8A5G2_u',$,'GIRDER',$,$,#16,$,'G2',.FACTORY.,.NOTDEFINED.);
#2886= IFCRELAGGREGATES('WZ3qY5YHxQQVI3YG_qk0tr',$,$,$,#2885,(#2880));
#2887= IFCAXIS2PLACEMENT3D(#1,$,$);
#2888= IFCEXTRUDEDAREASOLID(#25,#2887,#2,7585.964);
#2889= IFCSHAPEREPRESENTATION(#6,'Body','SweptSolid',(#2888));
#2890= IFCPRODUCTDEFINITIONSHAPE($,$,(#2889));
#2891= IFCCARTESIANPOINT((9144.0,17.018,4004.31));
#2892= IFCDIRECTION((0.0,1.0,0.0));
#2893= IFCDIRECTION((-1.0,0.0,0.0));
#2894= IFCAXIS2PLACEMENT3D(#2891,#2892,#2893);
#2895= IFCLOCALPLACEMENT(#16,#2894);
#2896= IFCBEAM('7D$5pH$_MIpGrZYAUEwkCN',$,'GIRDER','W21X44','W21X44',#2895,#2890,'G3');
#2897= IFCQUANTITYWEIGHT('NetWeight',$,$,496.7216);
#2898= IFCQUANTITYLENGTH('Length',$,$,7585.964);
#2899= IFCELEMENTQUANTITY('RH2BgTeTF6rN4BzzRqcQIx',$,'BaseQuantities',$,$,(#2897,#2898));
#2900= IFCRELDEFINESBYPROPERTIES('yL5iQgFQuDFgI6Y0$r6Ggs',$,$,$,(#2896),#2899);
#2901= IFCELEMENTASSEMBLY('r8tUkoIsXlcBu2fEo$vMFk',$,'GIRDER',$,$,#16,$,'G3',.FACTORY.,.NOTDEFINED.);
#2902= IFCRELAGGREGATES('4U1J6axf7UUvWyunETNkEi',$,$,$,#2901,(#2896));
#2903= IFCAXIS2PLACEMENT3D(#1,$,$);
#2904= IFCEXTRUDEDAREASOLID(#25,#2903,#2,7585.964);
#2905= IFCSHAPEREPRESENTATION(#6,'Body','SweptSolid',(#2904));
#2906= IFCPRODUCTDEFINITIONSHAPE($,$,(#2905));
#2907= IFCCARTESIANPOINT((9144.0,7637.018,4004.31));
#2908= IFCDIRECTION((0.0,1.0,0.0));
#2909= IFCDIRECTION((-1.0,0.0,0.0));
#2910= IFCAXIS2PLACEMENT3D(#2907,#2908,#2909);
#2911= IFCLOCALPLACEMENT(#16,#2910);
#2912= IFCBEAM('wI7sR8uyGC1rqVFTuhRfBu',$,'GIRDER','W21X44','W21X44',#2911,#2906,'G4');
#2913= IFCQUANTITYWEIGHT('NetWeight',$,$,496.7216);
#2914= IFCQUANTITYLENGTH('Length',$,$,7585.964);
#2915= IFCELEMENTQUANTITY('Ng8f2EWqMh4vFfQLdJYWZv',$,'BaseQuantities',$,$,(#2913,#2914));
#2916= IFCRELDEFINESBYPROPERTIES('JbXuRLOuGRgModpyoJk6sW',$,$,$,(#2912),#2915);
#2917= IFCELEMENTASSEMBLY('MgQmYHGkwQHMhX0tN8XBRD',$,'GIRDER',$,$,#16,$,'G4',.FACTORY.,.NOTDEFINED.);
#2918= IFCRELAGGREGATES('b$fVbZi6E52LXAtOU_hw5d',$,$,$,#2917,(#2912));
#2919= IFCAXIS2PLACEMENT3D(#1,$,$);
#2920= IFCEXTRUDEDAREASOLID(#25,#2919,#2,7585.964);
#2921= IFCSHAPEREPRESENTATION(#6,'Body','SweptSolid',(#2920));
#2922= IFCPRODUCTDEFINITIONSHAPE($,$,(#2921));
#2923= IFCCARTESIANPOINT((18288.0,17.018,4004.31));
#2924= IFCDIRECTION((0.0,1.0,0.0));
#2925= IFCDIRECTION((-1.0,0.0,0.0));
#2926= IFCAXIS2PLACEMENT3D(#2923,#2924,#2925);
#2927= IFCLOCALPLACEMENT(#16,#2926);
#2928= IFCBEAM('WFojcCPfaZYBT5AmiNthYV',$,'GIRDER','W21X44','W21X44',#2927,#2922,'G5');
#2929= IFCQUANTITYWEIGHT('NetWeight',$,$,496.7216);
#2930= IFCQUANTITYLENGTH('Length',$,$,7585.964);
#2931= IFCELEMENTQUANTITY('LbMEM3UlyHrxL5lB2eI37N',$,'BaseQuantities',$,$,(#2929,#2930));
#2932= IFCRELDEFINESBYPROPERTIES('GcbDKqJbeMHvLvpNGcnHfU',$,$,$,(#2928),#2931);
#2933= IFCELEMENTASSEMBLY('plBgwCFWCJgfq2CCNrXe7I',$,'GIRDER',$,$,#16,$,'G5',.FACTORY.,.NOTDEFINED.);
#2934= IFCRELAGGREGATES('ZFlihJww5hcfCe7jpjkvZH',$,$,$,#2933,(#2928));
#2935= IFCAXIS2PLACEMENT3D(#1,$,$);
#2936= IFCEXTRUDEDAREASOLID(#25,#2935,#2,7585.964);
#2937= IFCSHAPEREPRESENTATION(#6,'Body','SweptSolid',(#2936));
#2938= IFCPRODUCTDEFINITIONSHAPE($,$,(#2937));
#2939= IFCCARTESIANPOINT((18288.0,7637.018,4004.31));
#2940= IFCDIRECTION((0.0,1.0,0.0));
#2941= IFCDIRECTION((-1.0,0.0,0.0));
#2942= IFCAXIS2PLACEMENT3D(#2939,#2940,#2941);
#2943= IFCLOCALPLACEMENT(#16,#2942);
#2944= IFCBEAM('9dAOt55aNqBHVDHu0U6S1U',$,'GIRDER','W21X44','W21X44',#2943,#2938,'G6');
#2945= IFCQUANTITYWEIGHT('NetWeight',$,$,496.7216);
#2946= IFCQUANTITYLENGTH('Length',$,$,7585.964);
#2947= IFCELEMENTQUANTITY('JmJKozZ0Tec_4ktGvGg0_J',$,'BaseQuantities',$,$,(#2945,#2946));
#2948= IFCRELDEFINESBYPROPERTIES('1hzol3$5Fy9BpfTXvAuudi',$,$,$,(#2944),#2947);
#2949= IFCELEMENTASSEMBLY('_Rt9qFiGsQUSUSh2pZa71r',$,'GIRDER',$,$,#16,$,'G6',.FACTORY.,.NOTDEFINED.);
#2950= IFCRELAGGREGATES('cncLywxap5CxfN3_MTYlEg',$,$,$,#2949,(#2944));
#2951= IFCAXIS2PLACEMENT3D(#1,$,$);
#2952= IFCEXTRUDEDAREASOLID(#26,#2951,#2,7581.9);
#2953= IFCSHAPEREPRESENTATION(#6,'Body','SweptSolid',(#2952));
#2954= IFCPRODUCTDEFINITIONSHAPE($,$,(#2953));
#2955= IFCCARTESIANPOINT((3048.0,19.05,4112.26));
#2956= IFCDIRECTION((0.0,1.0,0.0));
#2957= IFCDIRECTION((-1.0,0.0,0.0));
#2958= IFCAXIS2PLACEMENT3D(#2955,#2956,#2957);
#2959= IFCLOCALPLACEMENT(#16,#2958);
#2960= IFCBEAM('0jinEhggdIM28xeSD0lRqX',$,'BEAM','W12X19','W12X19',#2959,#2954,'B7');
#2961= IFCQUANTITYWEIGHT('NetWeight',$,$,214.3785);
#2962= IFCQUANTITYLENGTH('Length',$,$,7581.9);
#2963= IFCELEMENTQUANTITY('gW39Xk9mW2ir3bW2l67UwC',$,'BaseQuantities',$,$,(#2961,#2962));
#2964= IFCRELDEFINESBYPROPERTIES('h9WiCI9wvUMZhyWqPA37Iu',$,$,$,(#2960),#2963);
#2965= IFCELEMENTASSEMBLY('hNqqbsO0BGGWuM03ke27tX',$,'BEAM',$,$,#16,$,'B7',.FACTORY.,.NOTDEFINED.);
#2966= IFCRELAGGREGATES('UUDvQ9TDTSCuEfteyKpyKf',$,$,$,#2965,(#2960));
#2967= IFCAXIS2PLACEMENT3D(#1,$,$);
#2968= IFCEXTRUDEDAREASOLID(#26,#2967,#2,7581.9);
#2969= IFCSHAPEREPRESENTATION(#6,'Body','SweptSolid',(#2968));
#2970= IFCPRODUCTDEFINITIONSHAPE($,$,(#2969));
#2971= IFCCARTESIANPOINT((6096.0,19.05,4112.26));
#2972= IFCDIRECTION((0.0,1.0,0.0));
#2973= IFCDIRECTION((-1.0,0.0,0.0));
#2974= IFCAXIS2PLACEMENT3D(#2971,#2972,#2973);
#2975= IFCLOCALPLACEMENT(#16,#2974);
#2976= IFCBEAM('mvNCCv$D9UlGAqyymHs$Nx',$,'BEAM','W12X19','W12X19',#2975,#2970,'B8');
#2977= IFCQUANTITYWEIGHT('NetWeight',$,$,214.3785);
#2978= IFCQUANTITYLENGTH('Length',$,$,7581.9);
#2979= IFCELEMENTQUANTITY('aCKglSUVvo$tIQTig89dFy',$,'BaseQuantities',$,$,(#2977,#2978));
#2980= IFCRELDEFINESBYPROPERTIES('Nxx0p94tO3GPiqfQjOXP0V',$,$,$,(#2976),#2979);
#2981= IFCELEMENTASSEMBLY('f74c1D3nruj2vI4KxeYx2a',$,'BEAM',$,$,#16,$,'B8',.FACTORY.,.NOTDEFINED.);
#2982= IFCRELAGGREGATES('hi289u0rEzBFY1nBUoSFf0',$,$,$,#2981,(#2976));
#2983= IFCAXIS2PLACEMENT3D(#1,$,$);
#2984= IFCEXTRUDEDAREASOLID(#26,#2983,#2,7581.9);
#2985= IFCSHAPEREPRESENTATION(#6,'Body','SweptSolid',(#2984));
#2986= IFCPRODUCTDEFINITIONSHAPE($,$,(#2985));
#2987= IFCCARTESIANPOINT((3048.0,7639.05,4112.26));
#2988= IFCDIRECTION((0.0,1.0,0.0));
#2989= IFCDIRECTION((-1.0,0.0,0.0));
#2990= IFCAXIS2PLACEMENT3D(#2987,#2988,#2989);
#2991= IFCLOCALPLACEMENT(#16,#2990);
#2992= IFCBEAM('rL1AMTSMfho7itG$Pc0Phq',$,'BEAM','W12X19','W12X19',#2991,#2986,'B9');
#2993= IFCQUANTITYWEIGHT('NetWeight',$,$,214.3785);
#2994= IFCQUANTITYLENGTH('Length',$,$,7581.9);
#2995= IFCELEMENTQUANTITY('QvTd5hnTqn9BCDdF_6B4Q4',$,'BaseQuantities',$,$,(#2993,#2994));
#2996= IFCRELDEFINESBYPROPERTIES('GTroUYiJhwMvXx7cRTzck0',$,$,$,(#2992),#2995);
#2997= IFCELEMENTASSEMBLY('G9ESG2K$K0XkmQz0XVfHrX',$,'BEAM',$,$,#16,$,'B9',.FACTORY.,.NOTDEFINED.);
#2998= IFCRELAGGREGATES('kffI2d$0TAywQzHFwF0eNO',$,$,$,#2997,(#2992));
#2999= IFCAXIS2PLACEMENT3D(#1,$,$);
#3000= IFCEXTRUDEDAREASOLID(#26,#2999,#2,7581.9);
#3001= IFCSHAPEREPRESENTATION(#6,'Body','SweptSolid',(#3000));
#3002= IFCPRODUCTDEFINITIONSHAPE($,$,(#3001));
#3003= IFCCARTESIANPOINT((6096.0,7639.05,4112.26));
#3004= IFCDIRECTION((0.0,1.0,0.0));
#3005= IFCDIRECTION((-1.0,0.0,0.0));
#3006= IFCAXIS2PLACEMENT3D(#3003,#3004,#3005);
#3007= IFCLOCALPLACEMENT(#16,#3006);
#3008= IFCBEAM('m82Pc9ELuiEPmZPXpErTWm',$,'BEAM','W12X19','W12X19',#3007,#3002,'B10');
#3009= IFCQUANTITYWEIGHT('NetWeight',$,$,214.3785);
#3010= IFCQUANTITYLENGTH('Length',$,$,7581.9);
#3011= IFCELEMENTQUANTITY('qCsNKHZJIQ$LQUNIo9yieB',$,'BaseQuantities',$,$,(#3009,#3010));
#3012= IFCRELDEFINESBYPROPERTIES('S823CADlUrhlosK5cQRLou',$,$,$,(#3008),#3011);
#3013= IFCELEMENTASSEMBLY('TtyS9_sqYctX$5v$j3yKdc',$,'BEAM',$,$,#16,$,'B10',.FACTORY.,.NOTDEFINED.);
#3014= IFCRELAGGREGATES('D_z99LuuizZhnHw2BkaJje',$,$,$,#3013,(#3008));
#3015= IFCAXIS2PLACEMENT3D(#1,$,$);
#3016= IFCEXTRUDEDAREASOLID(#26,#3015,#2,7581.9);
#3017= IFCSHAPEREPRESENTATION(#6,'Body','SweptSolid',(#3016));
#3018= IFCPRODUCTDEFINITIONSHAPE($,$,(#3017));
#3019= IFCCARTESIANPOINT((12192.0,19.05,4112.26));
#3020= IFCDIRECTION((0.0,1.0,0.0));
#3021= IFCDIRECTION((-1.0,0.0,0.0));
#3022= IFCAXIS2PLACEMENT3D(#3019,#3020,#3021);
#3023= IFCLOCALPLACEMENT(#16,#3022);
#3024= IFCBEAM('fq$0JGQlSpgnGu5Ug4I8dl',$,'BEAM','W12X19','W12X19',#3023,#3018,'B11');
#3025= IFCQUANTITYWEIGHT('NetWeight',$,$,214.3785);
#3026= IFCQUANTITYLENGTH('Length',$,$,7581.9);
#3027= IFCELEMENTQUANTITY('r_amlPZTS_YM_EQy9rW9FC',$,'BaseQuantities',$,$,(#3025,#3026));
#3028= IFCRELDEFINESBYPROPERTIES('j$SyAzlWJ$G6KP$JSzYx0D',$,$,$,(#3024),#3027);
#3029= IFCELEMENTASSEMBLY('oXUaDb6WLUHwHy1IQida6e',$,'BEAM',$,$,#16,$,'B11',.FACTORY.,.NOTDEFINED.);
#3030= IFCRELAGGREGATES('x8TnWvJWEHVRvLDewfmNNJ',$,$,$,#3029,(#3024));
#3031= IFCAXIS2PLACEMENT3D(#1,$,$);
#3032= IFCEXTRUDEDAREASOLID(#26,#3031,#2,7581.9);
#3033= IFCSHAPEREPRESENTATION(#6,'Body','SweptSolid',(#3032));
#3034= IFCPRODUCTDEFINITIONSHAPE($,$,(#3033));
#3035= IFCCARTESIANPOINT((15240.0,19.05,4112.26));
#3036= IFCDIRECTION((0.0,1.0,0.0));
#3037= IFCDIRECTION((-1.0,0.0,0.0));
#3038= IFCAXIS2PLACEMENT3D(#3035,#3036,#3037);
#3039= IFCLOCALPLACEMENT(#16,#3038);
#3040= IFCBEAM('Zp1zC8AsKSDTU6fB9njC4G',$,'BEAM','W12X19','W12X19',#3039,#3034,'B12');
#3041= IFCQUANTITYWEIGHT('NetWeight',$,$,214.3785);
#3042= IFCQUANTITYLENGTH('Length',$,$,7581.9);
#3043= IFCELEMENTQUANTITY('CyvfBfBFpDh6UX6gjFyV_F',$,'BaseQuantities',$,$,(#3041,#3042));
#3044= IFCRELDEFINESBYPROPERTIES('RRG0H119MXXQEChU0NPr4E',$,$,$,(#3040),#3043);
#3045= IFCELEMENTASSEMBLY('CSM6ADaWmpjy4U8v7ltxms',$,'BEAM',$,$,#16,$,'B12',.FACTORY.,.NOTDEFINED.);
#3046= IFCRELAGGREGATES('N6fy1J2Xe$xBaEWG3Sn$Uj',$,$,$,#3045,(#3040));
#3047= IFCAXIS2PLACEMENT3D(#1,$,$);
#3048= IFCEXTRUDEDAREASOLID(#26,#3047,#2,7581.9);
#3049= IFCSHAPEREPRESENTATION(#6,'Body','SweptSolid',(#3048));
#3050= IFCPRODUCTDEFINITIONSHAPE($,$,(#3049));
#3051= IFCCARTESIANPOINT((12192.0,7639.05,4112.26));
#3052= IFCDIRECTION((0.0,1.0,0.0));
#3053= IFCDIRECTION((-1.0,0.0,0.0));
#3054= IFCAXIS2PLACEMENT3D(#3051,#3052,#3053);
#3055= IFCLOCALPLACEMENT(#16,#3054);
#3056= IFCBEAM('gWHclVd933chuXcKmkTBwD',$,'BEAM','W12X19','W12X19',#3055,#3050,'B13');
#3057= IFCQUANTITYWEIGHT('NetWeight',$,$,214.3785);
#3058= IFCQUANTITYLENGTH('Length',$,$,7581.9);
#3059= IFCELEMENTQUANTITY('ERW4c__ry2ja4x6_o0fjPB',$,'BaseQuantities',$,$,(#3057,#3058));
#3060= IFCRELDEFINESBYPROPERTIES('2yjVKBo3lmD54nv2I5iFBL',$,$,$,(#3056),#3059);
#3061= IFCELEMENTASSEMBLY('OBYxqhINj0F8uDfNgJx5RI',$,'BEAM',$,$,#16,$,'B13',.FACTORY.,.NOTDEFINED.);
#3062= IFCRELAGGREGATES('D9mk_AfMI$fWcSwZrdTKKb',$,$,$,#3061,(#3056));
#3063= IFCAXIS2PLACEMENT3D(#1,$,$);
#3064= IFCEXTRUDEDAREASOLID(#26,#3063,#2,7581.9);
#3065= IFCSHAPEREPRESENTATION(#6,'Body','SweptSolid',(#3064));
#3066= IFCPRODUCTDEFINITIONSHAPE($,$,(#3065));
#3067= IFCCARTESIANPOINT((15240.0,7639.05,4112.26));
#3068= IFCDIRECTION((0.0,1.0,0.0));
#3069= IFCDIRECTION((-1.0,0.0,0.0));
#3070= IFCAXIS2PLACEMENT3D(#3067,#3068,#3069);
#3071= IFCLOCALPLACEMENT(#16,#3070);
#3072= IFCBEAM('zkm8Yz7YdDAC_Jf6szQN9y',$,'BEAM','W12X19','W12X19',#3071,#3066,'B14');
#3073= IFCQUANTITYWEIGHT('NetWeight',$,$,214.3785);
#3074= IFCQUANTITYLENGTH('Length',$,$,7581.9);
#3075= IFCELEMENTQUANTITY('GdbEx$Gn2im5W9lK_UauEK',$,'BaseQuantities',$,$,(#3073,#3074));
#3076= IFCRELDEFINESBYPROPERTIES('YbSW1qlk9Y_tv86j9I7$XS',$,$,$,(#3072),#3075);
#3077= IFCELEMENTASSEMBLY('7h2hZPDCjb9FxVkZ6V8Rns',$,'BEAM',$,$,#16,$,'B14',.FACTORY.,.NOTDEFINED.);
#3078= IFCRELAGGREGATES('dlkfR19$9Oky1OQ7eKGlHj',$,$,$,#3077,(#3072));
#3079= IFCAXIS2PLACEMENT3D(#1,$,$);
#3080= IFCEXTRUDEDAREASOLID(#27,#3079,#2,8865.108);
#3081= IFCSHAPEREPRESENTATION(#6,'Body','SweptSolid',(#3080));
#3082= IFCPRODUCTDEFINITIONSHAPE($,$,(#3081));
#3083= IFCCARTESIANPOINT((139.446,0.0,8360.41));
#3084= IFCDIRECTION((1.0,0.0,0.0));
#3085= IFCDIRECTION((0.0,1.0,0.0));
#3086= IFCAXIS2PLACEMENT3D(#3083,#3084,#3085);
#3087= IFCLOCALPLACEMENT(#16,#3086);
#3088= IFCBEAM('OxMh8fzPbz767xf9Mjnk8Q',$,'BEAM','W14X22','W14X22',#3087,#3082,'B15');
#3089= IFCQUANTITYWEIGHT('NetWeight',$,$,290.2394);
#3090= IFCQUANTITYLENGTH('Length',$,$,8865.108);
#3091= IFCELEMENTQUANTITY('uwZzIQIApt57qH5IXrDxtr',$,'BaseQuantities',$,$,(#3089,#3090));
#3092= IFCRELDEFINESBYPROPERTIES('fpZ7OGiOi5ikNctReFZ_qg',$,$,$,(#3088),#3091);
#3093= IFCELEMENTASSEMBLY('bSwjsrAbEzIiNNhTTVNxIW',$,'BEAM',$,$,#16,$,'B15',.FACTORY.,.NOTDEFINED.);
#3094= IFCRELAGGREGATES('A9$suBkylE9Bp8ldlW2QG8',$,$,$,#3093,(#3088));
#3095= IFCAXIS2PLACEMENT3D(#1,$,$);
#3096= IFCEXTRUDEDAREASOLID(#27,#3095,#2,8865.108);
#3097= IFCSHAPEREPRESENTATION(#6,'Body','SweptSolid',(#3096));
#3098= IFCPRODUCTDEFINITIONSHAPE($,$,(#3097));
#3099= IFCCARTESIANPOINT((9283.446,0.0,8360.41));
#3100= IFCDIRECTION((1.0,0.0,0.0));
#3101= IFCDIRECTION((0.0,1.0,0.0));
#3102= IFCAXIS2PLACEMENT3D(#3099,#3100,#3101);
#3103= IFCLOCALPLACEMENT(#16,#3102);
#3104= IFCBEAM('UlwLt3GOlaYetHsI$ZPFZs',$,'BEAM','W14X22','W14X22',#3103,#3098,'B16');
#3105= IFCQUANTITYWEIGHT('NetWeight',$,$,290.2394);
#3106= IFCQUANTITYLENGTH('Length',$,$,8865.108);
#3107= IFCELEMENTQUANTITY('bZ59QJf7AJ_QmNdO6TRH4A',$,'BaseQuantities',$,$,(#3105,#3106));
#3108= IFCRELDEFINESBYPROPERTIES('$jEyeo4r5ni5aNm6P4HK2n',$,$,$,(#3104),#3107);
#3109= IFCELEMENTASSEMBLY('2LSEtM1q_5RyARFp9xS5wM',$,'BEAM',$,$,#16,$,'B16',.FACTORY.,.NOTDEFINED.);
#3110= IFCRELAGGREGATES('nzAsbx5olUX$7FIh1_wobt',$,$,$,#3109,(#3104));
#3111= IFCAXIS2PLACEMENT3D(#1,$,$);
#3112= IFCEXTRUDEDAREASOLID(#27,#3111,#2,8865.108);
#3113= IFCSHAPEREPRESENTATION(#6,'Body','SweptSolid',(#3112));
#3114= IFCPRODUCTDEFINITIONSHAPE($,$,(#3113));
#3115= IFCCARTESIANPOINT((18427.446,0.0,8360.41));
#3116= IFCDIRECTION((1.0,0.0,0.0));
#3117= IFCDIRECTION((0.0,1.0,0.0));
#3118= IFCAXIS2PLACEMENT3D(#3115,#3116,#3117);
#3119= IFCLOCALPLACEMENT(#16,#3118);
#3120= IFCBEAM('R41UxCGB4SBHlq3kErxNqN',$,'BEAM','W14X22','W14X22',#3119,#3114,'B17');
#3121= IFCQUANTITYWEIGHT('NetWeight',$,$,290.2394);
#3122= IFCQUANTITYLENGTH('Length',$,$,8865.108);
#3123= IFCELEMENTQUANTITY('EuBzjlCBNkxPzIyNQgUvrc',$,'BaseQuantities',$,$,(#3121,#3122));
#3124= IFCRELDEFINESBYPROPERTIES('$o1rpSztyk$1RiaaLQ8BQj',$,$,$,(#3120),#3123);
#3125= IFCELEMENTASSEMBLY('JBI5YfMdOuTEE1BvdNNqNA',$,'BEAM',$,$,#16,$,'B17',.FACTORY.,.NOTDEFINED.);
#3126= IFCRELAGGREGATES('J8r4ax2Z8mXy9JLzK1ek4G',$,$,$,#3125,(#3120));
#3127= IFCAXIS2PLACEMENT3D(#1,$,$);
#3128= IFCEXTRUDEDAREASOLID(#27,#3127,#2,8865.108);
#3129= IFCSHAPEREPRESENTATION(#6,'Body','SweptSolid',(#3128));
#3130= IFCPRODUCTDEFINITIONSHAPE($,$,(#3129));
#3131= IFCCARTESIANPOINT((27571.446,0.0,8360.41));
#3132= IFCDIRECTION((1.0,0.0,0.0));
#3133= IFCDIRECTION((0.0,1.0,0.0));
#3134= IFCAXIS2PLACEMENT3D(#3131,#3132,#3133);
#3135= IFCLOCALPLACEMENT(#16,#3134);
#3136= IFCBEAM('P947KOX0FRjeAyGiuE$9L$',$,'BEAM','W14X22','W14X22',#3135,#3130,'B18');
#3137= IFCQUANTITYWEIGHT('NetWeight',$,$,290.2394);
#3138= IFCQUANTITYLENGTH('Length',$,$,8865.108);
#3139= IFCELEMENTQUANTITY('8UKLRfFSPg3f8lkBkajUpX',$,'BaseQuantities',$,$,(#3137,#3138));
#3140= IFCRELDEFINESBYPROPERTIES('HSc2JYAg0zz9JXX_QKTxk0',$,$,$,(#3136),#3139);
#3141= IFCELEMENTASSEMBLY('YY1E$ybv9L$GcXEp29WV4O',$,'BEAM',$,$,#16,$,'B18',.FACTORY.,.NOTDEFINED.);
#3142= IFCRELAGGREGATES('xofLp$RX$KhZ9N0ubtQix7',$,$,$,#3141,(#3136));
#3143= IFCAXIS2PLACEMENT3D(#1,$,$);
#3144= IFCEXTRUDEDAREASOLID(#27,#3143,#2,8865.108);
#3145= IFCSHAPEREPRESENTATION(#6,'Body','SweptSolid',(#3144));
#3146= IFCPRODUCTDEFINITIONSHAPE($,$,(#3145));
#3147= IFCCARTESIANPOINT((139.446,7620.0,8360.41));
#3148= IFCDIRECTION((1.0,0.0,0.0));
#3149= IFCDIRECTION((0.0,1.0,0.0));
#3150= IFCAXIS2PLACEMENT3D(#3147,#3148,#3149);
#3151= IFCLOCALPLACEMENT(#16,#3150);
#3152= IFCBEAM('9aWwJ4cqGWtlvi1EB0XqD9',$,'BEAM','W14X22','W14X22',#3151,#3146,'B19');
#3153= IFCQUANTITYWEIGHT('NetWeight',$,$,290.2394);
#3154= IFCQUANTITYLENGTH('Length',$,$,8865.108);
#3155= IFCELEMENTQUANTITY('VOe95AVhTGfuMHBUyA15Ev',$,'BaseQuantities',$,$,(#3153,#3154));
#3156= IFCRELDEFINESBYPROPERTIES('HYGie6nXbdreFNDalj8DzY',$,$,$,(#3152),#3155);
#3157= IFCELEMENTASSEMBLY('ofwGuaaZNE3UGk2eac$8VR',$,'BEAM',$,$,#16,$,'B19',.FACTORY.,.NOTDEFINED.);
#3158= IFCRELAGGREGATES('1WyJFgBHFD5$UcEpAy5FkS',$,$,$,#3157,(#3152));
#3159= IFCAXIS2PLACEMENT3D(#1,$,$);
#3160= IFCEXTRUDEDAREASOLID(#27,#3159,#2,8865.108);
#3161= IFCSHAPEREPRESENTATION(#6,'Body','SweptSolid',(#3160));
#3162= IFCPRODUCTDEFINITIONSHAPE($,$,(#3161));
#3163= IFCCARTESIANPOINT((9283.446,7620.0,8360.41));
#3164= IFCDIRECTION((1.0,0.0,0.0));
#3165= IFCDIRECTION((0.0,1.0,0.0));
#3166= IFCAXIS2PLACEMENT3D(#3163,#3164,#3165);
#3167= IFCLOCALPLACEMENT(#16,#3166);
#3168= IFCBEAM('G5CsIb_TpzRnM7hQ$XZRRw',$,'BEAM','W14X22','W14X22',#3167,#3162,'B20');
#3169= IFCQUANTITYWEIGHT('NetWeight',$,$,290.2394);
#3170= IFCQUANTITYLENGTH('Length',$,$,8865.108);
#3171= IFCELEMENTQUANTITY('0oJQ7ww015sFXqeajR_bxV',$,'BaseQuantities',$,$,(#3169,#3170));
#3172= IFCRELDEFINESBYPROPERTIES('dleKbmEeIyruikxrokMlH0',$,$,$,(#3168),#3171);
#3173= IFCELEMENTASSEMBLY('7PehMy$GqSVe0fZ3QbXVpI',$,'BEAM',$,$,#16,$,'B20',.FACTORY.,.NOTDEFINED.);
#3174= IFCRELAGGREGATES('02T6AasI9TKNVU95AROM4B',$,$,$,#3173,(#3168));
#3175= IFCAXIS2PLACEMENT3D(#1,$,$);
#3176= IFCEXTRUDEDAREASOLID(#27,#3175,#2,8865.108);
#3177= IFCSHAPEREPRESENTATION(#6,'Body','SweptSolid',(#3176));
#3178= IFCPRODUCTDEFINITIONSHAPE($,$,(#3177));
#3179= IFCCARTESIANPOINT((18427.446,7620.0,8360.41));
#3180= IFCDIRECTION((1.0,0.0,0.0));
#3181= IFCDIRECTION((0.0,1.0,0.0));
#3182= IFCAXIS2PLACEMENT3D(#3179,#3180,#3181);
#3183= IFCLOCALPLACEMENT(#16,#3182);
#3184= IFCBEAM('aJ8KHBmcC0ah54CGPmZREJ',$,'BEAM','W14X22','W14X22',#3183,#3178,'B21');
#3185= IFCQUANTITYWEIGHT('NetWeight',$,$,290.2394);
#3186= IFCQUANTITYLENGTH('Length',$,$,8865.108);
#3187= IFCELEMENTQUANTITY('G4xWK3PW5ykv1KkGrw_4O$',$,'BaseQuantities',$,$,(#3185,#3186));
#3188= IFCRELDEFINESBYPROPERTIES('qQgo3SdRwSGARCnvL$BiE3',$,$,$,(#3184),#3187);
#3189= IFCELEMENTASSEMBLY('NpcIHIGOBXW_cpBc71e9ar',$,'BEAM',$,$,#16,$,'B21',.FACTORY.,.NOTDEFINED.);
#3190= IFCRELAGGREGATES('A9EhQIMSrIiNms0Ar72EGN',$,$,$,#3189,(#3184));
#3191= IFCAXIS2PLACEMENT3D(#1,$,$);
#3192= IFCEXTRUDEDAREASOLID(#27,#3191,#2,8865.108);
#3193= IFCSHAPEREPRESENTATION(#6,'Body','SweptSolid',(#3192));
#3194= IFCPRODUCTDEFINITIONSHAPE($,$,(#3193));
#3195= IFCCARTESIANPOINT((27571.446,7620.0,8360.41));
#3196= IFCDIRECTION((1.0,0.0,0.0));
#3197= IFCDIRECTION((0.0,1.0,0.0));
#3198= IFCAXIS2PLACEMENT3D(#3195,#3196,#3197);
#3199= IFCLOCALPLACEMENT(#16,#3198);
#3200= IFCBEAM('EcfU3EOOp5Bzl6NA93oEUj',$,'BEAM','W14X22','W14X22',#3199,#3194,'B22');
#3201= IFCQUANTITYWEIGHT('NetWeight',$,$,290.2394);
#3202= IFCQUANTITYLENGTH('Length',$,$,8865.108);
#3203= IFCELEMENTQUANTITY('W3xWtcm7oBrGDpZo1m7PVT',$,'BaseQuantities',$,$,(#3201,#3202));
#3204= IFCRELDEFINESBYPROPERTIES('2OMdjF2BCi8v34OfeJ1A1o',$,$,$,(#3200),#3203);
#3205= IFCELEMENTASSEMBLY('rMiRWNgurxFT9ZMzkzv$V0',$,'BEAM',$,$,#16,$,'B22',.FACTORY.,.NOTDEFINED.);
#3206= IFCRELAGGREGATES('dQ5phXrIjrIjP_gqh4RGw7',$,$,$,#3205,(#3200));
#3207= IFCAXIS2PLACEMENT3D(#1,$,$);
#3208= IFCEXTRUDEDAREASOLID(#27,#3207,#2,8865.108);
#3209= IFCSHAPEREPRESENTATION(#6,'Body','SweptSolid',(#3208));
#3210= IFCPRODUCTDEFINITIONSHAPE($,$,(#3209));
#3211= IFCCARTESIANPOINT((139.446,15240.0,8360.41));
#3212= IFCDIRECTION((1.0,0.0,0.0));
#3213= IFCDIRECTION((0.0,1.0,0.0));
#3214= IFCAXIS2PLACEMENT3D(#3211,#3212,#3213);
#3215= IFCLOCALPLACEMENT(#16,#3214);
#3216= IFCBEAM('BNmHtk7WTRUf1D_rg1jq_g',$,'BEAM','W14X22','W14X22',#3215,#3210,'B23');
#3217= IFCQUANTITYWEIGHT('NetWeight',$,$,290.2394);
#3218= IFCQUANTITYLENGTH('Length',$,$,8865.108);
#3219= IFCELEMENTQUANTITY('OhNTf_k$FrS1_Ewp$9DjL5',$,'BaseQuantities',$,$,(#3217,#3218));
#3220= IFCRELDEFINESBYPROPERTIES('tOYzkMHYehg2UBdfDPV6zr',$,$,$,(#3216),#3219);
#3221= IFCELEMENTASSEMBLY('RNFuVrGCaH8y3JvQWOcxP6',$,'BEAM',$,$,#16,$,'B23',.FACTORY.,.NOTDEFINED.);
#3222= IFCRELAGGREGATES('e06_DHMt37WO$hiDZh87U7',$,$,$,#3221,(#3216));
#3223= IFCAXIS2PLACEMENT3D(#1,$,$);
#3224= IFCEXTRUDEDAREASOLID(#27,#3223,#2,8865.108);
#3225= IFCSHAPEREPRESENTATION(#6,'Body','SweptSolid',(#3224));
#3226= IFCPRODUCTDEFINITIONSHAPE($,$,(#3225));
#3227= IFCCARTESIANPOINT((9283.446,15240.0,8360.41));
#3228= IFCDIRECTION((1.0,0.0,0.0));
#3229= IFCDIRECTION((0.0,1.0,0.0));
#3230= IFCAXIS2PLACEMENT3D(#3227,#3228,#3229);
#3231= IFCLOCALPLACEMENT(#16,#3230);
#3232= IFCBEAM('jSJAbvyF1EXvXhjtWvtTjh',$,'BEAM','W14X22','W14X22',#3231,#3226,'B24');
#3233= IFCQUANTITYWEIGHT('NetWeight',$,$,290.2394);
#3234= IFCQUANTITYLENGTH('Length',$,$,8865.108);
#3235= IFCELEMENTQUANTITY('7ncRP1MZJgw8fH_GtZmJbD',$,'BaseQuantities',$,$,(#3233,#3234));
#3236= IFCRELDEFINESBYPROPERTIES('7Bov2IG2VYLTy0_4_8pgTI',$,$,$,(#3232),#3235);
#3237= IFCELEMENTASSEMBLY('tEJFeYro7S7f4hemc1lKzm',$,'BEAM',$,$,#16,$,'B24',.FACTORY.,.NOTDEFINED.);
#3238= IFCRELAGGREGATES('YaooyJhTCJq3YnBbQwe38V',$,$,$,#3237,(#3232));
#3239= IFCAXIS2PLACEMENT3D(#1,$,$);
#3240= IFCEXTRUDEDAREASOLID(#27,#3239,#2,8865.108);
#3241= IFCSHAPEREPRESENTATION(#6,'Body','SweptSolid',(#3240));
#3242= IFCPRODUCTDEFINITIONSHAPE($,$,(#3241));
#3243= IFCCARTESIANPOINT((18427.446,15240.0,8360.41));
#3244= IFCDIRECTION((1.0,0.0,0.0));
#3245= IFCDIRECTION((0.0,1.0,0.0));
#3246= IFCAXIS2PLACEMENT3D(#3243,#3244,#3245);
#3247= IFCLOCALPLACEMENT(#16,#3246);
#3248= IFCBEAM('hIMT_HYfeIZArzdnj2T_0$',$,'BEAM','W14X22','W14X22',#3247,#3242,'B25');
#3249= IFCQUANTITYWEIGHT('NetWeight',$,$,290.2394);
#3250= IFCQUANTITYLENGTH('Length',$,$,8865.108);
#3251= IFCELEMENTQUANTITY('Lvw$lETxRg6bYoayb95lKo',$,'BaseQuantities',$,$,(#3249,#3250));
#3252= IFCRELDEFINESBYPROPERTIES('GkSmLua932EtdzHItTkx9r',$,$,$,(#3248),#3251);
#3253= IFCELEMENTASSEMBLY('GyJ2aHLJ58b2Dcfe0bBbkg',$,'BEAM',$,$,#16,$,'B25',.FACTORY.,.NOTDEFINED.);
#3254= IFCRELAGGREGATES('SokSPsuydJySCpXsklInN0',$,$,$,#3253,(#3248));
#3255= IFCAXIS2PLACEMENT3D(#1,$,$);
#3256= IFCEXTRUDEDAREASOLID(#27,#3255,#2,8865.108);
#3257= IFCSHAPEREPRESENTATION(#6,'Body','SweptSolid',(#3256));
#3258= IFCPRODUCTDEFINITIONSHAPE($,$,(#3257));
#3259= IFCCARTESIANPOINT((27571.446,15240.0,8360.41));
#3260= IFCDIRECTION((1.0,0.0,0.0));
#3261= IFCDIRECTION((0.0,1.0,0.0));
#3262= IFCAXIS2PLACEMENT3D(#3259,#3260,#3261);
#3263= IFCLOCALPLACEMENT(#16,#3262);
#3264= IFCBEAM('hdj0J4dwb2k1h_BJzKs$ey',$,'BEAM','W14X22','W14X22',#3263,#3258,'B26');
#3265= IFCQUANTITYWEIGHT('NetWeight',$,$,290.2394);
#3266= IFCQUANTITYLENGTH('Length',$,$,8865.108);
#3267= IFCELEMENTQUANTITY('_zgQmm0Dmit4a8Rkp5vrFO',$,'BaseQuantities',$,$,(#3265,#3266));
#3268= IFCRELDEFINESBYPROPERTIES('JR$xk_ws_UMU5mfcOl$DZT',$,$,$,(#3264),#3267);
#3269= IFCELEMENTASSEMBLY('0d29Sn_nnvVkrakhJqQ7NA',$,'BEAM',$,$,#16,$,'B26',.FACTORY.,.NOTDEFINED.);
#3270= IFCRELAGGREGATES('cHm$SWFvN0jZN66fXkOmP4',$,$,$,#3269,(#3264));
#3271= IFCAXIS2PLACEMENT3D(#1,$,$);
#3272= IFCEXTRUDEDAREASOLID(#28,#3271,#2,7585.964);
#3273= IFCSHAPEREPRESENTATION(#6,'Body','SweptSolid',(#3272));
#3274= IFCPRODUCTDEFINITIONSHAPE($,$,(#3273));
#3275= IFCCARTESIANPOINT((0.0,17.018,8309.61));
#3276= IFCDIRECTION((0.0,1.0,0.0));
#3277= IFCDIRECTION((-1.0,0.0,0.0));
#3278= IFCAXIS2PLACEMENT3D(#3275,#3276,#3277);
#3279= IFCLOCALPLACEMENT(#16,#3278);
#3280= IFCBEAM('9rs1rqjUqM1KqGzRdOWD4D',$,'GIRDER','W18X35','W18X35',#3279,#3274,'G7');
#3281= IFCQUANTITYWEIGHT('NetWeight',$,$,395.1195);
#3282= IFCQUANTITYLENGTH('Length',$,$,7585.964);
#3283= IFCELEMENTQUANTITY('cYeMva8l9ejJb5s$DH6eg8',$,'BaseQuantities',$,$,(#3281,#3282));
#3284= IFCRELDEFINESBYPROPERTIES('ZJCKpq7Bj4we$ocpiihtpQ',$,$,$,(#3280),#3283);
#3285= IFCELEMENTASSEMBLY('AjOzSaEVE_OUSzTcgZowPw',$,'GIRDER',$,$,#16,$,'G7',.FACTORY.,.NOTDEFINED.);
#3286= IFCRELAGGREGATES('_BoPc_6Oo$X$Wa6V$k99FC',$,$,$,#3285,(#3280));
#3287= IFCAXIS2PLACEMENT3D(#1,$,$);
#3288= IFCEXTRUDEDAREASOLID(#28,#3287,#2,7585.964);
#3289= IFCSHAPEREPRESENTATION(#6,'Body','SweptSolid',(#3288));
#3290= IFCPRODUCTDEFINITIONSHAPE($,$,(#3289));
#3291= IFCCARTESIANPOINT((0.0,7637.018,8309.61));
#3292= IFCDIRECTION((0.0,1.0,0.0));
#3293= IFCDIRECTION((-1.0,0.0,0.0));
#3294= IFCAXIS2PLACEMENT3D(#3291,#3292,#3293);
#3295= IFCLOCALPLACEMENT(#16,#3294);
#3296= IFCBEAM('ywqDfQBvDWv62TOvKBFER7',$,'GIRDER','W18X35','W18X35',#3295,#3290,'G8');
#3297= IFCQUANTITYWEIGHT('NetWeight',$,$,395.1195);
#3298= IFCQUANTITYLENGTH('Length',$,$,7585.964);
#3299= IFCELEMENTQUANTITY('9gKmS3CHMewhx1WkB70JpL',$,'BaseQuantities',$,$,(#3297,#3298));
#3300= IFCRELDEFINESBYPROPERTIES('xKEf9AHzIEgt4_Gm6WC4WQ',$,$,$,(#3296),#3299);
#3301= IFCELEMENTASSEMBLY('HLdQjTAtDkabIrY6b9H6ak',$,'GIRDER',$,$,#16,$,'G8',.FACTORY.,.NOTDEFINED.);
#3302= IFCRELAGGREGATES('sFfaDmEv2oMOCo8dDemrRs',$,$,$,#3301,(#3296));
#3303= IFCAXIS2PLACEMENT3D(#1,$,$);
#3304= IFCEXTRUDEDAREASOLID(#28,#3303,#2,7585.964);
#3305= IFCSHAPEREPRESENTATION(#6,'Body','SweptSolid',(#3304));
#3306= IFCPRODUCTDEFINITIONSHAPE($,$,(#3305));
#3307= IFCCARTESIANPOINT((9144.0,17.018,8309.61));
#3308= IFCDIRECTION((0.0,1.0,0.0));
#3309= IFCDIRECTION((-1.0,0.0,0.0));
#3310= IFCAXIS2PLACEMENT3D(#3307,#3308,#3309);
#3311= IFCLOCALPLACEMENT(#16,#3310);
#3312= IFCBEAM('2Nsif52c4JZGCeLBdZq_w6',$,'GIRDER','W18X35','W18X35',#3311,#3306,'G9');
#3313= IFCQUANTITYWEIGHT('NetWeight',$,$,395.1195);
#3314= IFCQUANTITYLENGTH('Length',$,$,7585.964);
#3315= IFCELEMENTQUANTITY('czcP5S4sEJiKn1p9vEA5Ek',$,'BaseQuantities',$,$,(#3313,#3314));
#3316= IFCRELDEFINESBYPROPERTIES('PwELHaysAlqGk9LwIyCg5R',$,$,$,(#3312),#3315);
#3317= IFCELEMENTASSEMBLY('tDIPPoNzoVgn6zt0Dwbpv$',$,'GIRDER',$,$,#16,$,'G9',.FACTORY.,.NOTDEFINED.);
#3318= IFCRELAGGREGATES('6sAofPeI9XeiOf5H_Go67Z',$,$,$,#3317,(#3312));
#3319= IFCAXIS2PLACEMENT3D(#1,$,$);
#3320= IFCEXTRUDEDAREASOLID(#28,#3319,#2,7585.964);
#3321= IFCSHAPEREPRESENTATION(#6,'Body','SweptSolid',(#3320));
#3322= IFCPRODUCTDEFINITIONSHAPE($,$,(#3321));
#3323= IFCCARTESIANPOINT((9144.0,7637.018,8309.61));
#3324= IFCDIRECTION((0.0,1.0,0.0));
#3325= IFCDIRECTION((-1.0,0.0,0.0));
#3326= IFCAXIS2PLACEMENT3D(#3323,#3324,#3325);
#3327= IFCLOCALPLACEMENT(#16,#3326);
#3328= IFCBEAM('qNcF1g9lrhgCNxWMIi3lxF',$,'GIRDER','W18X35','W18X35',#3327,#3322,'G10');
#3329= IFCQUANTITYWEIGHT('NetWeight',$,$,395.1195);
#3330= IFCQUANTITYLENGTH('Length',$,$,7585.964);
#3331= IFCELEMENTQUANTITY('CserxrJK6VJYeBlXwgXrGN',$,'BaseQuantities',$,$,(#3329,#3330));
#3332= IFCRELDEFINESBYPROPERTIES('RsILMb16_oAyg2KjHDImi_',$,$,$,(#3328),#3331);
#3333= IFCELEMENTASSEMBLY('APpj_mZgdCWD1qmpuuCB2h',$,'GIRDER',$,$,#16,$,'G10',.FACTORY.,.NOTDEFINED.);
#3334= IFCRELAGGREGATES('cOI8pAS1TsR6J1aRWxpMrN',$,$,$,#3333,(#3328));
#3335= IFCAXIS2PLACEMENT3D(#1,$,$);
#3336= IFCEXTRUDEDAREASOLID(#28,#3335,#2,7585.964);
#3337= IFCSHAPEREPRESENTATION(#6,'Body','SweptSolid',(#3336));
#3338= IFCPRODUCTDEFINITIONSHAPE($,$,(#3337));
#3339= IFCCARTESIANPOINT((18288.0,17.018,8309.61));
#3340= IFCDIRECTION((0.0,1.0,0.0));
#3341= IFCDIRECTION((-1.0,0.0,0.0));
#3342= IFCAXIS2PLACEMENT3D(#3339,#3340,#3341);
#3343= IFCLOCALPLACEMENT(#16,#3342);
#3344= IFCBEAM('ajuUsXN7Mi6Tny4kFNJ8YT',$,'GIRDER','W18X35','W18X35',#3343,#3338,'G11');
#3345= IFCQUANTITYWEIGHT('NetWeight',$,$,395.1195);
#3346= IFCQUANTITYLENGTH('Length',$,$,7585.964);
#3347= IFCELEMENTQUANTITY('COqPe7eP9inxfUcKphxwEg',$,'BaseQuantities',$,$,(#3345,#3346));
#3348= IFCRELDEFINESBYPROPERTIES('y9c$NrYpzsq8hMWu_uu3T3',$,$,$,(#3344),#3347);
#3349= IFCELEMENTASSEMBLY('pwd0dpu65JJDYmxbuLuA1s',$,'GIRDER',$,$,#16,$,'G11',.FACTORY.,.NOTDEFINED.);
#3350= IFCRELAGGREGATES('DS1a0k_iCDBWj8umCzY8Qj',$,$,$,#3349,(#3344));
#3351= IFCAXIS2PLACEMENT3D(#1,$,$);
#3352= IFCEXTRUDEDAREASOLID(#28,#3351,#2,7585.964);
#3353= IFCSHAPEREPRESENTATION(#6,'Body','SweptSolid',(#3352));
#3354= IFCPRODUCTDEFINITIONSHAPE($,$,(#3353));
#3355= IFCCARTESIANPOINT((18288.0,7637.018,8309.61));
#3356= IFCDIRECTION((0.0,1.0,0.0));
#3357= IFCDIRECTION((-1.0,0.0,0.0));
#3358= IFCAXIS2PLACEMENT3D(#3355,#3356,#3357);
#3359= IFCLOCALPLACEMENT(#16,#3358);
#3360= IFCBEAM('SatoD5GEQrfX5iiqoliUug',$,'GIRDER','W18X35','W18X35',#3359,#3354,'G12');
#3361= IFCQUANTITYWEIGHT('NetWeight',$,$,395.1195);
#3362= IFCQUANTITYLENGTH('Length',$,$,7585.964);
#3363= IFCELEMENTQUANTITY('LxklMsvYkLmhPBSSoHHB5c',$,'BaseQuantities',$,$,(#3361,#3362));
#3364= IFCRELDEFINESBYPROPERTIES('tTflF6ng1qtc5lQixsH2yp',$,$,$,(#3360),#3363);
#3365= IFCELEMENTASSEMBLY('Wtjbpq0EG1uzxub3D0z6_f',$,'GIRDER',$,$,#16,$,'G12',.FACTORY.,.NOTDEFINED.);
#3366= IFCRELAGGREGATES('y7ScUtBbDtbTR3ZZyL36xs',$,$,$,#3365,(#3360));
#3367= IFCAXIS2PLACEMENT3D(#1,$,$);
#3368= IFCEXTRUDEDAREASOLID(#28,#3367,#2,7585.964);
#3369= IFCSHAPEREPRESENTATION(#6,'Body','SweptSolid',(#3368));
#3370= IFCPRODUCTDEFINITIONSHAPE($,$,(#3369));
#3371= IFCCARTESIANPOINT((27432.0,17.018,8309.61));
#3372= IFCDIRECTION((0.0,1.0,0.0));
#3373= IFCDIRECTION((-1.0,0.0,0.0));
#3374= IFCAXIS2PLACEMENT3D(#3371,#3372,#3373);
#3375= IFCLOCALPLACEMENT(#16,#3374);
#3376= IFCBEAM('DA9jf$yNAx31MpqxGxsgJ2',$,'GIRDER','W18X35','W18X35',#3375,#3370,'G13');
#3377= IFCQUANTITYWEIGHT('NetWeight',$,$,395.1195);
#3378= IFCQUANTITYLENGTH('Length',$,$,7585.964);
#3379= IFCELEMENTQUANTITY('NL5bE4gNmLCTquExDJkgSI',$,'BaseQuantities',$,$,(#3377,#3378));
#3380= IFCRELDEFINESBYPROPERTIES('XFuUOuEP8HS6FAHYs7nVb7',$,$,$,(#3376),#3379);
#3381= IFCELEMENTASSEMBLY('wEwim5HctJ$M_naWtRQarT',$,'GIRDER',$,$,#16,$,'G13',.FACTORY.,.NOTDEFINED.);
#3382= IFCRELAGGREGATES('dZqjyVflbKu3uVXpU8oqie',$,$,$,#3381,(#3376));
#3383= IFCAXIS2PLACEMENT3D(#1,$,$);
#3384= IFCEXTRUDEDAREASOLID(#28,#3383,#2,7585.964);
#3385= IFCSHAPEREPRESENTATION(#6,'Body','SweptSolid',(#3384));
#3386= IFCPRODUCTDEFINITIONSHAPE($,$,(#3385));
#3387= IFCCARTESIANPOINT((27432.0,7637.018,8309.61));
#3388= IFCDIRECTION((0.0,1.0,0.0));
#3389= IFCDIRECTION((-1.0,0.0,0.0));
#3390= IFCAXIS2PLACEMENT3D(#3387,#3388,#3389);
#3391= IFCLOCALPLACEMENT(#16,#3390);
#3392= IFCBEAM('NxEtYTJruGcvDd4gHjrgmn',$,'GIRDER','W18X35','W18X35',#3391,#3386,'G14');
#3393= IFCQUANTITYWEIGHT('NetWeight',$,$,395.1195);
#3394= IFCQUANTITYLENGTH('Length',$,$,7585.964);
#3395= IFCELEMENTQUANTITY('OIekvf1wxzP28G5vseOqrh',$,'BaseQuantities',$,$,(#3393,#3394));
#3396= IFCRELDEFINESBYPROPERTIES('tkRx3kj$TrwDVTWaZ42VVd',$,$,$,(#3392),#3395);
#3397= IFCELEMENTASSEMBLY('dNMq8MTipBblNIsTcUUH1K',$,'GIRDER',$,$,#16,$,'G14',.FACTORY.,.NOTDEFINED.);
#3398= IFCRELAGGREGATES('zRTQmDRftDTi_OVN_uIaU3',$,$,$,#3397,(#3392));
#3399= IFCAXIS2PLACEMENT3D(#1,$,$);
#3400= IFCEXTRUDEDAREASOLID(#28,#3399,#2,7585.964);
#3401= IFCSHAPEREPRESENTATION(#6,'Body','SweptSolid',(#3400));
#3402= IFCPRODUCTDEFINITIONSHAPE($,$,(#3401));
#3403= IFCCARTESIANPOINT((36576.0,17.018,8309.61));
#3404= IFCDIRECTION((0.0,1.0,0.0));
#3405= IFCDIRECTION((-1.0,0.0,0.0));
#3406= IFCAXIS2PLACEMENT3D(#3403,#3404,#3405);
#3407= IFCLOCALPLACEMENT(#16,#3406);
#3408= IFCBEAM('2tRqpXpzzRI2DfkbslpSH9',$,'GIRDER','W18X35','W18X35',#3407,#3402,'G15');
#3409= IFCQUANTITYWEIGHT('NetWeight',$,$,395.1195);
#3410= IFCQUANTITYLENGTH('Length',$,$,7585.964);
#3411= IFCELEMENTQUANTITY('qZrTO6SGplT3Svr6HLNLtw',$,'BaseQuantities',$,$,(#3409,#3410));
#3412= IFCRELDEFINESBYPROPERTIES('7QHewl35lYqKFrtJ3JiTVK',$,$,$,(#3408),#3411);
#3413= IFCELEMENTASSEMBLY('xG3NtrtgCLXRaZ7HsMdYV2',$,'GIRDER',$,$,#16,$,'G15',.FACTORY.,.NOTDEFINED.);
#3414= IFCRELAGGREGATES('DRrXWM7ygrG_bDAoYxVr9j',$,$,$,#3413,(#3408));
#3415= IFCAXIS2PLACEMENT3D(#1,$,$);
#3416= IFCEXTRUDEDAREASOLID(#28,#3415,#2,7585.964);
#3417= IFCSHAPEREPRESENTATION(#6,'Body','SweptSolid',(#3416));
#3418= IFCPRODUCTDEFINITIONSHAPE($,$,(#3417));
#3419= IFCCARTESIANPOINT((36576.0,7637.018,8309.61));
#3420= IFCDIRECTION((0.0,1.0,0.0));
#3421= IFCDIRECTION((-1.0,0.0,0.0));
#3422= IFCAXIS2PLACEMENT3D(#3419,#3420,#3421);
#3423= IFCLOCALPLACEMENT(#16,#3422);
#3424= IFCBEAM('Sx5dC5FmrI$bfqEFoXdtKz',$,'GIRDER','W18X35','W18X35',#3423,#3418,'G16');
#3425= IFCQUANTITYWEIGHT('NetWeight',$,$,395.1195);
#3426= IFCQUANTITYLENGTH('Length',$,$,7585.964);
#3427= IFCELEMENTQUANTITY('Eril2srT3tONfHeSq7rJVm',$,'BaseQuantities',$,$,(#3425,#3426));
#3428= IFCRELDEFINESBYPROPERTIES('MP5iioojaka_Wyc3Ou1kFB',$,$,$,(#3424),#3427);
#3429= IFCELEMENTASSEMBLY('h60E5hZBSsy8dxB07vliVE',$,'GIRDER',$,$,#16,$,'G16',.FACTORY.,.NOTDEFINED.);
#3430= IFCRELAGGREGATES('ZHRowhthvYLlZZXM9tce0F',$,$,$,#3429,(#3424));
#3431= IFCAXIS2PLACEMENT3D(#1,$,$);
#3432= IFCEXTRUDEDAREASOLID(#29,#3431,#2,7581.9);
#3433= IFCSHAPEREPRESENTATION(#6,'Body','SweptSolid',(#3432));
#3434= IFCPRODUCTDEFINITIONSHAPE($,$,(#3433));
#3435= IFCCARTESIANPOINT((1524.0,19.05,8409.051));
#3436= IFCDIRECTION((0.0,1.0,0.0));
#3437= IFCDIRECTION((-1.0,0.0,0.0));
#3438= IFCAXIS2PLACEMENT3D(#3435,#3436,#3437);
#3439= IFCLOCALPLACEMENT(#16,#3438);
#3440= IFCBEAM('va2ZulbcaDhNDXOpeRl013',$,'BEAM','W10X12','W10X12',#3439,#3434,'B27');
#3441= IFCQUANTITYWEIGHT('NetWeight',$,$,135.397);
#3442= IFCQUANTITYLENGTH('Length',$,$,7581.9);
#3443= IFCELEMENTQUANTITY('Nr3Oyf1yR_wK5ylASqALSe',$,'BaseQuantities',$,$,(#3441,#3442));
#3444= IFCRELDEFINESBYPROPERTIES('vOgg0nCRYfmIrheksOn9sj',$,$,$,(#3440),#3443);
#3445= IFCELEMENTASSEMBLY('lTC95LgaZc8lr$p1ziCNRG',$,'BEAM',$,$,#16,$,'B27',.FACTORY.,.NOTDEFINED.);
#3446= IFCRELAGGREGATES('B8a45rBEUvb2tdFXHnlSk4',$,$,$,#3445,(#3440));
#3447= IFCAXIS2PLACEMENT3D(#1,$,$);
#3448= IFCEXTRUDEDAREASOLID(#29,#3447,#2,7581.9);
#3449= IFCSHAPEREPRESENTATION(#6,'Body','SweptSolid',(#3448));
#3450= IFCPRODUCTDEFINITIONSHAPE($,$,(#3449));
#3451= IFCCARTESIANPOINT((3048.0,19.05,8409.051));
#3452= IFCDIRECTION((0.0,1.0,0.0));
#3453= IFCDIRECTION((-1.0,0.0,0.0));
#3454= IFCAXIS2PLACEMENT3D(#3451,#3452,#3453);
#3455= IFCLOCALPLACEMENT(#16,#3454);
#3456= IFCBEAM('vFWn6qcteVzeASRf0YIKCV',$,'BEAM','W10X12','W10X12',#3455,#3450,'B28');
#3457= IFCQUANTITYWEIGHT('NetWeight',$,$,135.397);
#3458= IFCQUANTITYLENGTH('Length',$,$,7581.9);
#3459= IFCELEMENTQUANTITY('Yiqp9L7R70aa3qh_tRhBWw',$,'BaseQuantities',$,$,(#3457,#3458));
#3460= IFCRELDEFINESBYPROPERTIES('9zkz$Udj$TcbMrsMtGWzBD',$,$,$,(#3456),#3459);
#3461= IFCELEMENTASSEMBLY('OV74Ly4q295H6jvXhGogAg',$,'BEAM',$,$,#16,$,'B28',.FACTORY.,.NOTDEFINED.);
#3462= IFCRELAGGREGATES('ZSr0pUXnL3AQnTBpaozh35',$,$,$,#3461,(#3456));
#3463= IFCAXIS2PLACEMENT3D(#1,$,$);
#3464= IFCEXTRUDEDAREASOLID(#29,#3463,#2,7581.9);
#3465= IFCSHAPEREPRESENTATION(#6,'Body','SweptSolid',(#3464));
#3466= IFCPRODUCTDEFINITIONSHAPE($,$,(#3465));
#3467= IFCCARTESIANPOINT((4572.0,19.05,8409.051));
#3468= IFCDIRECTION((0.0,1.0,0.0));
#3469= IFCDIRECTION((-1.0,0.0,0.0));
#3470= IFCAXIS2PLACEMENT3D(#3467,#3468,#3469);
#3471= IFCLOCALPLACEMENT(#16,#3470);
#3472= IFCBEAM('LmXN4S7MdUrRj8KgcWyI1F',$,'BEAM','W10X12','W10X12',#3471,#3466,'B29');
#3473= IFCQUANTITYWEIGHT('NetWeight',$,$,135.397);
#3474= IFCQUANTITYLENGTH('Length',$,$,7581.9);
#3475= IFCELEMENTQUANTITY('TEdnPfnit_tFZakLRWO8Db',$,'BaseQuantities',$,$,(#3473,#3474));
#3476= IFCRELDEFINESBYPROPERTIES('eLu$GkUiGjdUKUs9NOR_E8',$,$,$,(#3472),#3475);
#3477= IFCELEMENTASSEMBLY('Tz1VpvZNiSA4rctGyeT5Pv',$,'BEAM',$,$,#16,$,'B29',.FACTORY.,.NOTDEFINED.);
#3478= IFCRELAGGREGATES('CBghUmtYjcsNEcawxuaHdB',$,$,$,#3477,(#3472));
#3479= IFCAXIS2PLACEMENT3D(#1,$,$);
#3480= IFCEXTRUDEDAREASOLID(#29,#3479,#2,7581.9);
#3481= IFCSHAPEREPRESENTATION(#6,'Body','SweptSolid',(#3480));
#3482= IFCPRODUCTDEFINITIONSHAPE($,$,(#3481));
#3483= IFCCARTESIANPOINT((6096.0,19.05,8409.051));
#3484= IFCDIRECTION((0.0,1.0,0.0));
#3485= IFCDIRECTION((-1.0,0.0,0.0));
#3486= IFCAXIS2PLACEMENT3D(#3483,#3484,#3485);
#3487= IFCLOCALPLACEMENT(#16,#3486);
#3488= IFCBEAM('apoT0ZnZ5gs3oJ6$2ZCemK',$,'BEAM','W10X12','W10X12',#3487,#3482,'B30');
#3489= IFCQUANTITYWEIGHT('NetWeight',$,$,135.397);
#3490= IFCQUANTITYLENGTH('Length',$,$,7581.9);
#3491= IFCELEMENTQUANTITY('VGxjQEBhFrJDOxRyUronRx',$,'BaseQuantities',$,$,(#3489,#3490));
#3492= IFCRELDEFINESBYPROPERTIES('QaMdTDnvWpnpthwoSSJxyS',$,$,$,(#3488),#3491);
#3493= IFCELEMENTASSEMBLY('DyEMiXBpgmAvRhHquksgkx',$,'BEAM',$,$,#16,$,'B30',.FACTORY.,.NOTDEFINED.);
#3494= IFCRELAGGREGATES('_tpvE1yobLA$zrRS1mkpxh',$,$,$,#3493,(#3488));
#3495= IFCAXIS2PLACEMENT3D(#1,$,$);
#3496= IFCEXTRUDEDAREASOLID(#29,#3495,#2,7581.9);
#3497= IFCSHAPEREPRESENTATION(#6,'Body','SweptSolid',(#3496));
#3498= IFCPRODUCTDEFINITIONSHAPE($,$,(#3497));
#3499= IFCCARTESIANPOINT((7620.0,19.05,8409.051));
#3500= IFCDIRECTION((0.0,1.0,0.0));
#3501= IFCDIRECTION((-1.0,0.0,0.0));
#3502= IFCAXIS2PLACEMENT3D(#3499,#3500,#3501);
#3503= IFCLOCALPLACEMENT(#16,#3502);
#3504= IFCBEAM('VV8h5Zptw1GafmXiEfBDMo',$,'BEAM','W10X12','W10X12',#3503,#3498,'B31');
#3505= IFCQUANTITYWEIGHT('NetWeight',$,$,135.397);
#3506= IFCQUANTITYLENGTH('Length',$,$,7581.9);
#3507= IFCELEMENTQUANTITY('c6BCcQvSHFnBxeTlciYOcb',$,'BaseQuantities',$,$,(#3505,#3506));
#3508= IFCRELDEFINESBYPROPERTIES('m5KugJ30mI78ihh0IBF$u9',$,$,$,(#3504),#3507);
#3509= IFCELEMENTASSEMBLY('utS6Vp2dTZHbbvvnc38lrH',$,'BEAM',$,$,#16,$,'B31',.FACTORY.,.NOTDEFINED.);
#3510= IFCRELAGGREGATES('5Na7LAVAaYbafgQsD0QnXO',$,$,$,#3509,(#3504));
#3511= IFCAXIS2PLACEMENT3D(#1,$,$);
#3512= IFCEXTRUDEDAREASOLID(#29,#3511,#2,7581.9);
#3513= IFCSHAPEREPRESENTATION(#6,'Body','SweptSolid',(#3512));
#3514= IFCPRODUCTDEFINITIONSHAPE($,$,(#3513));
#3515= IFCCARTESIANPOINT((1524.0,7639.05,8409.051));
#3516= IFCDIRECTION((0.0,1.0,0.0));
#3517= IFCDIRECTION((-1.0,0.0,0.0));
#3518= IFCAXIS2PLACEMENT3D(#3515,#3516,#3517);
#3519= IFCLOCALPLACEMENT(#16,#3518);
#3520= IFCBEAM('u0XTFFwtiaq7nfGvXA$dUv',$,'BEAM','W10X12','W10X12',#3519,#3514,'B32');
#3521= IFCQUANTITYWEIGHT('NetWeight',$,$,135.397);
#3522= IFCQUANTITYLENGTH('Length',$,$,7581.9);
#3523= IFCELEMENTQUANTITY('0CBUAo64QhtsLBeGMqT57B',$,'BaseQuantities',$,$,(#3521,#3522));
#3524= IFCRELDEFINESBYPROPERTIES('DCYiKFZx8mDSpoTYKsl6Jx',$,$,$,(#3520),#3523);
#3525= IFCELEMENTASSEMBLY('STWh9BHk3IKhdbGtVVTrUI',$,'BEAM',$,$,#16,$,'B32',.FACTORY.,.NOTDEFINED.);
#3526= IFCRELAGGREGATES('sVRsMllRWTCWbzN1F5HQH$',$,$,$,#3525,(#3520));
#3527= IFCAXIS2PLACEMENT3D(#1,$,$);
#3528= IFCEXTRUDEDAREASOLID(#29,#3527,#2,7581.9);
#3529= IFCSHAPEREPRESENTATION(#6,'Body','SweptSolid',(#3528));
#3530= IFCPRODUCTDEFINITIONSHAPE($,$,(#3529));
#3531= IFCCARTESIANPOINT((3048.0,7639.05,8409.051));
#3532= IFCDIRECTION((0.0,1.0,0.0));
#3533= IFCDIRECTION((-1.0,0.0,0.0));
#3534= IFCAXIS2PLACEMENT3D(#3531,#3532,#3533);
#3535= IFCLOCALPLACEMENT(#16,#3534);
#3536= IFCBEAM('N1ll9AZGNb__dyHPxFhxwW',$,'BEAM','W10X12','W10X12',#3535,#3530,'B33');
#3537= IFCQUANTITYWEIGHT('NetWeight',$,$,135.397);
#3538= IFCQUANTITYLENGTH('Length',$,$,7581.9);
#3539= IFCELEMENTQUANTITY('lU_18r_UonSH2VtKsW0hJk',$,'BaseQuantities',$,$,(#3537,#3538));
#3540= IFCRELDEFINESBYPROPERTIES('LuZz8gRtwMCLixdDgjRA0m',$,$,$,(#3536),#3539);
#3541= IFCELEMENTASSEMBLY('mG$AAI1dqMjZFOIRKvV8gD',$,'BEAM',$,$,#16,$,'B33',.FACTORY.,.NOTDEFINED.);
#3542= IFCRELAGGREGATES('i9BIzfNzfB67vZoJOE$IPX',$,$,$,#3541,(#3536));
#3543= IFCAXIS2PLACEMENT3D(#1,$,$);
#3544= IFCEXTRUDEDAREASOLID(#29,#3543,#2,7581.9);
#3545= IFCSHAPEREPRESENTATION(#6,'Body','SweptSolid',(#3544));
#3546= IFCPRODUCTDEFINITIONSHAPE($,$,(#3545));
#3547= IFCCARTESIANPOINT((4572.0,7639.05,8409.051));
#3548= IFCDIRECTION((0.0,1.0,0.0));
#3549= IFCDIRECTION((-1.0,0.0,0.0));
#3550= IFCAXIS2PLACEMENT3D(#3547,#3548,#3549);
#3551= IFCLOCALPLACEMENT(#16,#3550);
#3552= IFCBEAM('gL0E$ZpGL732d4E53Bn5Qu',$,'BEAM','W10X12','W10X12',#3551,#3546,'B34');
#3553= IFCQUANTITYWEIGHT('NetWeight',$,$,135.397);
#3554= IFCQUANTITYLENGTH('Length',$,$,7581.9);
#3555= IFCELEMENTQUANTITY('TlXGAPQuvWFqjOrtHq2rEm',$,'BaseQuantities',$,$,(#3553,#3554));
#3556= IFCRELDEFINESBYPROPERTIES('v4SZr1SJ1NQuOazohVKnIc',$,$,$,(#3552),#3555);
#3557= IFCELEMENTASSEMBLY('NfD7OgXj5kc7UNzpPhhGZT',$,'BEAM',$,$,#16,$,'B34',.FACTORY.,.NOTDEFINED.);
#3558= IFCRELAGGREGATES('t8TWg3UZ7umP30iN9r7Ua6',$,$,$,#3557,(#3552));
#3559= IFCAXIS2PLACEMENT3D(#1,$,$);
#3560= IFCEXTRUDEDAREASOLID(#29,#3559,#2,7581.9);
#3561= IFCSHAPEREPRESENTATION(#6,'Body','SweptSolid',(#3560));
#3562= IFCPRODUCTDEFINITIONSHAPE($,$,(#3561));
#3563= IFCCARTESIANPOINT((6096.0,7639.05,8409.051));
#3564= IFCDIRECTION((0.0,1.0,0.0));
#3565= IFCDIRECTION((-1.0,0.0,0.0));
#3566= IFCAXIS2PLACEMENT3D(#3563,#3564,#3565);
#3567= IFCLOCALPLACEMENT(#16,#3566);
#3568= IFCBEAM('MHYKWZjK$kHNWBTW5eZ4hd',$,'BEAM','W10X12','W10X12',#3567,#3562,'B35');
#3569= IFCQUANTITYWEIGHT('NetWeight',$,$,135.397);
#3570= IFCQUANTITYLENGTH('Length',$,$,7581.9);
#3571= IFCELEMENTQUANTITY('x3qotQ_C46Ng53Rq$1O8GH',$,'BaseQuantities',$,$,(#3569,#3570));
#3572= IFCRELDEFINESBYPROPERTIES('v7KOkzJg9hMW2HasDHMRBT',$,$,$,(#3568),#3571);
#3573= IFCELEMENTASSEMBLY('$0jXgRuuc0Sp6DIFF9aKfU',$,'BEAM',$,$,#16,$,'B35',.FACTORY.,.NOTDEFINED.);
#3574= IFCRELAGGREGATES('AEobtdYZO1Px8ZSQ0$3j97',$,$,$,#3573,(#3568));
#3575= IFCAXIS2PLACEMENT3D(#1,$,$);
#3576= IFCEXTRUDEDAREASOLID(#29,#3575,#2,7581.9);
#3577= IFCSHAPEREPRESENTATION(#6,'Body','SweptSolid',(#3576));
#3578= IFCPRODUCTDEFINITIONSHAPE($,$,(#3577));
#3579= IFCCARTESIANPOINT((7620.0,7639.05,8409.051));
#3580= IFCDIRECTION((0.0,1.0,0.0));
#3581= IFCDIRECTION((-1.0,0.0,0.0));
#3582= IFCAXIS2PLACEMENT3D(#3579,#3580,#3581);
#3583= IFCLOCALPLACEMENT(#16,#3582);
#3584= IFCBEAM('34QliARBg4JdEV4MSgY6_f',$,'BEAM','W10X12','W10X12',#3583,#3578,'B36');
#3585= IFCQUANTITYWEIGHT('NetWeight',$,$,135.397);
#3586= IFCQUANTITYLENGTH('Length',$,$,7581.9);
#3587= IFCELEMENTQUANTITY('vXErNHi5aWczveSjwGuMVC',$,'BaseQuantities',$,$,(#3585,#3586));
#3588= IFCRELDEFINESBYPROPERTIES('ocmwMSFrpI3zssPcz7dWPi',$,$,$,(#3584),#3587);
#3589= IFCELEMENTASSEMBLY('ScFELB0MV1gLv7J2XWKpWV',$,'BEAM',$,$,#16,$,'B36',.FACTORY.,.NOTDEFINED.);
#3590= IFCRELAGGREGATES('2YfVFpgCD1H_N7kbVQQYYH',$,$,$,#3589,(#3584));
#3591= IFCAXIS2PLACEMENT3D(#1,$,$);
#3592= IFCEXTRUDEDAREASOLID(#29,#3591,#2,7581.9);
#3593= IFCSHAPEREPRESENTATION(#6,'Body','SweptSolid',(#3592));
#3594= IFCPRODUCTDEFINITIONSHAPE($,$,(#3593));
#3595= IFCCARTESIANPOINT((10668.0,19.05,8409.051));
#3596= IFCDIRECTION((0.0,1.0,0.0));
#3597= IFCDIRECTION((-1.0,0.0,0.0));
#3598= IFCAXIS2PLACEMENT3D(#3595,#3596,#3597);
#3599= IFCLOCALPLACEMENT(#16,#3598);
#3600= IFCBEAM('fWaXSxGNpvlLF3DPFwtXLm',$,'BEAM','W10X12','W10X12',#3599,#3594,'B37');
#3601= IFCQUANTITYWEIGHT('NetWeight',$,$,135.397);
#3602= IFCQUANTITYLENGTH('Length',$,$,7581.9);
#3603= IFCELEMENTQUANTITY('pu0F0Y1Txc3onqBJ0toWHB',$,'BaseQuantities',$,$,(#3601,#3602));
#3604= IFCRELDEFINESBYPROPERTIES('pV4icyfAtVqPILVMWcqrnw',$,$,$,(#3600),#3603);
#3605= IFCELEMENTASSEMBLY('4heF6uzuz$27kgaGvWxGK7',$,'BEAM',$,$,#16,$,'B37',.FACTORY.,.NOTDEFINED.);
#3606= IFCRELAGGREGATES('9_friYuw9yBII26mCv0Hf3',$,$,$,#3605,(#3600));
#3607= IFCAXIS2PLACEMENT3D(#1,$,$);
#3608= IFCEXTRUDEDAREASOLID(#29,#3607,#2,7581.9);
#3609= IFCSHAPEREPRESENTATION(#6,'Body','SweptSolid',(#3608));
#3610= IFCPRODUCTDEFINITIONSHAPE($,$,(#3609));
#3611= IFCCARTESIANPOINT((12192.0,19.05,8409.051));
#3612= IFCDIRECTION((0.0,1.0,0.0));
#3613= IFCDIRECTION((-1.0,0.0,0.0));
#3614= IFCAXIS2PLACEMENT3D(#3611,#3612,#3613);
#3615= IFCLOCALPLACEMENT(#16,#3614);
#3616= IFCBEAM('hn6EIcQKokVVRQNQUIQUSr',$,'BEAM','W10X12','W10X12',#3615,#3610,'B38');
#3617= IFCQUANTITYWEIGHT('NetWeight',$,$,135.397);
#3618= IFCQUANTITYLENGTH('Length',$,$,7581.9);
#3619= IFCELEMENTQUANTITY('4UuJUzYtrRLi6fBy0RW6dz',$,'BaseQuantities',$,$,(#3617,#3618));
#3620= IFCRELDEFINESBYPROPERTIES('Pdpsf6iKNIQqgnDLPBz$Yv',$,$,$,(#3616),#3619);
#3621= IFCELEMENTASSEMBLY('fRY5KklbXAPNWyT5uVMSLU',$,'BEAM',$,$,#16,$,'B38',.FACTORY.,.NOTDEFINED.);
#3622= IFCRELAGGREGATES('4xYsBrZS6n2QHUpZMYVjzu',$,$,$,#3621,(#3616));
#3623= IFCAXIS2PLACEMENT3D(#1,$,$);
#3624= IFCEXTRUDEDAREASOLID(#29,#3623,#2,7581.9);
#3625= IFCSHAPEREPRESENTATION(#6,'Body','SweptSolid',(#3624));
#3626= IFCPRODUCTDEFINITIONSHAPE($,$,(#3625));
#3627= IFCCARTESIANPOINT((13716.0,19.05,8409.051));
#3628= IFCDIRECTION((0.0,1.0,0.0));
#3629= IFCDIRECTION((-1.0,0.0,0.0));
#3630= IFCAXIS2PLACEMENT3D(#3627,#3628,#3629);
#3631= IFCLOCALPLACEMENT(#16,#3630);
#3632= IFCBEAM('NzkTMwPRSjlcum_umWlUnx',$,'BEAM','W10X12','W10X12',#3631,#3626,'B39');
#3633= IFCQUANTITYWEIGHT('NetWeight',$,$,135.397);
#3634= IFCQUANTITYLENGTH('Length',$,$,7581.9);
#3635= IFCELEMENTQUANTITY('mWQZ0XDIXiSAmp9tuYicTm',$,'BaseQuantities',$,$,(#3633,#3634));
#3636= IFCRELDEFINESBYPROPERTIES('pTbZ1vJXbCIO1n_ImIZ4MZ',$,$,$,(#3632),#3635);
#3637= IFCELEMENTASSEMBLY('mfcDg1WbS643NsZapxoMWV',$,'BEAM',$,$,#16,$,'B39',.FACTORY.,.NOTDEFINED.);
#3638= IFCRELAGGREGATES('FQFhRdb3dMCjP81d8ghUv_',$,$,$,#3637,(#3632));
#3639= IFCAXIS2PLACEMENT3D(#1,$,$);
#3640= IFCEXTRUDEDAREASOLID(#29,#3639,#2,7581.9);
#3641= IFCSHAPEREPRESENTATION(#6,'Body','SweptSolid',(#3640));
#3642= IFCPRODUCTDEFINITIONSHAPE($,$,(#3641));
#3643= IFCCARTESIANPOINT((15240.0,19.05,8409.051));
#3644= IFCDIRECTION((0.0,1.0,0.0));
#3645= IFCDIRECTION((-1.0,0.0,0.0));
#3646= IFCAXIS2PLACEMENT3D(#3643,#3644,#3645);
#3647= IFCLOCALPLACEMENT(#16,#3646);
#3648= IFCBEAM('lLha6Bw3CuOJM8QAV6cPMP',$,'BEAM','W10X12','W10X12',#3647,#3642,'B40');
#3649= IFCQUANTITYWEIGHT('NetWeight',$,$,135.397);
#3650= IFCQUANTITYLENGTH('Length',$,$,7581.9);
#3651= IFCELEMENTQUANTITY('AIz8NyLtJhBL_mb0cj9wGL',$,'BaseQuantities',$,$,(#3649,#3650));
#3652= IFCRELDEFINESBYPROPERTIES('gvPgBCiP4iLPDQe13sPPdL',$,$,$,(#3648),#3651);
#3653= IFCELEMENTASSEMBLY('CyhPgOMICFGEFUkerzOsIW',$,'BEAM',$,$,#16,$,'B40',.FACTORY.,.NOTDEFINED.);
#3654= IFCRELAGGREGATES('qnXV0nWbAu0qOVpmN$qbr5',$,$,$,#3653,(#3648));
#3655= IFCAXIS2PLACEMENT3D(#1,$,$);
#3656= IFCEXTRUDEDAREASOLID(#29,#3655,#2,7581.9);
#3657= IFCSHAPEREPRESENTATION(#6,'Body','SweptSolid',(#3656));
#3658= IFCPRODUCTDEFINITIONSHAPE($,$,(#3657));
#3659= IFCCARTESIANPOINT((16764.0,19.05,8409.051));
#3660= IFCDIRECTION((0.0,1.0,0.0));
#3661= IFCDIRECTION((-1.0,0.0,0.0));
#3662= IFCAXIS2PLACEMENT3D(#3659,#3660,#3661);
#3663= IFCLOCALPLACEMENT(#16,#3662);
#3664= IFCBEAM('tpawlSH$z1ww1RJK$yc56f',$,'BEAM','W10X12','W10X12',#3663,#3658,'B41');
#3665= IFCQUANTITYWEIGHT('NetWeight',$,$,135.397);
#3666= IFCQUANTITYLENGTH('Length',$,$,7581.9);
#3667= IFCELEMENTQUANTITY('BiDGGSOYA1$lpUSxW_6RjL',$,'BaseQuantities',$,$,(#3665,#3666));
#3668= IFCRELDEFINESBYPROPERTIES('$614BSvsFaY$xFVnd2LRx5',$,$,$,(#3664),#3667);
#3669= IFCELEMENTASSEMBLY('VfwVk$eqei_KcnEV2kwjE2',$,'BEAM',$,$,#16,$,'B41',.FACTORY.,.NOTDEFINED.);
#3670= IFCRELAGGREGATES('CsGGXq0XJpfe4BPS$ngIAQ',$,$,$,#3669,(#3664));
#3671= IFCAXIS2PLACEMENT3D(#1,$,$);
#3672= IFCEXTRUDEDAREASOLID(#29,#3671,#2,7581.9);
#3673= IFCSHAPEREPRESENTATION(#6,'Body','SweptSolid',(#3672));
#3674= IFCPRODUCTDEFINITIONSHAPE($,$,(#3673));
#3675= IFCCARTESIANPOINT((10668.0,7639.05,8409.051));
#3676= IFCDIRECTION((0.0,1.0,0.0));
#3677= IFCDIRECTION((-1.0,0.0,0.0));
#3678= IFCAXIS2PLACEMENT3D(#3675,#3676,#3677);
#3679= IFCLOCALPLACEMENT(#16,#3678);
#3680= IFCBEAM('eWQgGgkmowUhaQy4oea4wQ',$,'BEAM','W10X12','W10X12',#3679,#3674,'B42');
#3681= IFCQUANTITYWEIGHT('NetWeight',$,$,135.397);
#3682= IFCQUANTITYLENGTH('Length',$,$,7581.9);
#3683= IFCELEMENTQUANTITY('xpTSNMgqb8X90wLYKRrXLJ',$,'BaseQuantities',$,$,(#3681,#3682));
#3684= IFCRELDEFINESBYPROPERTIES('x9vmN1nEOHfPOzi4iEEUyi',$,$,$,(#3680),#3683);
#3685= IFCELEMENTASSEMBLY('86vgsTiMopqT$zW07QWxYE',$,'BEAM',$,$,#16,$,'B42',.FACTORY.,.NOTDEFINED.);
#3686= IFCRELAGGREGATES('9rvfnEJjoJFQeGt6Xap1iv',$,$,$,#3685,(#3680));
#3687= IFCAXIS2PLACEMENT3D(#1,$,$);
#3688= IFCEXTRUDEDAREASOLID(#29,#3687,#2,7581.9);
#3689= IFCSHAPEREPRESENTATION(#6,'Body','SweptSolid',(#3688));
#3690= IFCPRODUCTDEFINITIONSHAPE($,$,(#3689));
#3691= IFCCARTESIANPOINT((12192.0,7639.05,8409.051));
#3692= IFCDIRECTION((0.0,1.0,0.0));
#3693= IFCDIRECTION((-1.0,0.0,0.0));
#3694= IFCAXIS2PLACEMENT3D(#3691,#3692,#3693);
#3695= IFCLOCALPLACEMENT(#16,#3694);
#3696= IFCBEAM('JSTdDsSSugcOlfbC7dDE$G',$,'BEAM','W10X12','W10X12',#3695,#3690,'B43');
#3697= IFCQUANTITYWEIGHT('NetWeight',$,$,135.397);
#3698= IFCQUANTITYLENGTH('Length',$,$,7581.9);
#3699= IFCELEMENTQUANTITY('aeFu8XX3U53zEVBTt2mnl$',$,'BaseQuantities',$,$,(#3697,#3698));
#3700= IFCRELDEFINESBYPROPERTIES('ZxK9qVOuKAce2JHA4RGPaj',$,$,$,(#3696),#3699);
#3701= IFCELEMENTASSEMBLY('8341HpDiyvf1K1n95rGZyT',$,'BEAM',$,$,#16,$,'B43',.FACTORY.,.NOTDEFINED.);
#3702= IFCRELAGGREGATES('wj1RYNB619EQHmUcSX1riB',$,$,$,#3701,(#3696));
#3703= IFCAXIS2PLACEMENT3D(#1,$,$);
#3704= IFCEXTRUDEDAREASOLID(#29,#3703,#2,7581.9);
#3705= IFCSHAPEREPRESENTATION(#6,'Body','SweptSolid',(#3704));
#3706= IFCPRODUCTDEFINITIONSHAPE($,$,(#3705));
#3707= IFCCARTESIANPOINT((13716.0,7639.05,8409.051));
#3708= IFCDIRECTION((0.0,1.0,0.0));
#3709= IFCDIRECTION((-1.0,0.0,0.0));
#3710= IFCAXIS2PLACEMENT3D(#3707,#3708,#3709);
#3711= IFCLOCALPLACEMENT(#16,#3710);
#3712= IFCBEAM('ys2zv3OfVz1uZEcYWES_6g',$,'BEAM','W10X12','W10X12',#3711,#3706,'B44');
#3713= IFCQUANTITYWEIGHT('NetWeight',$,$,135.397);
#3714= IFCQUANTITYLENGTH('Length',$,$,7581.9);
#3715= IFCELEMENTQUANTITY('cJsb8sOvs9rwFlMniG6vum',$,'BaseQuantities',$,$,(#3713,#3714));
#3716= IFCRELDEFINESBYPROPERTIES('ZbROFllp1kEPSi4GW_1w$X',$,$,$,(#3712),#3715);
#3717= IFCELEMENTASSEMBLY('F8qhSTT_Jb_kSkWHtLkPD1',$,'BEAM',$,$,#16,$,'B44',.FACTORY.,.NOTDEFINED.);
#3718= IFCRELAGGREGATES('aClNYutx1USUgHJkeXUD3c',$,$,$,#3717,(#3712));
#3719= IFCAXIS2PLACEMENT3D(#1,$,$);
#3720= IFCEXTRUDEDAREASOLID(#29,#3719,#2,7581.9);
#3721= IFCSHAPEREPRESENTATION(#6,'Body','SweptSolid',(#3720));
#3722= IFCPRODUCTDEFINITIONSHAPE($,$,(#3721));
#3723= IFCCARTESIANPOINT((15240.0,7639.05,8409.051));
#3724= IFCDIRECTION((0.0,1.0,0.0));
#3725= IFCDIRECTION((-1.0,0.0,0.0));
#3726= IFCAXIS2PLACEMENT3D(#3723,#3724,#3725);
#3727= IFCLOCALPLACEMENT(#16,#3726);
#3728= IFCBEAM('5e0UKfQz7LPdCKJQGeloF9',$,'BEAM','W10X12','W10X12',#3727,#3722,'B45');
#3729= IFCQUANTITYWEIGHT('NetWeight',$,$,135.397);
#3730= IFCQUANTITYLENGTH('Length',$,$,7581.9);
#3731= IFCELEMENTQUANTITY('yBEfwMNvp_sxQedhW1BPnY',$,'BaseQuantities',$,$,(#3729,#3730));
#3732= IFCRELDEFINESBYPROPERTIES('C4OQfNK1w6P9ICUaIg4fFm',$,$,$,(#3728),#3731);
#3733= IFCELEMENTASSEMBLY('BLATcJkhgy9ruWdr9kS$Bm',$,'BEAM',$,$,#16,$,'B45',.FACTORY.,.NOTDEFINED.);
#3734= IFCRELAGGREGATES('c7$zEgseud46JfRGM0JSOe',$,$,$,#3733,(#3728));
#3735= IFCAXIS2PLACEMENT3D(#1,$,$);
#3736= IFCEXTRUDEDAREASOLID(#29,#3735,#2,7581.9);
#3737= IFCSHAPEREPRESENTATION(#6,'Body','SweptSolid',(#3736));
#3738= IFCPRODUCTDEFINITIONSHAPE($,$,(#3737));
#3739= IFCCARTESIANPOINT((16764.0,7639.05,8409.051));
#3740= IFCDIRECTION((0.0,1.0,0.0));
#3741= IFCDIRECTION((-1.0,0.0,0.0));
#3742= IFCAXIS2PLACEMENT3D(#3739,#3740,#3741);
#3743= IFCLOCALPLACEMENT(#16,#3742);
#3744= IFCBEAM('_4gKFY7X$$7s$ht825PJQV',$,'BEAM','W10X12','W10X12',#3743,#3738,'B46');
#3745= IFCQUANTITYWEIGHT('NetWeight',$,$,135.397);
#3746= IFCQUANTITYLENGTH('Length',$,$,7581.9);
#3747= IFCELEMENTQUANTITY('x6sMoi8efpMIDmPFi1dq8t',$,'BaseQuantities',$,$,(#3745,#3746));
#3748= IFCRELDEFINESBYPROPERTIES('OtJ6tLpx2M5AGyrVDbJ6zL',$,$,$,(#3744),#3747);
#3749= IFCELEMENTASSEMBLY('GKsxI1$6lT$YxW6pyRh_ge',$,'BEAM',$,$,#16,$,'B46',.FACTORY.,.NOTDEFINED.);
#3750= IFCRELAGGREGATES('MFLDRC8BCjShjmlVJzTMuX',$,$,$,#3749,(#3744));
#3751= IFCAXIS2PLACEMENT3D(#1,$,$);
#3752= IFCEXTRUDEDAREASOLID(#29,#3751,#2,7581.9);
#3753= IFCSHAPEREPRESENTATION(#6,'Body','SweptSolid',(#3752));
#3754= IFCPRODUCTDEFINITIONSHAPE($,$,(#3753));
#3755= IFCCARTESIANPOINT((19812.0,19.05,8409.051));
#3756= IFCDIRECTION((0.0,1.0,0.0));
#3757= IFCDIRECTION((-1.0,0.0,0.0));
#3758= IFCAXIS2PLACEMENT3D(#3755,#3756,#3757);
#3759= IFCLOCALPLACEMENT(#16,#3758);
#3760= IFCBEAM('IfjerLJfBTo1sTlyJc_mQf',$,'BEAM','W10X12','W10X12',#3759,#3754,'B47');
#3761= IFCQUANTITYWEIGHT('NetWeight',$,$,135.397);
#3762= IFCQUANTITYLENGTH('Length',$,$,7581.9);
#3763= IFCELEMENTQUANTITY('Ill2WcxE4sPxb_Yo2TgWt2',$,'BaseQuantities',$,$,(#3761,#3762));
#3764= IFCRELDEFINESBYPROPERTIES('RE9h7QMJeyjtYPAsV6ANbG',$,$,$,(#3760),#3763);
#3765= IFCELEMENTASSEMBLY('WYxOKp_Y6i_p4omZH4dXt2',$,'BEAM',$,$,#16,$,'B47',.FACTORY.,.NOTDEFINED.);
#3766= IFCRELAGGREGATES('cKYFwdjymWGQz9DvVDbYsz',$,$,$,#3765,(#3760));
#3767= IFCAXIS2PLACEMENT3D(#1,$,$);
#3768= IFCEXTRUDEDAREASOLID(#29,#3767,#2,7581.9);
#3769= IFCSHAPEREPRESENTATION(#6,'Body','SweptSolid',(#3768));
#3770= IFCPRODUCTDEFINITIONSHAPE($,$,(#3769));
#3771= IFCCARTESIANPOINT((21336.0,19.05,8409.051));
#3772= IFCDIRECTION((0.0,1.0,0.0));
#3773= IFCDIRECTION((-1.0,0.0,0.0));
#3774= IFCAXIS2PLACEMENT3D(#3771,#3772,#3773);
#3775= IFCLOCALPLACEMENT(#16,#3774);
#3776= IFCBEAM('42E9PTBkKuLV_AC5bxfe78',$,'BEAM','W10X12','W10X12',#3775,#3770,'B48');
#3777= IFCQUANTITYWEIGHT('NetWeight',$,$,135.397);
#3778= IFCQUANTITYLENGTH('Length',$,$,7581.9);
#3779= IFCELEMENTQUANTITY('TCoOtikKa4SNOV9VE6H8DI',$,'BaseQuantities',$,$,(#3777,#3778));
#3780= IFCRELDEFINESBYPROPERTIES('72201$JA6q6fOMD5kI7GPY',$,$,$,(#3776),#3779);
#3781= IFCELEMENTASSEMBLY('vI2Etnp8cgU2n$mL8wwyHJ',$,'BEAM',$,$,#16,$,'B48',.FACTORY.,.NOTDEFINED.);
#3782= IFCRELAGGREGATES('17HM8aaD7QTNqPYUJDs1Dp',$,$,$,#3781,(#3776));
#3783= IFCAXIS2PLACEMENT3D(#1,$,$);
#3784= IFCEXTRUDEDAREASOLID(#29,#3783,#2,7581.9);
#3785= IFCSHAPEREPRESENTATION(#6,'Body','SweptSolid',(#3784));
#3786= IFCPRODUCTDEFINITIONSHAPE($,$,(#3785));
#3787= IFCCARTESIANPOINT((22860.0,19.05,8409.051));
#3788= IFCDIRECTION((0.0,1.0,0.0));
#3789= IFCDIRECTION((-1.0,0.0,0.0));
#3790= IFCAXIS2PLACEMENT3D(#3787,#3788,#3789);
#3791= IFCLOCALPLACEMENT(#16,#3790);
#3792= IFCBEAM('xOQ3p$xl7R_6PP$OnuKNcc',$,'BEAM','W10X12','W10X12',#3791,#3786,'B49');
#3793= IFCQUANTITYWEIGHT('NetWeight',$,$,135.397);
#3794= IFCQUANTITYLENGTH('Length',$,$,7581.9);
#3795= IFCELEMENTQUANTITY('9leDyQs5vHSr7cNRxgr7K4',$,'BaseQuantities',$,$,(#3793,#3794));
#3796= IFCRELDEFINESBYPROPERTIES('qgmthxVxzrXMSLcjkp_kGG',$,$,$,(#3792),#3795);
#3797= IFCELEMENTASSEMBLY('pU4xv_XxnPd8Hsk62Ds6yy',$,'BEAM',$,$,#16,$,'B49',.FACTORY.,.NOTDEFINED.);
#3798= IFCRELAGGREGATES('sYOSsEU4YK_dyGRlbOBY$O',$,$,$,#3797,(#3792));
#3799= IFCAXIS2PLACEMENT3D(#1,$,$);
#3800= IFCEXTRUDEDAREASOLID(#29,#3799,#2,7581.9);
#3801= IFCSHAPEREPRESENTATION(#6,'Body','SweptSolid',(#3800));
#3802= IFCPRODUCTDEFINITIONSHAPE($,$,(#3801));
#3803= IFCCARTESIANPOINT((24384.0,19.05,8409.051));
#3804= IFCDIRECTION((0.0,1.0,0.0));
#3805= IFCDIRECTION((-1.0,0.0,0.0));
#3806= IFCAXIS2PLACEMENT3D(#3803,#3804,#3805);
#3807= IFCLOCALPLACEMENT(#16,#3806);
#3808= IFCBEAM('bKhndU5WY0Po3Ww0wkOpPw',$,'BEAM','W10X12','W10X12',#3807,#3802,'B50');
#3809= IFCQUANTITYWEIGHT('NetWeight',$,$,135.397);
#3810= IFCQUANTITYLENGTH('Length',$,$,7581.9);
#3811= IFCELEMENTQUANTITY('c6J_D5zcLIPLjvIFrK40YK',$,'BaseQuantities',$,$,(#3809,#3810));
#3812= IFCRELDEFINESBYPROPERTIES('TE$N2OC9f3UcM_Ok86NepS',$,$,$,(#3808),#3811);
#3813= IFCELEMENTASSEMBLY('c6WPAsm1YHuv31SWzo6I1W',$,'BEAM',$,$,#16,$,'B50',.FACTORY.,.NOTDEFINED.);
#3814= IFCRELAGGREGATES('7OrblgeLpqEO1uiNa73sgm',$,$,$,#3813,(#3808));
#3815= IFCAXIS2PLACEMENT3D(#1,$,$);
#3816= IFCEXTRUDEDAREASOLID(#29,#3815,#2,7581.9);
#3817= IFCSHAPEREPRESENTATION(#6,'Body','SweptSolid',(#3816));
#3818= IFCPRODUCTDEFINITIONSHAPE($,$,(#3817));
#3819= IFCCARTESIANPOINT((25908.0,19.05,8409.051));
#3820= IFCDIRECTION((0.0,1.0,0.0));
#3821= IFCDIRECTION((-1.0,0.0,0.0));
#3822= IFCAXIS2PLACEMENT3D(#3819,#3820,#3821);
#3823= IFCLOCALPLACEMENT(#16,#3822);
#3824= IFCBEAM('suuzgOw6KStBokb98RLTSf',$,'BEAM','W10X12','W10X12',#3823,#3818,'B51');
#3825= IFCQUANTITYWEIGHT('NetWeight',$,$,135.397);
#3826= IFCQUANTITYLENGTH('Length',$,$,7581.9);
#3827= IFCELEMENTQUANTITY('UTKnWUo5ffY0HWyclOs9y7',$,'BaseQuantities',$,$,(#3825,#3826));
#3828= IFCRELDEFINESBYPROPERTIES('pUH6EwHLe6bmU21k3_IECN',$,$,$,(#3824),#3827);
#3829= IFCELEMENTASSEMBLY('xRb3eN4xd7iTpF8LyK7fc7',$,'BEAM',$,$,#16,$,'B51',.FACTORY.,.NOTDEFINED.);
#3830= IFCRELAGGREGATES('ctE36pWU73rgmLBA4rfRP2',$,$,$,#3829,(#3824));
#3831= IFCAXIS2PLACEMENT3D(#1,$,$);
#3832= IFCEXTRUDEDAREASOLID(#29,#3831,#2,7581.9);
#3833= IFCSHAPEREPRESENTATION(#6,'Body','SweptSolid',(#3832));
#3834= IFCPRODUCTDEFINITIONSHAPE($,$,(#3833));
#3835= IFCCARTESIANPOINT((19812.0,7639.05,8409.051));
#3836= IFCDIRECTION((0.0,1.0,0.0));
#3837= IFCDIRECTION((-1.0,0.0,0.0));
#3838= IFCAXIS2PLACEMENT3D(#3835,#3836,#3837);
#3839= IFCLOCALPLACEMENT(#16,#3838);
#3840= IFCBEAM('F_yMcqYflBZiOEzpMlqKPy',$,'BEAM','W10X12','W10X12',#3839,#3834,'B52');
#3841= IFCQUANTITYWEIGHT('NetWeight',$,$,135.397);
#3842= IFCQUANTITYLENGTH('Length',$,$,7581.9);
#3843= IFCELEMENTQUANTITY('5G2wuejBo0AwTNOa_DAdhw',$,'BaseQuantities',$,$,(#3841,#3842));
#3844= IFCRELDEFINESBYPROPERTIES('1sYmdbQ$JZfeDwOef1D7Oq',$,$,$,(#3840),#3843);
#3845= IFCELEMENTASSEMBLY('bT7bu_LXUme7DvfRjUzzlz',$,'BEAM',$,$,#16,$,'B52',.FACTORY.,.NOTDEFINED.);
#3846= IFCRELAGGREGATES('3AVUPeFcSOvXdv_q7yHdcJ',$,$,$,#3845,(#3840));
#3847= IFCAXIS2PLACEMENT3D(#1,$,$);
#3848= IFCEXTRUDEDAREASOLID(#29,#3847,#2,7581.9);
#3849= IFCSHAPEREPRESENTATION(#6,'Body','SweptSolid',(#3848));
#3850= IFCPRODUCTDEFINITIONSHAPE($,$,(#3849));
#3851= IFCCARTESIANPOINT((21336.0,7639.05,8409.051));
#3852= IFCDIRECTION((0.0,1.0,0.0));
#3853= IFCDIRECTION((-1.0,0.0,0.0));
#3854= IFCAXIS2PLACEMENT3D(#3851,#3852,#3853);
#3855= IFCLOCALPLACEMENT(#16,#3854);
#3856= IFCBEAM('JSK2N8hr9NMlmJYUhfsuIu',$,'BEAM','W10X12','W10X12',#3855,#3850,'B53');
#3857= IFCQUANTITYWEIGHT('NetWeight',$,$,135.397);
#3858= IFCQUANTITYLENGTH('Length',$,$,7581.9);
#3859= IFCELEMENTQUANTITY('Je4kFNOZAToACN$GjkSv3a',$,'BaseQuantities',$,$,(#3857,#3858));
#3860= IFCRELDEFINESBYPROPERTIES('I_YOsYnlG5dk04hdyB0JxB',$,$,$,(#3856),#3859);
#3861= IFCELEMENTASSEMBLY('dsYaXBWQx$nt3uoGckJzQ4',$,'BEAM',$,$,#16,$,'B53',.FACTORY.,.NOTDEFINED.);
#3862= IFCRELAGGREGATES('_SLl4lQRbZ6V40s1gHhtxJ',$,$,$,#3861,(#3856));
#3863= IFCAXIS2PLACEMENT3D(#1,$,$);
#3864= IFCEXTRUDEDAREASOLID(#29,#3863,#2,7581.9);
#3865= IFCSHAPEREPRESENTATION(#6,'Body','SweptSolid',(#3864));
#3866= IFCPRODUCTDEFINITIONSHAPE($,$,(#3865));
#3867= IFCCARTESIANPOINT((22860.0,7639.05,8409.051));
#3868= IFCDIRECTION((0.0,1.0,0.0));
#3869= IFCDIRECTION((-1.0,0.0,0.0));
#3870= IFCAXIS2PLACEMENT3D(#3867,#3868,#3869);
#3871= IFCLOCALPLACEMENT(#16,#3870);
#3872= IFCBEAM('PtoMJS1E8Nql3WM28wadiH',$,'BEAM','W10X12','W10X12',#3871,#3866,'B54');
#3873= IFCQUANTITYWEIGHT('NetWeight',$,$,135.397);
#3874= IFCQUANTITYLENGTH('Length',$,$,7581.9);
#3875= IFCELEMENTQUANTITY('GyleeHlr5HlftD7V7TGieK',$,'BaseQuantities',$,$,(#3873,#3874));
#3876= IFCRELDEFINESBYPROPERTIES('c559IZTM9iSfx6ToPjhiIw',$,$,$,(#3872),#3875);
#3877= IFCELEMENTASSEMBLY('AABssQhb$_NlcoNaMbJIAe',$,'BEAM',$,$,#16,$,'B54',.FACTORY.,.NOTDEFINED.);
#3878= IFCRELAGGREGATES('B6Wxjl85GxkbMpOdUSytI8',$,$,$,#3877,(#3872));
#3879= IFCAXIS2PLACEMENT3D(#1,$,$);
#3880= IFCEXTRUDEDAREASOLID(#29,#3879,#2,7581.9);
#3881= IFCSHAPEREPRESENTATION(#6,'Body','SweptSolid',(#3880));
#3882= IFCPRODUCTDEFINITIONSHAPE($,$,(#3881));
#3883= IFCCARTESIANPOINT((24384.0,7639.05,8409.051));
#3884= IFCDIRECTION((0.0,1.0,0.0));
#3885= IFCDIRECTION((-1.0,0.0,0.0));
#3886= IFCAXIS2PLACEMENT3D(#3883,#3884,#3885);
#3887= IFCLOCALPLACEMENT(#16,#3886);
#3888= IFCBEAM('ovmAEi71M$$pVX3ovcpDNI',$,'BEAM','W10X12','W10X12',#3887,#3882,'B55');
#3889= IFCQUANTITYWEIGHT('NetWeight',$,$,135.397);
#3890= IFCQUANTITYLENGTH('Length',$,$,7581.9);
#3891= IFCELEMENTQUANTITY('T556clP8fSn7fLtTnW9C9d',$,'BaseQuantities',$,$,(#3889,#3890));
#3892= IFCRELDEFINESBYPROPERTIES('TtnUgqU2aZagFWXr7pXorl',$,$,$,(#3888),#3891);
#3893= IFCELEMENTASSEMBLY('sgBcC407VaqAqk4Ou3XyRR',$,'BEAM',$,$,#16,$,'B55',.FACTORY.,.NOTDEFINED.);
#3894= IFCRELAGGREGATES('pdprqQdBPasgM8bfspElZX',$,$,$,#3893,(#3888));
#3895= IFCAXIS2PLACEMENT3D(#1,$,$);
#3896= IFCEXTRUDEDAREASOLID(#29,#3895,#2,7581.9);
#3897= IFCSHAPEREPRESENTATION(#6,'Body','SweptSolid',(#3896));
#3898= IFCPRODUCTDEFINITIONSHAPE($,$,(#3897));
#3899= IFCCARTESIANPOINT((25908.0,7639.05,8409.051));
#3900= IFCDIRECTION((0.0,1.0,0.0));
#3901= IFCDIRECTION((-1.0,0.0,0.0));
#3902= IFCAXIS2PLACEMENT3D(#3899,#3900,#3901);
#3903= IFCLOCALPLACEMENT(#16,#3902);
#3904= IFCBEAM('PB4yytWcGxO9Szh6ve21xJ',$,'BEAM','W10X12','W10X12',#3903,#3898,'B56');
#3905= IFCQUANTITYWEIGHT('NetWeight',$,$,135.397);
#3906= IFCQUANTITYLENGTH('Length',$,$,7581.9);
#3907= IFCELEMENTQUANTITY('jppKn126Af4iSotKU0HlDH',$,'BaseQuantities',$,$,(#3905,#3906));
#3908= IFCRELDEFINESBYPROPERTIES('ancFijgedAP1F2HZL4SeQ$',$,$,$,(#3904),#3907);
#3909= IFCELEMENTASSEMBLY('X1cSWl6fGOwBJIFRENbuzq',$,'BEAM',$,$,#16,$,'B56',.FACTORY.,.NOTDEFINED.);
#3910= IFCRELAGGREGATES('Io18LJgmdHqxA5SvFJTBAp',$,$,$,#3909,(#3904));
#3911= IFCAXIS2PLACEMENT3D(#1,$,$);
#3912= IFCEXTRUDEDAREASOLID(#29,#3911,#2,7581.9);
#3913= IFCSHAPEREPRESENTATION(#6,'Body','SweptSolid',(#3912));
#3914= IFCPRODUCTDEFINITIONSHAPE($,$,(#3913));
#3915= IFCCARTESIANPOINT((28956.0,19.05,8409.051));
#3916= IFCDIRECTION((0.0,1.0,0.0));
#3917= IFCDIRECTION((-1.0,0.0,0.0));
#3918= IFCAXIS2PLACEMENT3D(#3915,#3916,#3917);
#3919= IFCLOCALPLACEMENT(#16,#3918);
#3920= IFCBEAM('rIaBuAHxlpyoQrLz5vQsOA',$,'BEAM','W10X12','W10X12',#3919,#3914,'B57');
#3921= IFCQUANTITYWEIGHT('NetWeight',$,$,135.397);
#3922= IFCQUANTITYLENGTH('Length',$,$,7581.9);
#3923= IFCELEMENTQUANTITY('zCNi9IYdnFP4EPpAC07nq5',$,'BaseQuantities',$,$,(#3921,#3922));
#3924= IFCRELDEFINESBYPROPERTIES('r4XkvmWdFnj03lZuqm429S',$,$,$,(#3920),#3923);
#3925= IFCELEMENTASSEMBLY('30TeI96pTPnyvPv1paSiao',$,'BEAM',$,$,#16,$,'B57',.FACTORY.,.NOTDEFINED.);
#3926= IFCRELAGGREGATES('oF8GAjPmRwnawmApYG_7kM',$,$,$,#3925,(#3920));
#3927= IFCAXIS2PLACEMENT3D(#1,$,$);
#3928= IFCEXTRUDEDAREASOLID(#29,#3927,#2,7581.9);
#3929= IFCSHAPEREPRESENTATION(#6,'Body','SweptSolid',(#3928));
#3930= IFCPRODUCTDEFINITIONSHAPE($,$,(#3929));
#3931= IFCCARTESIANPOINT((30480.0,19.05,8409.051));
#3932= IFCDIRECTION((0.0,1.0,0.0));
#3933= IFCDIRECTION((-1.0,0.0,0.0));
#3934= IFCAXIS2PLACEMENT3D(#3931,#3932,#3933);
#3935= IFCLOCALPLACEMENT(#16,#3934);
#3936= IFCBEAM('AZq_1NvBiwxgSnnCcN$VQW',$,'BEAM','W10X12','W10X12',#3935,#3930,'B58');
#3937= IFCQUANTITYWEIGHT('NetWeight',$,$,135.397);
#3938= IFCQUANTITYLENGTH('Length',$,$,7581.9);
#3939= IFCELEMENTQUANTITY('aV8rSGK78dfjV4qJUSTicn',$,'BaseQuantities',$,$,(#3937,#3938));
#3940= IFCRELDEFINESBYPROPERTIES('ROELfpy1T72Z0bS0FBXL1S',$,$,$,(#3936),#3939);
#3941= IFCELEMENTASSEMBLY('uoe4kXCODirrPBdxjxfViR',$,'BEAM',$,$,#16,$,'B58',.FACTORY.,.NOTDEFINED.);
#3942= IFCRELAGGREGATES('bHvBspBLBpQAAulAKR_JfS',$,$,$,#3941,(#3936));
#3943= IFCAXIS2PLACEMENT3D(#1,$,$);
#3944= IFCEXTRUDEDAREASOLID(#29,#3943,#2,7581.9);
#3945= IFCSHAPEREPRESENTATION(#6,'Body','SweptSolid',(#3944));
#3946= IFCPRODUCTDEFINITIONSHAPE($,$,(#3945));
#3947= IFCCARTESIANPOINT((32004.0,19.05,8409.051));
#3948= IFCDIRECTION((0.0,1.0,0.0));
#3949= IFCDIRECTION((-1.0,0.0,0.0));
#3950= IFCAXIS2PLACEMENT3D(#3947,#3948,#3949);
#3951= IFCLOCALPLACEMENT(#16,#3950);
#3952= IFCBEAM('Tq7Og4l05E2fw$_7BbIdU_',$,'BEAM','W10X12','W10X12',#3951,#3946,'B59');
#3953= IFCQUANTITYWEIGHT('NetWeight',$,$,135.397);
#3954= IFCQUANTITYLENGTH('Length',$,$,7581.9);
#3955= IFCELEMENTQUANTITY('ittfawJ3sNmCQE0CgNNTzP',$,'BaseQuantities',$,$,(#3953,#3954));
#3956= IFCRELDEFINESBYPROPERTIES('FvvcHGuOOZxJrqmVCiCapR',$,$,$,(#3952),#3955);
#3957= IFCELEMENTASSEMBLY('UhQ_2bZZ5y$bWBPmzvdDTG',$,'BEAM',$,$,#16,$,'B59',.FACTORY.,.NOTDEFINED.);
#3958= IFCRELAGGREGATES('_39mLrWMV9$Pxp0k29jYxP',$,$,$,#3957,(#3952));
#3959= IFCAXIS2PLACEMENT3D(#1,$,$);
#3960= IFCEXTRUDEDAREASOLID(#29,#3959,#2,7581.9);
#3961= IFCSHAPEREPRESENTATION(#6,'Body','SweptSolid',(#3960));
#3962= IFCPRODUCTDEFINITIONSHAPE($,$,(#3961));
#3963= IFCCARTESIANPOINT((33528.0,19.05,8409.051));
#3964= IFCDIRECTION((0.0,1.0,0.0));
#3965= IFCDIRECTION((-1.0,0.0,0.0));
#3966= IFCAXIS2PLACEMENT3D(#3963,#3964,#3965);
#3967= IFCLOCALPLACEMENT(#16,#3966);
#3968= IFCBEAM('GWcRfG76z6Ijai3v$ckeYx',$,'BEAM','W10X12','W10X12',#3967,#3962,'B60');
#3969= IFCQUANTITYWEIGHT('NetWeight',$,$,135.397);
#3970= IFCQUANTITYLENGTH('Length',$,$,7581.9);
#3971= IFCELEMENTQUANTITY('Fg$_n$BP9qc0$TMVEv7clC',$,'BaseQuantities',$,$,(#3969,#3970));
#3972= IFCRELDEFINESBYPROPERTIES('wi2cSgkIhgVdz5YBSXAUS4',$,$,$,(#3968),#3971);
#3973= IFCELEMENTASSEMBLY('Krlv9VIyWIZ1mtrqckGgZr',$,'BEAM',$,$,#16,$,'B60',.FACTORY.,.NOTDEFINED.);
#3974= IFCRELAGGREGATES('xBk3Xnqyri$cB76aHfkwWY',$,$,$,#3973,(#3968));
#3975= IFCAXIS2PLACEMENT3D(#1,$,$);
#3976= IFCEXTRUDEDAREASOLID(#29,#3975,#2,7581.9);
#3977= IFCSHAPEREPRESENTATION(#6,'Body','SweptSolid',(#3976));
#3978= IFCPRODUCTDEFINITIONSHAPE($,$,(#3977));
#3979= IFCCARTESIANPOINT((35052.0,19.05,8409.051));
#3980= IFCDIRECTION((0.0,1.0,0.0));
#3981= IFCDIRECTION((-1.0,0.0,0.0));
#3982= IFCAXIS2PLACEMENT3D(#3979,#3980,#3981);
#3983= IFCLOCALPLACEMENT(#16,#3982);
#3984= IFCBEAM('DqJlwC1vrvZcWeEtHomnp3',$,'BEAM','W10X12','W10X12',#3983,#3978,'B61');
#3985= IFCQUANTITYWEIGHT('NetWeight',$,$,135.397);
#3986= IFCQUANTITYLENGTH('Length',$,$,7581.9);
#3987= IFCELEMENTQUANTITY('piE0Kh2JNzku5tsF$i42R_',$,'BaseQuantities',$,$,(#3985,#3986));
#3988= IFCRELDEFINESBYPROPERTIES('wsy_dZ5KXsFbWL26HfpM$B',$,$,$,(#3984),#3987);
#3989= IFCELEMENTASSEMBLY('idsKC35VcN$DCsHgiE23Py',$,'BEAM',$,$,#16,$,'B61',.FACTORY.,.NOTDEFINED.);
#3990= IFCRELAGGREGATES('pagdZpjp_Mi61Ppp4KmyPB',$,$,$,#3989,(#3984));
#3991= IFCAXIS2PLACEMENT3D(#1,$,$);
#3992= IFCEXTRUDEDAREASOLID(#29,#3991,#2,7581.9);
#3993= IFCSHAPEREPRESENTATION(#6,'Body','SweptSolid',(#3992));
#3994= IFCPRODUCTDEFINITIONSHAPE($,$,(#3993));
#3995= IFCCARTESIANPOINT((28956.0,7639.05,8409.051));
#3996= IFCDIRECTION((0.0,1.0,0.0));
#3997= IFCDIRECTION((-1.0,0.0,0.0));
#3998= IFCAXIS2PLACEMENT3D(#3995,#3996,#3997);
#3999= IFCLOCALPLACEMENT(#16,#3998);
#4000= IFCBEAM('VWosNYU7HhXpUXPLYZb6Yt',$,'BEAM','W10X12','W10X12',#3999,#3994,'B62');
#4001= IFCQUANTITYWEIGHT('NetWeight',$,$,135.397);
#4002= IFCQUANTITYLENGTH('Length',$,$,7581.9);
#4003= IFCELEMENTQUANTITY('j9TfnQpPh0gORx42Vojv0$',$,'BaseQuantities',$,$,(#4001,#4002));
#4004= IFCRELDEFINESBYPROPERTIES('EaAx1GbwBLPuRHYDQu8Gml',$,$,$,(#4000),#4003);
#4005= IFCELEMENTASSEMBLY('UAt4kdp7rpnNCnFULGrb0n',$,'BEAM',$,$,#16,$,'B62',.FACTORY.,.NOTDEFINED.);
#4006= IFCRELAGGREGATES('7IIyN04F4Vn9hctfHxVSnu',$,$,$,#4005,(#4000));
#4007= IFCAXIS2PLACEMENT3D(#1,$,$);
#4008= IFCEXTRUDEDAREASOLID(#29,#4007,#2,7581.9);
#4009= IFCSHAPEREPRESENTATION(#6,'Body','SweptSolid',(#4008));
#4010= IFCPRODUCTDEFINITIONSHAPE($,$,(#4009));
#4011= IFCCARTESIANPOINT((30480.0,7639.05,8409.051));
#4012= IFCDIRECTION((0.0,1.0,0.0));
#4013= IFCDIRECTION((-1.0,0.0,0.0));
#4014= IFCAXIS2PLACEMENT3D(#4011,#4012,#4013);
#4015= IFCLOCALPLACEMENT(#16,#4014);
#4016= IFCBEAM('1jThhjEXZIJKUkAIRflH1B',$,'BEAM','W10X12','W10X12',#4015,#4010,'B63');
#4017= IFCQUANTITYWEIGHT('NetWeight',$,$,135.397);
#4018= IFCQUANTITYLENGTH('Length',$,$,7581.9);
#4019= IFCELEMENTQUANTITY('xUSR9L9CIk5ZNSKfVbdSiu',$,'BaseQuantities',$,$,(#4017,#4018));
#4020= IFCRELDEFINESBYPROPERTIES('iZj3eQhq5hdt62AEyomA7F',$,$,$,(#4016),#4019);
#4021= IFCELEMENTASSEMBLY('0sKG$c6qBfV7bBdiVNzXfR',$,'BEAM',$,$,#16,$,'B63',.FACTORY.,.NOTDEFINED.);
#4022= IFCRELAGGREGATES('bBTvD1SnZGeL4IUtcXORO$',$,$,$,#4021,(#4016));
#4023= IFCAXIS2PLACEMENT3D(#1,$,$);
#4024= IFCEXTRUDEDAREASOLID(#29,#4023,#2,7581.9);
#4025= IFCSHAPEREPRESENTATION(#6,'Body','SweptSolid',(#4024));
#4026= IFCPRODUCTDEFINITIONSHAPE($,$,(#4025));
#4027= IFCCARTESIANPOINT((32004.0,7639.05,8409.051));
#4028= IFCDIRECTION((0.0,1.0,0.0));
#4029= IFCDIRECTION((-1.0,0.0,0.0));
#4030= IFCAXIS2PLACEMENT3D(#4027,#4028,#4029);
#4031= IFCLOCALPLACEMENT(#16,#4030);
#4032= IFCBEAM('1W3$4Hu2SwSRIyh2akb4Zr',$,'BEAM','W10X12','W10X12',#4031,#4026,'B64');
#4033= IFCQUANTITYWEIGHT('NetWeight',$,$,135.397);
#4034= IFCQUANTITYLENGTH('Length',$,$,7581.9);
#4035= IFCELEMENTQUANTITY('lQ8VQM6veZMfqPKmyWFnTh',$,'BaseQuantities',$,$,(#4033,#4034));
#4036= IFCRELDEFINESBYPROPERTIES('YAqfPfeFFJzRkURolgPjv9',$,$,$,(#4032),#4035);
#4037= IFCELEMENTASSEMBLY('lwxDE0Dy4WPI2CN9cuPely',$,'BEAM',$,$,#16,$,'B64',.FACTORY.,.NOTDEFINED.);
#4038= IFCRELAGGREGATES('ePHV8j1SEuNHEZngozzwL5',$,$,$,#4037,(#4032));
#4039= IFCAXIS2PLACEMENT3D(#1,$,$);
#4040= IFCEXTRUDEDAREASOLID(#29,#4039,#2,7581.9);
#4041= IFCSHAPEREPRESENTATION(#6,'Body','SweptSolid',(#4040));
#4042= IFCPRODUCTDEFINITIONSHAPE($,$,(#4041));
#4043= IFCCARTESIANPOINT((33528.0,7639.05,8409.051));
#4044= IFCDIRECTION((0.0,1.0,0.0));
#4045= IFCDIRECTION((-1.0,0.0,0.0));
#4046= IFCAXIS2PLACEMENT3D(#4043,#4044,#4045);
#4047= IFCLOCALPLACEMENT(#16,#4046);
#4048= IFCBEAM('OreYaNR32tqMXMqdlW_pMl',$,'BEAM','W10X12','W10X12',#4047,#4042,'B65');
#4049= IFCQUANTITYWEIGHT('NetWeight',$,$,135.397);
#4050= IFCQUANTITYLENGTH('Length',$,$,7581.9);
#4051= IFCELEMENTQUANTITY('Nu86dtY9hHJt0fl9eE3S4Z',$,'BaseQuantities',$,$,(#4049,#4050));
#4052= IFCRELDEFINESBYPROPERTIES('l9u3NS2pFzTI2TrS75JUOR',$,$,$,(#4048),#4051);
#4053= IFCELEMENTASSEMBLY('ij$0tg_utTI_Mbo7dVIPr8',$,'BEAM',$,$,#16,$,'B65',.FACTORY.,.NOTDEFINED.);
#4054= IFCRELAGGREGATES('jQ9otgaO672TsN5Tn7jICn',$,$,$,#4053,(#4048));
#4055= IFCAXIS2PLACEMENT3D(#1,$,$);
#4056= IFCEXTRUDEDAREASOLID(#29,#4055,#2,7581.9);
#4057= IFCSHAPEREPRESENTATION(#6,'Body','SweptSolid',(#4056));
#4058= IFCPRODUCTDEFINITIONSHAPE($,$,(#4057));
#4059= IFCCARTESIANPOINT((35052.0,7639.05,8409.051));
#4060= IFCDIRECTION((0.0,1.0,0.0));
#4061= IFCDIRECTION((-1.0,0.0,0.0));
#4062= IFCAXIS2PLACEMENT3D(#4059,#4060,#4061);
#4063= IFCLOCALPLACEMENT(#16,#4062);
#4064= IFCBEAM('0XhVGfEGuSnTf4MEMny$ZR',$,'BEAM','W10X12','W10X12',#4063,#4058,'B66');
#4065= IFCQUANTITYWEIGHT('NetWeight',$,$,135.397);
#4066= IFCQUANTITYLENGTH('Length',$,$,7581.9);
#4067= IFCELEMENTQUANTITY('GI55sH3GCJi5kr76Jzmiw8',$,'BaseQuantities',$,$,(#4065,#4066));
#4068= IFCRELDEFINESBYPROPERTIES('jr9YWfcBUXr$VfMNqqrhyG',$,$,$,(#4064),#4067);
#4069= IFCELEMENTASSEMBLY('LFN_K2VtGPnkjXZX0judad',$,'BEAM',$,$,#16,$,'B66',.FACTORY.,.NOTDEFINED.);
#4070= IFCRELAGGREGATES('12m5uBtSHCwmuO32Hmmk2r',$,$,$,#4069,(#4064));
#4071= IFCAXIS2PLACEMENT3D(#1,$,$);
#4072= IFCEXTRUDEDAREASOLID(#30,#4071,#2,9030.9946);
#4073= IFCSHAPEREPRESENTATION(#6,'Body','SweptSolid',(#4072));
#4074= IFCPRODUCTDEFINITIONSHAPE($,$,(#4073));
#4075= IFCCARTESIANPOINT((380.746,0.0,254.0));
#4076= IFCDIRECTION((0.9282,0.0,0.3721));
#4077= IFCDIRECTION((0.0,1.0,-0.0));
#4078= IFCAXIS2PLACEMENT3D(#4075,#4076,#4077);
#4079= IFCLOCALPLACEMENT(#16,#4078);
#4080= IFCMEMBER('0Q3DwkXXp8QXNACoJwupHa',$,'VERTICAL BRACE','HSS5X5X3/8','HSS5X5X3/8',#4079,#4074,'VB1');
#4081= IFCQUANTITYWEIGHT('NetWeight',$,$,291.6386);
#4082= IFCQUANTITYLENGTH('Length',$,$,9030.9946);
#4083= IFCELEMENTQUANTITY('DR9XjLTno$0fNOzKiG5lJv',$,'BaseQuantities',$,$,(#4081,#4082));
#4084= IFCRELDEFINESBYPROPERTIES('TgUlNruNhkgdT0gkWfBNNz',$,$,$,(#4080),#4083);
#4085= IFCMATERIAL('A500 GR.C');
#4086= IFCAXIS2PLACEMENT3D(#1,$,$);
#4087= IFCEXTRUDEDAREASOLID(#30,#4086,#2,4410.8694);
#4088= IFCSHAPEREPRESENTATION(#6,'Body','SweptSolid',(#4087));
#4089= IFCPRODUCTDEFINITIONSHAPE($,$,(#4088));
#4090= IFCCARTESIANPOINT((380.746,0.0,3614.42));
#4091= IFCDIRECTION((0.9282,0.0,-0.3721));
#4092= IFCDIRECTION((-0.0,1.0,0.0));
#4093= IFCAXIS2PLACEMENT3D(#4090,#4091,#4092);
#4094= IFCLOCALPLACEMENT(#16,#4093);
#4095= IFCMEMBER('g8Jysc4SdadPo_z_hNIHf6',$,'VERTICAL BRACE','HSS5X5X3/8','HSS5X5X3/8',#4094,#4089,'VB2');
#4096= IFCQUANTITYWEIGHT('NetWeight',$,$,142.4405);
#4097= IFCQUANTITYLENGTH('Length',$,$,4410.8694);
#4098= IFCELEMENTQUANTITY('pokY0soigMSyqxVkQeRTA$',$,'BaseQuantities',$,$,(#4096,#4097));
#4099= IFCRELDEFINESBYPROPERTIES('zhdgue8vwU9zzind5gzrfW',$,$,$,(#4095),#4098);
#4100= IFCAXIS2PLACEMENT3D(#1,$,$);
#4101= IFCEXTRUDEDAREASOLID(#30,#4100,#2,4410.8694);
#4102= IFCSHAPEREPRESENTATION(#6,'Body','SweptSolid',(#4101));
#4103= IFCPRODUCTDEFINITIONSHAPE($,$,(#4102));
#4104= IFCCARTESIANPOINT((4669.1149,0.0,1895.2781));
#4105= IFCDIRECTION((0.9282,0.0,-0.3721));
#4106= IFCDIRECTION((-0.0,1.0,0.0));
#4107= IFCAXIS2PLACEMENT3D(#4104,#4105,#4106);
#4108= IFCLOCALPLACEMENT(#16,#4107);
#4109= IFCMEMBER('D30EZOCf6KXgikwBX5jJMo',$,'VERTICAL BRACE','HSS5X5X3/8','HSS5X5X3/8',#4108,#4103,'VB3');
#4110= IFCQUANTITYWEIGHT('NetWeight',$,$,142.4405);
#4111= IFCQUANTITYLENGTH('Length',$,$,4410.8694);
#4112= IFCELEMENTQUANTITY('YVsFlJecjkYd$fiRqY7MNU',$,'BaseQuantities',$,$,(#4110,#4111));
#4113= IFCRELDEFINESBYPROPERTIES('lJLHMiX$IouctmTbYx6bRw',$,$,$,(#4109),#4112);
#4114= IFCCARTESIANPOINT((228.6,228.6));
#4115= IFCAXIS2PLACEMENT2D(#4114,$);
#4116= IFCRECTANGLEPROFILEDEF(.AREA.,'PL1/2X18',#4115,457.2,457.2);
#4117= IFCAXIS2PLACEMENT3D(#1,$,$);
#4118= IFCEXTRUDEDAREASOLID(#4116,#4117,#2,12.7);
#4119= IFCSHAPEREPRESENTATION(#6,'Body','SweptSolid',(#4118));
#4120= IFCPRODUCTDEFINITIONSHAPE($,$,(#4119));
#4121= IFCCARTESIANPOINT((126.746,6.35,0.0));
#4122= IFCDIRECTION((0.0,-1.0,0.0));
#4123= IFCDIRECTION((1.0,0.0,0.0));
#4124= IFCAXIS2PLACEMENT3D(#4121,#4122,#4123);
#4125= IFCLOCALPLACEMENT(#16,#4124);
#4126= IFCPLATE('_x1mZRw_FdFXGE2GOcYNuX',$,'GUSSET','PL1/2X18','PL1/2X18',#4125,#4120,'g1');
#4127= IFCQUANTITYWEIGHT('NetWeight',$,$,20.8394);
#4128= IFCELEMENTQUANTITY('BaEiCvmrkk9r1gqo9QfGBC',$,'BaseQuantities',$,$,(#4127));
#4129= IFCRELDEFINESBYPROPERTIES('73S4VrrSTXl$Ro4dIJmzDP',$,$,$,(#4126),#4128);
#4130= IFCCARTESIANPOINT((228.6,228.6));
#4131= IFCAXIS2PLACEMENT2D(#4130,$);
#4132= IFCRECTANGLEPROFILEDEF(.AREA.,'PL1/2X18',#4131,457.2,457.2);
#4133= IFCAXIS2PLACEMENT3D(#1,$,$);
#4134= IFCEXTRUDEDAREASOLID(#4132,#4133,#2,12.7);
#4135= IFCSHAPEREPRESENTATION(#6,'Body','SweptSolid',(#4134));
#4136= IFCPRODUCTDEFINITIONSHAPE($,$,(#4135));
#4137= IFCCARTESIANPOINT((8560.054,6.35,0.0));
#4138= IFCDIRECTION((0.0,-1.0,0.0));
#4139= IFCDIRECTION((1.0,0.0,0.0));
#4140= IFCAXIS2PLACEMENT3D(#4137,#4138,#4139);
#4141= IFCLOCALPLACEMENT(#16,#4140);
#4142= IFCPLATE('Zrjsvp80FYAAzkB$EhV062',$,'GUSSET','PL1/2X18','PL1/2X18',#4141,#4136,'g2');
#4143= IFCQUANTITYWEIGHT('NetWeight',$,$,20.8394);
#4144= IFCELEMENTQUANTITY('0u2X7if5KZTmYh1zTHvxA8',$,'BaseQuantities',$,$,(#4143));
#4145= IFCRELDEFINESBYPROPERTIES('nOZ7Urr5VJDUJsM7K_4b3x',$,$,$,(#4142),#4144);
#4146= IFCCARTESIANPOINT((228.6,228.6));
#4147= IFCAXIS2PLACEMENT2D(#4146,$);
#4148= IFCRECTANGLEPROFILEDEF(.AREA.,'PL1/2X18',#4147,457.2,457.2);
#4149= IFCAXIS2PLACEMENT3D(#1,$,$);
#4150= IFCEXTRUDEDAREASOLID(#4148,#4149,#2,12.7);
#4151= IFCSHAPEREPRESENTATION(#6,'Body','SweptSolid',(#4150));
#4152= IFCPRODUCTDEFINITIONSHAPE($,$,(#4151));
#4153= IFCCARTESIANPOINT((126.746,6.35,3411.22));
#4154= IFCDIRECTION((0.0,-1.0,0.0));
#4155= IFCDIRECTION((1.0,0.0,0.0));
#4156= IFCAXIS2PLACEMENT3D(#4153,#4154,#4155);
#4157= IFCLOCALPLACEMENT(#16,#4156);
#4158= IFCPLATE('LYeihHcxZHkm0dtDdWPSoI',$,'GUSSET','PL1/2X18','PL1/2X18',#4157,#4152,'g3');
#4159= IFCQUANTITYWEIGHT('NetWeight',$,$,20.8394);
#4160= IFCELEMENTQUANTITY('hJhYGBoVMUC0BUn_tVH_iu',$,'BaseQuantities',$,$,(#4159));
#4161= IFCRELDEFINESBYPROPERTIES('7NvShTG7zdhhNWNwAFSFhj',$,$,$,(#4158),#4160);
#4162= IFCCARTESIANPOINT((228.6,228.6));
#4163= IFCAXIS2PLACEMENT2D(#4162,$);
#4164= IFCRECTANGLEPROFILEDEF(.AREA.,'PL1/2X18',#4163,457.2,457.2);
#4165= IFCAXIS2PLACEMENT3D(#1,$,$);
#4166= IFCEXTRUDEDAREASOLID(#4164,#4165,#2,12.7);
#4167= IFCSHAPEREPRESENTATION(#6,'Body','SweptSolid',(#4166));
#4168= IFCPRODUCTDEFINITIONSHAPE($,$,(#4167));
#4169= IFCCARTESIANPOINT((8560.054,6.35,3411.22));
#4170= IFCDIRECTION((0.0,-1.0,0.0));
#4171= IFCDIRECTION((1.0,0.0,0.0));
#4172= IFCAXIS2PLACEMENT3D(#4169,#4170,#4171);
#4173= IFCLOCALPLACEMENT(#16,#4172);
#4174= IFCPLATE('YMPA3n4KvuluddVXG$wrtC',$,'GUSSET','PL1/2X18','PL1/2X18',#4173,#4168,'g4');
#4175= IFCQUANTITYWEIGHT('NetWeight',$,$,20.8394);
#4176= IFCELEMENTQUANTITY('adq47ArEEGgNfsRWTrwmse',$,'BaseQuantities',$,$,(#4175));
#4177= IFCRELDEFINESBYPROPERTIES('yLf03fRsdMkNPNJ970fDJz',$,$,$,(#4174),#4176);
#4178= IFCELEMENTASSEMBLY('cUtKj5aEt4dTjSrehkpKTw',$,'VERTICAL BRACE',$,$,#16,$,'VB1',.FACTORY.,.NOTDEFINED.);
#4179= IFCRELAGGREGATES('nN384UHa5FPnEySug7rq4G',$,$,$,#4178,(#4080));
#4180= IFCELEMENTASSEMBLY('dxs5kCuEUdo$YwjZtwG5LN',$,'VERTICAL BRACE',$,$,#16,$,'VB2',.FACTORY.,.NOTDEFINED.);
#4181= IFCRELAGGREGATES('inmld1Km6AhQZobPxZSoI$',$,$,$,#4180,(#4095));
#4182= IFCELEMENTASSEMBLY('O9L62p8Qj$x25EN1nItX2t',$,'VERTICAL BRACE',$,$,#16,$,'VB3',.FACTORY.,.NOTDEFINED.);
#4183= IFCRELAGGREGATES('tDyVpwdeRt5a_pXqq$0_Or',$,$,$,#4182,(#4109));
#4184= IFCELEMENTASSEMBLY('TcKFeHvRG8IM0SOKirDJfY',$,'GUSSET',$,$,#16,$,'G1',.FACTORY.,.NOTDEFINED.);
#4185= IFCRELAGGREGATES('Ny2oOEnZFV3ddW6kG7BqfF',$,$,$,#4184,(#4126));
#4186= IFCELEMENTASSEMBLY('GAEu3NVHt8UneDkn3wT6c$',$,'GUSSET',$,$,#16,$,'G2',.FACTORY.,.NOTDEFINED.);
#4187= IFCRELAGGREGATES('hnAB$GsctYG1NMSXmkR2IM',$,$,$,#4186,(#4142));
#4188= IFCELEMENTASSEMBLY('gcnRezJ$3aD0uWB3KL_EGT',$,'GUSSET',$,$,#16,$,'G3',.FACTORY.,.NOTDEFINED.);
#4189= IFCRELAGGREGATES('_oQkzeAAw78DohFtvK6uYn',$,$,$,#4188,(#4158));
#4190= IFCELEMENTASSEMBLY('qLUHgyWhP785yHHOKeU4hL',$,'GUSSET',$,$,#16,$,'G4',.FACTORY.,.NOTDEFINED.);
#4191= IFCRELAGGREGATES('arf9d8lnCmxsyqlhCnLO0Z',$,$,$,#4190,(#4174));
#4192= IFCAXIS2PLACEMENT3D(#1,$,$);
#4193= IFCEXTRUDEDAREASOLID(#30,#4192,#2,9050.02);
#4194= IFCSHAPEREPRESENTATION(#6,'Body','SweptSolid',(#4193));
#4195= IFCPRODUCTDEFINITIONSHAPE($,$,(#4194));
#4196= IFCCARTESIANPOINT((380.746,0.0,4521.2));
#4197= IFCDIRECTION((0.9262,0.0,0.3769));
#4198= IFCDIRECTION((0.0,1.0,-0.0));
#4199= IFCAXIS2PLACEMENT3D(#4196,#4197,#4198);
#4200= IFCLOCALPLACEMENT(#16,#4199);
#4201= IFCMEMBER('6Ltc_fk0jVCo3QY4MJkBov',$,'VERTICAL BRACE','HSS5X5X3/8','HSS5X5X3/8',#4200,#4195,'VB4');
#4202= IFCQUANTITYWEIGHT('NetWeight',$,$,292.2529);
#4203= IFCQUANTITYLENGTH('Length',$,$,9050.02);
#4204= IFCELEMENTQUANTITY('dJqlXDWw1tqOqddgrWEe8b',$,'BaseQuantities',$,$,(#4202,#4203));
#4205= IFCRELDEFINESBYPROPERTIES('Z$B0IQWUJRFekTX4UJG$4_',$,$,$,(#4201),#4204);
#4206= IFCAXIS2PLACEMENT3D(#1,$,$);
#4207= IFCEXTRUDEDAREASOLID(#30,#4206,#2,4421.3691);
#4208= IFCSHAPEREPRESENTATION(#6,'Body','SweptSolid',(#4207));
#4209= IFCPRODUCTDEFINITIONSHAPE($,$,(#4208));
#4210= IFCCARTESIANPOINT((380.746,0.0,7932.42));
#4211= IFCDIRECTION((0.9262,0.0,-0.3769));
#4212= IFCDIRECTION((-0.0,1.0,0.0));
#4213= IFCAXIS2PLACEMENT3D(#4210,#4211,#4212);
#4214= IFCLOCALPLACEMENT(#16,#4213);
#4215= IFCMEMBER('PRFxs$QIrPn6DQz_Z2TcLJ',$,'VERTICAL BRACE','HSS5X5X3/8','HSS5X5X3/8',#4214,#4209,'VB5');
#4216= IFCQUANTITYWEIGHT('NetWeight',$,$,142.7796);
#4217= IFCQUANTITYLENGTH('Length',$,$,4421.3691);
#4218= IFCELEMENTQUANTITY('PM3yFli_yUqnjb$Jv6gJgc',$,'BaseQuantities',$,$,(#4216,#4217));
#4219= IFCRELDEFINESBYPROPERTIES('LvFSaONsxTmW27xyb410od',$,$,$,(#4215),#4218);
#4220= IFCAXIS2PLACEMENT3D(#1,$,$);
#4221= IFCEXTRUDEDAREASOLID(#30,#4220,#2,4421.3691);
#4222= IFCSHAPEREPRESENTATION(#6,'Body','SweptSolid',(#4221));
#4223= IFCPRODUCTDEFINITIONSHAPE($,$,(#4222));
#4224= IFCCARTESIANPOINT((4667.9965,0.0,6187.7447));
#4225= IFCDIRECTION((0.9262,0.0,-0.3769));
#4226= IFCDIRECTION((-0.0,1.0,0.0));
#4227= IFCAXIS2PLACEMENT3D(#4224,#4225,#4226);
#4228= IFCLOCALPLACEMENT(#16,#4227);
#4229= IFCMEMBER('aBranOSS4_tR64BO3kMLHZ',$,'VERTICAL BRACE','HSS5X5X3/8','HSS5X5X3/8',#4228,#4223,'VB6');
#4230= IFCQUANTITYWEIGHT('NetWeight',$,$,142.7796);
#4231= IFCQUANTITYLENGTH('Length',$,$,4421.3691);
#4232= IFCELEMENTQUANTITY('ZvHbD3P0hJuSDxDs1_bmOM',$,'BaseQuantities',$,$,(#4230,#4231));
#4233= IFCRELDEFINESBYPROPERTIES('75f_cmtdilCJW1i0RrHfdE',$,$,$,(#4229),#4232);
#4234= IFCCARTESIANPOINT((228.6,228.6));
#4235= IFCAXIS2PLACEMENT2D(#4234,$);
#4236= IFCRECTANGLEPROFILEDEF(.AREA.,'PL1/2X18',#4235,457.2,457.2);
#4237= IFCAXIS2PLACEMENT3D(#1,$,$);
#4238= IFCEXTRUDEDAREASOLID(#4236,#4237,#2,12.7);
#4239= IFCSHAPEREPRESENTATION(#6,'Body','SweptSolid',(#4238));
#4240= IFCPRODUCTDEFINITIONSHAPE($,$,(#4239));
#4241= IFCCARTESIANPOINT((126.746,6.35,4267.2));
#4242= IFCDIRECTION((0.0,-1.0,0.0));
#4243= IFCDIRECTION((1.0,0.0,0.0));
#4244= IFCAXIS2PLACEMENT3D(#4241,#4242,#4243);
#4245= IFCLOCALPLACEMENT(#16,#4244);
#4246= IFCPLATE('7tfJ5M3wbuFw9qU_obrJyo',$,'GUSSET','PL1/2X18','PL1/2X18',#4245,#4240,'g5');
#4247= IFCQUANTITYWEIGHT('NetWeight',$,$,20.8394);
#4248= IFCELEMENTQUANTITY('Tf1iZ_mUvCD5WaUqBplRNT',$,'BaseQuantities',$,$,(#4247));
#4249= IFCRELDEFINESBYPROPERTIES('Ypb5et38RDrqOcTgKQ3HFu',$,$,$,(#4246),#4248);
#4250= IFCCARTESIANPOINT((228.6,228.6));
#4251= IFCAXIS2PLACEMENT2D(#4250,$);
#4252= IFCRECTANGLEPROFILEDEF(.AREA.,'PL1/2X18',#4251,457.2,457.2);
#4253= IFCAXIS2PLACEMENT3D(#1,$,$);
#4254= IFCEXTRUDEDAREASOLID(#4252,#4253,#2,12.7);
#4255= IFCSHAPEREPRESENTATION(#6,'Body','SweptSolid',(#4254));
#4256= IFCPRODUCTDEFINITIONSHAPE($,$,(#4255));
#4257= IFCCARTESIANPOINT((8560.054,6.35,4267.2));
#4258= IFCDIRECTION((0.0,-1.0,0.0));
#4259= IFCDIRECTION((1.0,0.0,0.0));
#4260= IFCAXIS2PLACEMENT3D(#4257,#4258,#4259);
#4261= IFCLOCALPLACEMENT(#16,#4260);
#4262= IFCPLATE('k5eJ4OblAiQrEOVhWE68W6',$,'GUSSET','PL1/2X18','PL1/2X18',#4261,#4256,'g6');
#4263= IFCQUANTITYWEIGHT('NetWeight',$,$,20.8394);
#4264= IFCELEMENTQUANTITY('4vPKjFiDguf49MN_D5ft1n',$,'BaseQuantities',$,$,(#4263));
#4265= IFCRELDEFINESBYPROPERTIES('7VtrZ7$AF1RIKpJqSq_68U',$,$,$,(#4262),#4264);
#4266= IFCCARTESIANPOINT((228.6,228.6));
#4267= IFCAXIS2PLACEMENT2D(#4266,$);
#4268= IFCRECTANGLEPROFILEDEF(.AREA.,'PL1/2X18',#4267,457.2,457.2);
#4269= IFCAXIS2PLACEMENT3D(#1,$,$);
#4270= IFCEXTRUDEDAREASOLID(#4268,#4269,#2,12.7);
#4271= IFCSHAPEREPRESENTATION(#6,'Body','SweptSolid',(#4270));
#4272= IFCPRODUCTDEFINITIONSHAPE($,$,(#4271));
#4273= IFCCARTESIANPOINT((126.746,6.35,7729.22));
#4274= IFCDIRECTION((0.0,-1.0,0.0));
#4275= IFCDIRECTION((1.0,0.0,0.0));
#4276= IFCAXIS2PLACEMENT3D(#4273,#4274,#4275);
#4277= IFCLOCALPLACEMENT(#16,#4276);
#4278= IFCPLATE('3UPxjRnqF1kLGJSkhtJTZe',$,'GUSSET','PL1/2X18','PL1/2X18',#4277,#4272,'g7');
#4279= IFCQUANTITYWEIGHT('NetWeight',$,$,20.8394);
#4280= IFCELEMENTQUANTITY('HRle6Otl1FkjXM0UPxUhFN',$,'BaseQuantities',$,$,(#4279));
#4281= IFCRELDEFINESBYPROPERTIES('YU9izXJ0LHtcgk96yM4$i7',$,$,$,(#4278),#4280);
#4282= IFCCARTESIANPOINT((228.6,228.6));
#4283= IFCAXIS2PLACEMENT2D(#4282,$);
#4284= IFCRECTANGLEPROFILEDEF(.AREA.,'PL1/2X18',#4283,457.2,457.2);
#4285= IFCAXIS2PLACEMENT3D(#1,$,$);
#4286= IFCEXTRUDEDAREASOLID(#4284,#4285,#2,12.7);
#4287= IFCSHAPEREPRESENTATION(#6,'Body','SweptSolid',(#4286));
#4288= IFCPRODUCTDEFINITIONSHAPE($,$,(#4287));
#4289= IFCCARTESIANPOINT((8560.054,6.35,7729.22));
#4290= IFCDIRECTION((0.0,-1.0,0.0));
#4291= IFCDIRECTION((1.0,0.0,0.0));
#4292= IFCAXIS2PLACEMENT3D(#4289,#4290,#4291);
#4293= IFCLOCALPLACEMENT(#16,#4292);
#4294= IFCPLATE('wPLLMHqfg_Fj$N4aex4Llb',$,'GUSSET','PL1/2X18','PL1/2X18',#4293,#4288,'g8');
#4295= IFCQUANTITYWEIGHT('NetWeight',$,$,20.8394);
#4296= IFCELEMENTQUANTITY('McTxwq$0wxxLaXagsMPv83',$,'BaseQuantities',$,$,(#4295));
#4297= IFCRELDEFINESBYPROPERTIES('ccyRayHSA4Zg2WthM2cRsB',$,$,$,(#4294),#4296);
#4298= IFCELEMENTASSEMBLY('y1ytQDqyscTuzR59018Xu1',$,'VERTICAL BRACE',$,$,#16,$,'VB4',.FACTORY.,.NOTDEFINED.);
#4299= IFCRELAGGREGATES('c_NAxzLGdfpTIfi24xyJ37',$,$,$,#4298,(#4201));
#4300= IFCELEMENTASSEMBLY('bYnazBESG$RD3MAw3lwK9$',$,'VERTICAL BRACE',$,$,#16,$,'VB5',.FACTORY.,.NOTDEFINED.);
#4301= IFCRELAGGREGATES('XdzRZTrY9nEcHcXyjro5nq',$,$,$,#4300,(#4215));
#4302= IFCELEMENTASSEMBLY('YDagn8H4r8ejeeNHXOfM3Z',$,'VERTICAL BRACE',$,$,#16,$,'VB6',.FACTORY.,.NOTDEFINED.);
#4303= IFCRELAGGREGATES('iorH1df2qLfoouk9uiX9Uj',$,$,$,#4302,(#4229));
#4304= IFCELEMENTASSEMBLY('XtRlyXCO3cFH6ZyXBeOn$T',$,'GUSSET',$,$,#16,$,'G5',.FACTORY.,.NOTDEFINED.);
#4305= IFCRELAGGREGATES('7AtlJ94TcesI$wXAaPT8fb',$,$,$,#4304,(#4246));
#4306= IFCELEMENTASSEMBLY('hKVvinTkC5mcXQmmBiWDdR',$,'GUSSET',$,$,#16,$,'G6',.FACTORY.,.NOTDEFINED.);
#4307= IFCRELAGGREGATES('wadmViCfkKO8zIcTbR4nRd',$,$,$,#4306,(#4262));
#4308= IFCELEMENTASSEMBLY('hIZjceeK7kjpt$RJzoNRAg',$,'GUSSET',$,$,#16,$,'G7',.FACTORY.,.NOTDEFINED.);
#4309= IFCRELAGGREGATES('l_w_IpR4B4ejh73PxSE8c$',$,$,$,#4308,(#4278));
#4310= IFCELEMENTASSEMBLY('FNXgnveRUYnDXKZ8g_qXLr',$,'GUSSET',$,$,#16,$,'G8',.FACTORY.,.NOTDEFINED.);
#4311= IFCRELAGGREGATES('d7uaG8Oh$fhCGTfkYU74S5',$,$,$,#4310,(#4294));
#4312= IFCAXIS2PLACEMENT3D(#1,$,$);
#4313= IFCEXTRUDEDAREASOLID(#30,#4312,#2,11367.6987);
#4314= IFCSHAPEREPRESENTATION(#6,'Body','SweptSolid',(#4313));
#4315= IFCPRODUCTDEFINITIONSHAPE($,$,(#4314));
#4316= IFCCARTESIANPOINT((27812.746,0.0,254.0));
#4317= IFCDIRECTION((0.7374,0.0,0.6755));
#4318= IFCDIRECTION((0.0,1.0,-0.0));
#4319= IFCAXIS2PLACEMENT3D(#4316,#4317,#4318);
#4320= IFCLOCALPLACEMENT(#16,#4319);
#4321= IFCMEMBER('W_1sVK5Qh8ywVHFcDhpWaS',$,'VERTICAL BRACE','HSS5X5X3/8','HSS5X5X3/8',#4320,#4315,'VB7');
#4322= IFCQUANTITYWEIGHT('NetWeight',$,$,367.0979);
#4323= IFCQUANTITYLENGTH('Length',$,$,11367.6987);
#4324= IFCELEMENTQUANTITY('mGd9N2hwwd5_klK4PSJnFh',$,'BaseQuantities',$,$,(#4322,#4323));
#4325= IFCRELDEFINESBYPROPERTIES('u$pVs5cmPqFReOM_ML$C7v',$,$,$,(#4321),#4324);
#4326= IFCAXIS2PLACEMENT3D(#1,$,$);
#4327= IFCEXTRUDEDAREASOLID(#30,#4326,#2,5607.4048);
#4328= IFCSHAPEREPRESENTATION(#6,'Body','SweptSolid',(#4327));
#4329= IFCPRODUCTDEFINITIONSHAPE($,$,(#4328));
#4330= IFCCARTESIANPOINT((27812.746,0.0,7932.42));
#4331= IFCDIRECTION((0.7374,0.0,-0.6755));
#4332= IFCDIRECTION((-0.0,1.0,0.0));
#4333= IFCAXIS2PLACEMENT3D(#4330,#4331,#4332);
#4334= IFCLOCALPLACEMENT(#16,#4333);
#4335= IFCMEMBER('aNzwKgAC5a$kkdbXMqmX19',$,'VERTICAL BRACE','HSS5X5X3/8','HSS5X5X3/8',#4334,#4329,'VB8');
#4336= IFCQUANTITYWEIGHT('NetWeight',$,$,181.0803);
#4337= IFCQUANTITYLENGTH('Length',$,$,5607.4048);
#4338= IFCELEMENTQUANTITY('mkitu66ppG9$mr5MeXBmTS',$,'BaseQuantities',$,$,(#4336,#4337));
#4339= IFCRELDEFINESBYPROPERTIES('b1UU0L8Yu2V0hOinrCXxTM',$,$,$,(#4335),#4338);
#4340= IFCAXIS2PLACEMENT3D(#1,$,$);
#4341= IFCEXTRUDEDAREASOLID(#30,#4340,#2,5607.4048);
#4342= IFCSHAPEREPRESENTATION(#6,'Body','SweptSolid',(#4341));
#4343= IFCPRODUCTDEFINITIONSHAPE($,$,(#4342));
#4344= IFCCARTESIANPOINT((32060.37,0.0,4041.5748));
#4345= IFCDIRECTION((0.7374,0.0,-0.6755));
#4346= IFCDIRECTION((-0.0,1.0,0.0));
#4347= IFCAXIS2PLACEMENT3D(#4344,#4345,#4346);
#4348= IFCLOCALPLACEMENT(#16,#4347);
#4349= IFCMEMBER('4rvyA6icB1dnWXOsz8uf3y',$,'VERTICAL BRACE','HSS5X5X3/8','HSS5X5X3/8',#4348,#4343,'VB9');
#4350= IFCQUANTITYWEIGHT('NetWeight',$,$,181.0803);
#4351= IFCQUANTITYLENGTH('Length',$,$,5607.4048);
#4352= IFCELEMENTQUANTITY('U4r1x5W6Xj2UXB6NGgCQLi',$,'BaseQuantities',$,$,(#4350,#4351));
#4353= IFCRELDEFINESBYPROPERTIES('3wAyAh3DE2qgzzpo0Dbu33',$,$,$,(#4349),#4352);
#4354= IFCCARTESIANPOINT((228.6,228.6));
#4355= IFCAXIS2PLACEMENT2D(#4354,$);
#4356= IFCRECTANGLEPROFILEDEF(.AREA.,'PL1/2X18',#4355,457.2,457.2);
#4357= IFCAXIS2PLACEMENT3D(#1,$,$);
#4358= IFCEXTRUDEDAREASOLID(#4356,#4357,#2,12.7);
#4359= IFCSHAPEREPRESENTATION(#6,'Body','SweptSolid',(#4358));
#4360= IFCPRODUCTDEFINITIONSHAPE($,$,(#4359));
#4361= IFCCARTESIANPOINT((27558.746,6.35,0.0));
#4362= IFCDIRECTION((0.0,-1.0,0.0));
#4363= IFCDIRECTION((1.0,0.0,0.0));
#4364= IFCAXIS2PLACEMENT3D(#4361,#4362,#4363);
#4365= IFCLOCALPLACEMENT(#16,#4364);
#4366= IFCPLATE('FwfNCJPHrQtw_F9b6CG7NS',$,'GUSSET','PL1/2X18','PL1/2X18',#4365,#4360,'g9');
#4367= IFCQUANTITYWEIGHT('NetWeight',$,$,20.8394);
#4368= IFCELEMENTQUANTITY('LPORoVeU$mGOUNoLBGYSBK',$,'BaseQuantities',$,$,(#4367));
#4369= IFCRELDEFINESBYPROPERTIES('8kNenTPSbP4jwTSUwrrNQ1',$,$,$,(#4366),#4368);
#4370= IFCCARTESIANPOINT((228.6,228.6));
#4371= IFCAXIS2PLACEMENT2D(#4370,$);
#4372= IFCRECTANGLEPROFILEDEF(.AREA.,'PL1/2X18',#4371,457.2,457.2);
#4373= IFCAXIS2PLACEMENT3D(#1,$,$);
#4374= IFCEXTRUDEDAREASOLID(#4372,#4373,#2,12.7);
#4375= IFCSHAPEREPRESENTATION(#6,'Body','SweptSolid',(#4374));
#4376= IFCPRODUCTDEFINITIONSHAPE($,$,(#4375));
#4377= IFCCARTESIANPOINT((35992.054,6.35,0.0));
#4378= IFCDIRECTION((0.0,-1.0,0.0));
#4379= IFCDIRECTION((1.0,0.0,0.0));
#4380= IFCAXIS2PLACEMENT3D(#4377,#4378,#4379);
#4381= IFCLOCALPLACEMENT(#16,#4380);
#4382= IFCPLATE('Rjp9vcFzWojliAX7VBlUiQ',$,'GUSSET','PL1/2X18','PL1/2X18',#4381,#4376,'g10');
#4383= IFCQUANTITYWEIGHT('NetWeight',$,$,20.8394);
#4384= IFCELEMENTQUANTITY('bReSHUdUrFE$A99Lrer5T6',$,'BaseQuantities',$,$,(#4383));
#4385= IFCRELDEFINESBYPROPERTIES('gYjNpweHZcZwbcRR6RZ0ox',$,$,$,(#4382),#4384);
#4386= IFCCARTESIANPOINT((228.6,228.6));
#4387= IFCAXIS2PLACEMENT2D(#4386,$);
#4388= IFCRECTANGLEPROFILEDEF(.AREA.,'PL1/2X18',#4387,457.2,457.2);
#4389= IFCAXIS2PLACEMENT3D(#1,$,$);
#4390= IFCEXTRUDEDAREASOLID(#4388,#4389,#2,12.7);
#4391= IFCSHAPEREPRESENTATION(#6,'Body','SweptSolid',(#4390));
#4392= IFCPRODUCTDEFINITIONSHAPE($,$,(#4391));
#4393= IFCCARTESIANPOINT((27558.746,6.35,7729.22));
#4394= IFCDIRECTION((0.0,-1.0,0.0));
#4395= IFCDIRECTION((1.0,0.0,0.0));
#4396= IFCAXIS2PLACEMENT3D(#4393,#4394,#4395);
#4397= IFCLOCALPLACEMENT(#16,#4396);
#4398= IFCPLATE('FbAz2qq3jaUEcSrGSLiI_M',$,'GUSSET','PL1/2X18','PL1/2X18',#4397,#4392,'g11');
#4399= IFCQUANTITYWEIGHT('NetWeight',$,$,20.8394);
#4400= IFCELEMENTQUANTITY('2s6R5pntfTiWF2CnOLnv_E',$,'BaseQuantities',$,$,(#4399));
#4401= IFCRELDEFINESBYPROPERTIES('PDssLilMJrl34TpA$3XKV2',$,$,$,(#4398),#4400);
#4402= IFCCARTESIANPOINT((228.6,228.6));
#4403= IFCAXIS2PLACEMENT2D(#4402,$);
#4404= IFCRECTANGLEPROFILEDEF(.AREA.,'PL1/2X18',#4403,457.2,457.2);
#4405= IFCAXIS2PLACEMENT3D(#1,$,$);
#4406= IFCEXTRUDEDAREASOLID(#4404,#4405,#2,12.7);
#4407= IFCSHAPEREPRESENTATION(#6,'Body','SweptSolid',(#4406));
#4408= IFCPRODUCTDEFINITIONSHAPE($,$,(#4407));
#4409= IFCCARTESIANPOINT((35992.054,6.35,7729.22));
#4410= IFCDIRECTION((0.0,-1.0,0.0));
#4411= IFCDIRECTION((1.0,0.0,0.0));
#4412= IFCAXIS2PLACEMENT3D(#4409,#4410,#4411);
#4413= IFCLOCALPLACEMENT(#16,#4412);
#4414= IFCPLATE('QOOnhvexeOsDYLIqYLNZ1S',$,'GUSSET','PL1/2X18','PL1/2X18',#4413,#4408,'g12');
#4415= IFCQUANTITYWEIGHT('NetWeight',$,$,20.8394);
#4416= IFCELEMENTQUANTITY('ZFPR_$a1cMuEZwtjH$VxuC',$,'BaseQuantities',$,$,(#4415));
#4417= IFCRELDEFINESBYPROPERTIES('i28nvr5_a0RsM8Y69Rnc1$',$,$,$,(#4414),#4416);
#4418= IFCELEMENTASSEMBLY('G4tepFxXVN1owhipAMipxH',$,'VERTICAL BRACE',$,$,#16,$,'VB7',.FACTORY.,.NOTDEFINED.);
#4419= IFCRELAGGREGATES('pTq9XsVLRtYsUCk1l__$vC',$,$,$,#4418,(#4321));
#4420= IFCELEMENTASSEMBLY('2tiXwveLzJ5eWdZjRZOkZD',$,'VERTICAL BRACE',$,$,#16,$,'VB8',.FACTORY.,.NOTDEFINED.);
#4421= IFCRELAGGREGATES('Tml9bepdaDmTJNTD9hfa2u',$,$,$,#4420,(#4335));
#4422= IFCELEMENTASSEMBLY('k5WzQETBBKiZ9NxRfikGHN',$,'VERTICAL BRACE',$,$,#16,$,'VB9',.FACTORY.,.NOTDEFINED.);
#4423= IFCRELAGGREGATES('SzfSSnaWeSvsApuk6GcINi',$,$,$,#4422,(#4349));
#4424= IFCELEMENTASSEMBLY('9m6hXG7IPPJ8VFKLsYaOYy',$,'GUSSET',$,$,#16,$,'G9',.FACTORY.,.NOTDEFINED.);
#4425= IFCRELAGGREGATES('epXOGmtoPziwuKXcvqgFdE',$,$,$,#4424,(#4366));
#4426= IFCELEMENTASSEMBLY('oqd1NgnL9H5O4zQU$mLH9P',$,'GUSSET',$,$,#16,$,'G10',.FACTORY.,.NOTDEFINED.);
#4427= IFCRELAGGREGATES('sPTLW3wiac73b2o1Pz_hI9',$,$,$,#4426,(#4382));
#4428= IFCELEMENTASSEMBLY('QaNLAOaV9dWWvo$dkw4Z5p',$,'GUSSET',$,$,#16,$,'G11',.FACTORY.,.NOTDEFINED.);
#4429= IFCRELAGGREGATES('7aiydXBkpqkcGRSWRsZnPO',$,$,$,#4428,(#4398));
#4430= IFCELEMENTASSEMBLY('NtaSDGHS25X4DkWYvWErl5',$,'GUSSET',$,$,#16,$,'G12',.FACTORY.,.NOTDEFINED.);
#4431= IFCRELAGGREGATES('Vz5g4aU9nVw9BWPRja1tQh',$,$,$,#4430,(#4414));
#4432= IFCAXIS2PLACEMENT3D(#1,$,$);
#4433= IFCEXTRUDEDAREASOLID(#30,#4432,#2,9030.9946);
#4434= IFCSHAPEREPRESENTATION(#6,'Body','SweptSolid',(#4433));
#4435= IFCPRODUCTDEFINITIONSHAPE($,$,(#4434));
#4436= IFCCARTESIANPOINT((380.746,15240.0,254.0));
#4437= IFCDIRECTION((0.9282,0.0,0.3721));
#4438= IFCDIRECTION((0.0,1.0,-0.0));
#4439= IFCAXIS2PLACEMENT3D(#4436,#4437,#4438);
#4440= IFCLOCALPLACEMENT(#16,#4439);
#4441= IFCMEMBER('d8zpZcz1KuiEMlCPDXc_1J',$,'VERTICAL BRACE','HSS5X5X3/8','HSS5X5X3/8',#4440,#4435,'VB10');
#4442= IFCQUANTITYWEIGHT('NetWeight',$,$,291.6386);
#4443= IFCQUANTITYLENGTH('Length',$,$,9030.9946);
#4444= IFCELEMENTQUANTITY('JQftR4V6UjZJOTkZ5kW2xe',$,'BaseQuantities',$,$,(#4442,#4443));
#4445= IFCRELDEFINESBYPROPERTIES('ivrXOceadIMLi2wKSnUovF',$,$,$,(#4441),#4444);
#4446= IFCAXIS2PLACEMENT3D(#1,$,$);
#4447= IFCEXTRUDEDAREASOLID(#30,#4446,#2,4410.8694);
#4448= IFCSHAPEREPRESENTATION(#6,'Body','SweptSolid',(#4447));
#4449= IFCPRODUCTDEFINITIONSHAPE($,$,(#4448));
#4450= IFCCARTESIANPOINT((380.746,15240.0,3614.42));
#4451= IFCDIRECTION((0.9282,0.0,-0.3721));
#4452= IFCDIRECTION((-0.0,1.0,0.0));
#4453= IFCAXIS2PLACEMENT3D(#4450,#4451,#4452);
#4454= IFCLOCALPLACEMENT(#16,#4453);
#4455= IFCMEMBER('RCu6hc$dcZTqpi1NTeeOgA',$,'VERTICAL BRACE','HSS5X5X3/8','HSS5X5X3/8',#4454,#4449,'VB11');
#4456= IFCQUANTITYWEIGHT('NetWeight',$,$,142.4405);
#4457= IFCQUANTITYLENGTH('Length',$,$,4410.8694);
#4458= IFCELEMENTQUANTITY('qzkB2q_UnXM$f97M526p2U',$,'BaseQuantities',$,$,(#4456,#4457));
#4459= IFCRELDEFINESBYPROPERTIES('M_HOhR6cLi8$knIPsb4Thg',$,$,$,(#4455),#4458);
#4460= IFCAXIS2PLACEMENT3D(#1,$,$);
#4461= IFCEXTRUDEDAREASOLID(#30,#4460,#2,4410.8694);
#4462= IFCSHAPEREPRESENTATION(#6,'Body','SweptSolid',(#4461));
#4463= IFCPRODUCTDEFINITIONSHAPE($,$,(#4462));
#4464= IFCCARTESIANPOINT((4669.1149,15240.0,1895.2781));
#4465= IFCDIRECTION((0.9282,0.0,-0.3721));
#4466= IFCDIRECTION((-0.0,1.0,0.0));
#4467= IFCAXIS2PLACEMENT3D(#4464,#4465,#4466);
#4468= IFCLOCALPLACEMENT(#16,#4467);
#4469= IFCMEMBER('_ujzlf$tHvMn5gNwjlMmiD',$,'VERTICAL BRACE','HSS5X5X3/8','HSS5X5X3/8',#4468,#4463,'VB12');
#4470= IFCQUANTITYWEIGHT('NetWeight',$,$,142.4405);
#4471= IFCQUANTITYLENGTH('Length',$,$,4410.8694);
#4472= IFCELEMENTQUANTITY('UsXvDwETlX3mf3sD0c$Mwx',$,'BaseQuantities',$,$,(#4470,#4471));
#4473= IFCRELDEFINESBYPROPERTIES('ylqNMxHdVUvqM0$z15sKpT',$,$,$,(#4469),#4472);
#4474= IFCCARTESIANPOINT((228.6,228.6));
#4475= IFCAXIS2PLACEMENT2D(#4474,$);
#4476= IFCRECTANGLEPROFILEDEF(.AREA.,'PL1/2X18',#4475,457.2,457.2);
#4477= IFCAXIS2PLACEMENT3D(#1,$,$);
#4478= IFCEXTRUDEDAREASOLID(#4476,#4477,#2,12.7);
#4479= IFCSHAPEREPRESENTATION(#6,'Body','SweptSolid',(#4478));
#4480= IFCPRODUCTDEFINITIONSHAPE($,$,(#4479));
#4481= IFCCARTESIANPOINT((126.746,15246.35,0.0));
#4482= IFCDIRECTION((0.0,-1.0,0.0));
#4483= IFCDIRECTION((1.0,0.0,0.0));
#4484= IFCAXIS2PLACEMENT3D(#4481,#4482,#4483);
#4485= IFCLOCALPLACEMENT(#16,#4484);
#4486= IFCPLATE('$MfN6x0q03Z3hn7XJzFuBP',$,'GUSSET','PL1/2X18','PL1/2X18',#4485,#4480,'g13');
#4487= IFCQUANTITYWEIGHT('NetWeight',$,$,20.8394);
#4488= IFCELEMENTQUANTITY('UQf6EcFDZpKWK0f5zn4X9R',$,'BaseQuantities',$,$,(#4487));
#4489= IFCRELDEFINESBYPROPERTIES('5AtFMzmb2WE$0aNSWcVYpL',$,$,$,(#4486),#4488);
#4490= IFCCARTESIANPOINT((228.6,228.6));
#4491= IFCAXIS2PLACEMENT2D(#4490,$);
#4492= IFCRECTANGLEPROFILEDEF(.AREA.,'PL1/2X18',#4491,457.2,457.2);
#4493= IFCAXIS2PLACEMENT3D(#1,$,$);
#4494= IFCEXTRUDEDAREASOLID(#4492,#4493,#2,12.7);
#4495= IFCSHAPEREPRESENTATION(#6,'Body','SweptSolid',(#4494));
#4496= IFCPRODUCTDEFINITIONSHAPE($,$,(#4495));
#4497= IFCCARTESIANPOINT((8560.054,15246.35,0.0));
#4498= IFCDIRECTION((0.0,-1.0,0.0));
#4499= IFCDIRECTION((1.0,0.0,0.0));
#4500= IFCAXIS2PLACEMENT3D(#4497,#4498,#4499);
#4501= IFCLOCALPLACEMENT(#16,#4500);
#4502= IFCPLATE('QW5G4olS1SFSywxFrq89kD',$,'GUSSET','PL1/2X18','PL1/2X18',#4501,#4496,'g14');
#4503= IFCQUANTITYWEIGHT('NetWeight',$,$,20.8394);
#4504= IFCELEMENTQUANTITY('H2AzUImNuBaybO3oEk4kWH',$,'BaseQuantities',$,$,(#4503));
#4505= IFCRELDEFINESBYPROPERTIES('aQgMqRJrH9hYmBUYmuwqKj',$,$,$,(#4502),#4504);
#4506= IFCCARTESIANPOINT((228.6,228.6));
#4507= IFCAXIS2PLACEMENT2D(#4506,$);
#4508= IFCRECTANGLEPROFILEDEF(.AREA.,'PL1/2X18',#4507,457.2,457.2);
#4509= IFCAXIS2PLACEMENT3D(#1,$,$);
#4510= IFCEXTRUDEDAREASOLID(#4508,#4509,#2,12.7);
#4511= IFCSHAPEREPRESENTATION(#6,'Body','SweptSolid',(#4510));
#4512= IFCPRODUCTDEFINITIONSHAPE($,$,(#4511));
#4513= IFCCARTESIANPOINT((126.746,15246.35,3411.22));
#4514= IFCDIRECTION((0.0,-1.0,0.0));
#4515= IFCDIRECTION((1.0,0.0,0.0));
#4516= IFCAXIS2PLACEMENT3D(#4513,#4514,#4515);
#4517= IFCLOCALPLACEMENT(#16,#4516);
#4518= IFCPLATE('hBIpf74e9f5AHk8ftK5WD0',$,'GUSSET','PL1/2X18','PL1/2X18',#4517,#4512,'g15');
#4519= IFCQUANTITYWEIGHT('NetWeight',$,$,20.8394);
#4520= IFCELEMENTQUANTITY('u0CnIPIVeTti5dIkq5kg0j',$,'BaseQuantities',$,$,(#4519));
#4521= IFCRELDEFINESBYPROPERTIES('smgpU0edPWnrIH$K7$qQDQ',$,$,$,(#4518),#4520);
#4522= IFCCARTESIANPOINT((228.6,228.6));
#4523= IFCAXIS2PLACEMENT2D(#4522,$);
#4524= IFCRECTANGLEPROFILEDEF(.AREA.,'PL1/2X18',#4523,457.2,457.2);
#4525= IFCAXIS2PLACEMENT3D(#1,$,$);
#4526= IFCEXTRUDEDAREASOLID(#4524,#4525,#2,12.7);
#4527= IFCSHAPEREPRESENTATION(#6,'Body','SweptSolid',(#4526));
#4528= IFCPRODUCTDEFINITIONSHAPE($,$,(#4527));
#4529= IFCCARTESIANPOINT((8560.054,15246.35,3411.22));
#4530= IFCDIRECTION((0.0,-1.0,0.0));
#4531= IFCDIRECTION((1.0,0.0,0.0));
#4532= IFCAXIS2PLACEMENT3D(#4529,#4530,#4531);
#4533= IFCLOCALPLACEMENT(#16,#4532);
#4534= IFCPLATE('uI$9Nt0tgEvg_Zpn_s8jl9',$,'GUSSET','PL1/2X18','PL1/2X18',#4533,#4528,'g16');
#4535= IFCQUANTITYWEIGHT('NetWeight',$,$,20.8394);
#4536= IFCELEMENTQUANTITY('i_MPv2DOLKZcsIY_kQiE3X',$,'BaseQuantities',$,$,(#4535));
#4537= IFCRELDEFINESBYPROPERTIES('$AanFAdX3ERmuRdfE6WCow',$,$,$,(#4534),#4536);
#4538= IFCELEMENTASSEMBLY('xpwAIi08jrBXWVHlqyn267',$,'VERTICAL BRACE',$,$,#16,$,'VB10',.FACTORY.,.NOTDEFINED.);
#4539= IFCRELAGGREGATES('L$BrKCkCwtyhEI8qSVVwa6',$,$,$,#4538,(#4441));
#4540= IFCELEMENTASSEMBLY('hpF8FIwdKoX25Lpj0_5dTw',$,'VERTICAL BRACE',$,$,#16,$,'VB11',.FACTORY.,.NOTDEFINED.);
#4541= IFCRELAGGREGATES('qgJM32LIOQF94elkGWluqA',$,$,$,#4540,(#4455));
#4542= IFCELEMENTASSEMBLY('6Tadm$jDix8rFBjAVYiksg',$,'VERTICAL BRACE',$,$,#16,$,'VB12',.FACTORY.,.NOTDEFINED.);
#4543= IFCRELAGGREGATES('Swd58YiT5$dzoowN3cDEj3',$,$,$,#4542,(#4469));
#4544= IFCELEMENTASSEMBLY('U7yfxyQ4wtPRD6NN4dDr$A',$,'GUSSET',$,$,#16,$,'G13',.FACTORY.,.NOTDEFINED.);
#4545= IFCRELAGGREGATES('aOLw_yzZOvxKNxoRNmZFHH',$,$,$,#4544,(#4486));
#4546= IFCELEMENTASSEMBLY('M9vXWLLAzqdcaHR_GFGJJp',$,'GUSSET',$,$,#16,$,'G14',.FACTORY.,.NOTDEFINED.);
#4547= IFCRELAGGREGATES('bbVW1K2GaG1kpsNuky0Wew',$,$,$,#4546,(#4502));
#4548= IFCELEMENTASSEMBLY('9vmBsUzNyQAEHqNtfsM3ao',$,'GUSSET',$,$,#16,$,'G15',.FACTORY.,.NOTDEFINED.);
#4549= IFCRELAGGREGATES('cIUapqcNxvaT1XS9lKKBZu',$,$,$,#4548,(#4518));
#4550= IFCELEMENTASSEMBLY('qZiQW8l6nFWNqmeWtezmLx',$,'GUSSET',$,$,#16,$,'G16',.FACTORY.,.NOTDEFINED.);
#4551= IFCRELAGGREGATES('HWpqtaLIbOY0wxmM838dGC',$,$,$,#4550,(#4534));
#4552= IFCAXIS2PLACEMENT3D(#1,$,$);
#4553= IFCEXTRUDEDAREASOLID(#30,#4552,#2,9050.02);
#4554= IFCSHAPEREPRESENTATION(#6,'Body','SweptSolid',(#4553));
#4555= IFCPRODUCTDEFINITIONSHAPE($,$,(#4554));
#4556= IFCCARTESIANPOINT((380.746,15240.0,4521.2));
#4557= IFCDIRECTION((0.9262,0.0,0.3769));
#4558= IFCDIRECTION((0.0,1.0,-0.0));
#4559= IFCAXIS2PLACEMENT3D(#4556,#4557,#4558);
#4560= IFCLOCALPLACEMENT(#16,#4559);
#4561= IFCMEMBER('s8BMEQEVQKlYFtbQIOmABj',$,'VERTICAL BRACE','HSS5X5X3/8','HSS5X5X3/8',#4560,#4555,'VB13');
#4562= IFCQUANTITYWEIGHT('NetWeight',$,$,292.2529);
#4563= IFCQUANTITYLENGTH('Length',$,$,9050.02);
#4564= IFCELEMENTQUANTITY('a9s$dbApKnRc_LAHxktO46',$,'BaseQuantities',$,$,(#4562,#4563));
#4565= IFCRELDEFINESBYPROPERTIES('cgScjZIEZnbzzIFgIbvHLn',$,$,$,(#4561),#4564);
#4566= IFCAXIS2PLACEMENT3D(#1,$,$);
#4567= IFCEXTRUDEDAREASOLID(#30,#4566,#2,4421.3691);
#4568= IFCSHAPEREPRESENTATION(#6,'Body','SweptSolid',(#4567));
#4569= IFCPRODUCTDEFINITIONSHAPE($,$,(#4568));
#4570= IFCCARTESIANPOINT((380.746,15240.0,7932.42));
#4571= IFCDIRECTION((0.9262,0.0,-0.3769));
#4572= IFCDIRECTION((-0.0,1.0,0.0));
#4573= IFCAXIS2PLACEMENT3D(#4570,#4571,#4572);
#4574= IFCLOCALPLACEMENT(#16,#4573);
#4575= IFCMEMBER('hHGy8OGvloyilE6piFd4TQ',$,'VERTICAL BRACE','HSS5X5X3/8','HSS5X5X3/8',#4574,#4569,'VB14');
#4576= IFCQUANTITYWEIGHT('NetWeight',$,$,142.7796);
#4577= IFCQUANTITYLENGTH('Length',$,$,4421.3691);
#4578= IFCELEMENTQUANTITY('0NRmR5A3nPhX5Nig3Hz2K6',$,'BaseQuantities',$,$,(#4576,#4577));
#4579= IFCRELDEFINESBYPROPERTIES('Qq6FvDEnb7NRJQmUF$k9wY',$,$,$,(#4575),#4578);
#4580= IFCAXIS2PLACEMENT3D(#1,$,$);
#4581= IFCEXTRUDEDAREASOLID(#30,#4580,#2,4421.3691);
#4582= IFCSHAPEREPRESENTATION(#6,'Body','SweptSolid',(#4581));
#4583= IFCPRODUCTDEFINITIONSHAPE($,$,(#4582));
#4584= IFCCARTESIANPOINT((4667.9965,15240.0,6187.7447));
#4585= IFCDIRECTION((0.9262,0.0,-0.3769));
#4586= IFCDIRECTION((-0.0,1.0,0.0));
#4587= IFCAXIS2PLACEMENT3D(#4584,#4585,#4586);
#4588= IFCLOCALPLACEMENT(#16,#4587);
#4589= IFCMEMBER('8pS__wVobl5jyxJvL7_jzc',$,'VERTICAL BRACE','HSS5X5X3/8','HSS5X5X3/8',#4588,#4583,'VB15');
#4590= IFCQUANTITYWEIGHT('NetWeight',$,$,142.7796);
#4591= IFCQUANTITYLENGTH('Length',$,$,4421.3691);
#4592= IFCELEMENTQUANTITY('azcMds6hbwh6afDVxj0HhX',$,'BaseQuantities',$,$,(#4590,#4591));
#4593= IFCRELDEFINESBYPROPERTIES('DToRqLWtGdq2JJgaIBRRTH',$,$,$,(#4589),#4592);
#4594= IFCCARTESIANPOINT((228.6,228.6));
#4595= IFCAXIS2PLACEMENT2D(#4594,$);
#4596= IFCRECTANGLEPROFILEDEF(.AREA.,'PL1/2X18',#4595,457.2,457.2);
#4597= IFCAXIS2PLACEMENT3D(#1,$,$);
#4598= IFCEXTRUDEDAREASOLID(#4596,#4597,#2,12.7);
#4599= IFCSHAPEREPRESENTATION(#6,'Body','SweptSolid',(#4598));
#4600= IFCPRODUCTDEFINITIONSHAPE($,$,(#4599));
#4601= IFCCARTESIANPOINT((126.746,15246.35,4267.2));
#4602= IFCDIRECTION((0.0,-1.0,0.0));
#4603= IFCDIRECTION((1.0,0.0,0.0));
#4604= IFCAXIS2PLACEMENT3D(#4601,#4602,#4603);
#4605= IFCLOCALPLACEMENT(#16,#4604);
#4606= IFCPLATE('wMrVwnSnvguEzjrChMf2I2',$,'GUSSET','PL1/2X18','PL1/2X18',#4605,#4600,'g17');
#4607= IFCQUANTITYWEIGHT('NetWeight',$,$,20.8394);
#4608= IFCELEMENTQUANTITY('eOS7t8J4i10mwHEVjXLAyb',$,'BaseQuantities',$,$,(#4607));
#4609= IFCRELDEFINESBYPROPERTIES('8jJR326D8K$FhU5y6BGRVl',$,$,$,(#4606),#4608);
#4610= IFCCARTESIANPOINT((228.6,228.6));
#4611= IFCAXIS2PLACEMENT2D(#4610,$);
#4612= IFCRECTANGLEPROFILEDEF(.AREA.,'PL1/2X18',#4611,457.2,457.2);
#4613= IFCAXIS2PLACEMENT3D(#1,$,$);
#4614= IFCEXTRUDEDAREASOLID(#4612,#4613,#2,12.7);
#4615= IFCSHAPEREPRESENTATION(#6,'Body','SweptSolid',(#4614));
#4616= IFCPRODUCTDEFINITIONSHAPE($,$,(#4615));
#4617= IFCCARTESIANPOINT((8560.054,15246.35,4267.2));
#4618= IFCDIRECTION((0.0,-1.0,0.0));
#4619= IFCDIRECTION((1.0,0.0,0.0));
#4620= IFCAXIS2PLACEMENT3D(#4617,#4618,#4619);
#4621= IFCLOCALPLACEMENT(#16,#4620);
#4622= IFCPLATE('3ptXFL9Fi3rigFAiPtSGaE',$,'GUSSET','PL1/2X18','PL1/2X18',#4621,#4616,'g18');
#4623= IFCQUANTITYWEIGHT('NetWeight',$,$,20.8394);
#4624= IFCELEMENTQUANTITY('8NCDsy4oi9yMl98sYIuEdk',$,'BaseQuantities',$,$,(#4623));
#4625= IFCRELDEFINESBYPROPERTIES('SoH5w6vj6g9fJm06TV91sl',$,$,$,(#4622),#4624);
#4626= IFCCARTESIANPOINT((228.6,228.6));
#4627= IFCAXIS2PLACEMENT2D(#4626,$);
#4628= IFCRECTANGLEPROFILEDEF(.AREA.,'PL1/2X18',#4627,457.2,457.2);
#4629= IFCAXIS2PLACEMENT3D(#1,$,$);
#4630= IFCEXTRUDEDAREASOLID(#4628,#4629,#2,12.7);
#4631= IFCSHAPEREPRESENTATION(#6,'Body','SweptSolid',(#4630));
#4632= IFCPRODUCTDEFINITIONSHAPE($,$,(#4631));
#4633= IFCCARTESIANPOINT((126.746,15246.35,7729.22));
#4634= IFCDIRECTION((0.0,-1.0,0.0));
#4635= IFCDIRECTION((1.0,0.0,0.0));
#4636= IFCAXIS2PLACEMENT3D(#4633,#4634,#4635);
#4637= IFCLOCALPLACEMENT(#16,#4636);
#4638= IFCPLATE('Nm5B1hotAS6jDxEGyYI0Jf',$,'GUSSET','PL1/2X18','PL1/2X18',#4637,#4632,'g19');
#4639= IFCQUANTITYWEIGHT('NetWeight',$,$,20.8394);
#4640= IFCELEMENTQUANTITY('cNE1ueFNvU9I4hZ94VaQn2',$,'BaseQuantities',$,$,(#4639));
#4641= IFCRELDEFINESBYPROPERTIES('lXxgw_Z04RSHOBepaK7XRG',$,$,$,(#4638),#4640);
#4642= IFCCARTESIANPOINT((228.6,228.6));
#4643= IFCAXIS2PLACEMENT2D(#4642,$);
#4644= IFCRECTANGLEPROFILEDEF(.AREA.,'PL1/2X18',#4643,457.2,457.2);
#4645= IFCAXIS2PLACEMENT3D(#1,$,$);
#4646= IFCEXTRUDEDAREASOLID(#4644,#4645,#2,12.7);
#4647= IFCSHAPEREPRESENTATION(#6,'Body','SweptSolid',(#4646));
#4648= IFCPRODUCTDEFINITIONSHAPE($,$,(#4647));
#4649= IFCCARTESIANPOINT((8560.054,15246.35,7729.22));
#4650= IFCDIRECTION((0.0,-1.0,0.0));
#4651= IFCDIRECTION((1.0,0.0,0.0));
#4652= IFCAXIS2PLACEMENT3D(#4649,#4650,#4651);
#4653= IFCLOCALPLACEMENT(#16,#4652);
#4654= IFCPLATE('abfilNo$3IwPu$bM$UCobn',$,'GUSSET','PL1/2X18','PL1/2X18',#4653,#4648,'g20');
#4655= IFCQUANTITYWEIGHT('NetWeight',$,$,20.8394);
#4656= IFCELEMENTQUANTITY('XEm28z9ZuAs7ALReMWC3sg',$,'BaseQuantities',$,$,(#4655));
#4657= IFCRELDEFINESBYPROPERTIES('PW830AXIzG$4$f0eyIA$_3',$,$,$,(#4654),#4656);
#4658= IFCELEMENTASSEMBLY('eeCvvaSr424SqT_dCYOAB2',$,'VERTICAL BRACE',$,$,#16,$,'VB13',.FACTORY.,.NOTDEFINED.);
#4659= IFCRELAGGREGATES('3N1ugYFiDHdPTPXV_2GmGb',$,$,$,#4658,(#4561));
#4660= IFCELEMENTASSEMBLY('gfAaEe5bdcgaM8eApb_k2f',$,'VERTICAL BRACE',$,$,#16,$,'VB14',.FACTORY.,.NOTDEFINED.);
#4661= IFCRELAGGREGATES('EqM4Zu_hcIkzqIsn2muIGB',$,$,$,#4660,(#4575));
#4662= IFCELEMENTASSEMBLY('106hheImQg8kUv6nqJ54kQ',$,'VERTICAL BRACE',$,$,#16,$,'VB15',.FACTORY.,.NOTDEFINED.);
#4663= IFCRELAGGREGATES('uOv3GKdy9Sx39ebKhqi6ph',$,$,$,#4662,(#4589));
#4664= IFCELEMENTASSEMBLY('vTnW3yCpAEo2KL43ZiBwLm',$,'GUSSET',$,$,#16,$,'G17',.FACTORY.,.NOTDEFINED.);
#4665= IFCRELAGGREGATES('w9fOlOajyzOauyMEjuw0sP',$,$,$,#4664,(#4606));
#4666= IFCELEMENTASSEMBLY('p4Z0JLqW102wKEkmz3Caha',$,'GUSSET',$,$,#16,$,'G18',.FACTORY.,.NOTDEFINED.);
#4667= IFCRELAGGREGATES('zoUNF62Qw_PjRndA8o7zzv',$,$,$,#4666,(#4622));
#4668= IFCELEMENTASSEMBLY('G8jCh9BxoVV8rSuGhGIzM4',$,'GUSSET',$,$,#16,$,'G19',.FACTORY.,.NOTDEFINED.);
#4669= IFCRELAGGREGATES('S1nbx_ZBbO5UlGn3rayNzF',$,$,$,#4668,(#4638));
#4670= IFCELEMENTASSEMBLY('2CSbTGXPYMr_2FhjJEP9BW',$,'GUSSET',$,$,#16,$,'G20',.FACTORY.,.NOTDEFINED.);
#4671= IFCRELAGGREGATES('DeynzP9j7DluwQtE$dEfqq',$,$,$,#4670,(#4654));
#4672= IFCAXIS2PLACEMENT3D(#1,$,$);
#4673= IFCEXTRUDEDAREASOLID(#30,#4672,#2,11367.6987);
#4674= IFCSHAPEREPRESENTATION(#6,'Body','SweptSolid',(#4673));
#4675= IFCPRODUCTDEFINITIONSHAPE($,$,(#4674));
#4676= IFCCARTESIANPOINT((27812.746,15240.0,254.0));
#4677= IFCDIRECTION((0.7374,0.0,0.6755));
#4678= IFCDIRECTION((0.0,1.0,-0.0));
#4679= IFCAXIS2PLACEMENT3D(#4676,#4677,#4678);
#4680= IFCLOCALPLACEMENT(#16,#4679);
#4681= IFCMEMBER('oc$LgFkN2NaeLCPyIeMD4b',$,'VERTICAL BRACE','HSS5X5X3/8','HSS5X5X3/8',#4680,#4675,'VB16');
#4682= IFCQUANTITYWEIGHT('NetWeight',$,$,367.0979);
#4683= IFCQUANTITYLENGTH('Length',$,$,11367.6987);
#4684= IFCELEMENTQUANTITY('ClEh6NoKhHGXANdfSeve7o',$,'BaseQuantities',$,$,(#4682,#4683));
#4685= IFCRELDEFINESBYPROPERTIES('7qBAhAZJET3jfgHNEYYUbi',$,$,$,(#4681),#4684);
#4686= IFCAXIS2PLACEMENT3D(#1,$,$);
#4687= IFCEXTRUDEDAREASOLID(#30,#4686,#2,5607.4048);
#4688= IFCSHAPEREPRESENTATION(#6,'Body','SweptSolid',(#4687));
#4689= IFCPRODUCTDEFINITIONSHAPE($,$,(#4688));
#4690= IFCCARTESIANPOINT((27812.746,15240.0,7932.42));
#4691= IFCDIRECTION((0.7374,0.0,-0.6755));
#4692= IFCDIRECTION((-0.0,1.0,0.0));
#4693= IFCAXIS2PLACEMENT3D(#4690,#4691,#4692);
#4694= IFCLOCALPLACEMENT(#16,#4693);
#4695= IFCMEMBER('CBfIuXioDHmveEx49NMEna',$,'VERTICAL BRACE','HSS5X5X3/8','HSS5X5X3/8',#4694,#4689,'VB17');
#4696= IFCQUANTITYWEIGHT('NetWeight',$,$,181.0803);
#4697= IFCQUANTITYLENGTH('Length',$,$,5607.4048);
#4698= IFCELEMENTQUANTITY('DYfYQFWbo4Ijdc3yRkHwT5',$,'BaseQuantities',$,$,(#4696,#4697));
#4699= IFCRELDEFINESBYPROPERTIES('MDVlEN_0Sc$WSbraFXG2Kt',$,$,$,(#4695),#4698);
#4700= IFCAXIS2PLACEMENT3D(#1,$,$);
#4701= IFCEXTRUDEDAREASOLID(#30,#4700,#2,5607.4048);
#4702= IFCSHAPEREPRESENTATION(#6,'Body','SweptSolid',(#4701));
#4703= IFCPRODUCTDEFINITIONSHAPE($,$,(#4702));
#4704= IFCCARTESIANPOINT((32060.37,15240.0,4041.5748));
#4705= IFCDIRECTION((0.7374,0.0,-0.6755));
#4706= IFCDIRECTION((-0.0,1.0,0.0));
#4707= IFCAXIS2PLACEMENT3D(#4704,#4705,#4706);
#4708= IFCLOCALPLACEMENT(#16,#4707);
#4709= IFCMEMBER('1fdls0uT9zeh$JmnQ9Sb60',$,'VERTICAL BRACE','HSS5X5X3/8','HSS5X5X3/8',#4708,#4703,'VB18');
#4710= IFCQUANTITYWEIGHT('NetWeight',$,$,181.0803);
#4711= IFCQUANTITYLENGTH('Length',$,$,5607.4048);
#4712= IFCELEMENTQUANTITY('PZNcLy6vnfUpHD1_zs1IZa',$,'BaseQuantities',$,$,(#4710,#4711));
#4713= IFCRELDEFINESBYPROPERTIES('ro5V81H0I7xOlbtEdadRjx',$,$,$,(#4709),#4712);
#4714= IFCCARTESIANPOINT((228.6,228.6));
#4715= IFCAXIS2PLACEMENT2D(#4714,$);
#4716= IFCRECTANGLEPROFILEDEF(.AREA.,'PL1/2X18',#4715,457.2,457.2);
#4717= IFCAXIS2PLACEMENT3D(#1,$,$);
#4718= IFCEXTRUDEDAREASOLID(#4716,#4717,#2,12.7);
#4719= IFCSHAPEREPRESENTATION(#6,'Body','SweptSolid',(#4718));
#4720= IFCPRODUCTDEFINITIONSHAPE($,$,(#4719));
#4721= IFCCARTESIANPOINT((27558.746,15246.35,0.0));
#4722= IFCDIRECTION((0.0,-1.0,0.0));
#4723= IFCDIRECTION((1.0,0.0,0.0));
#4724= IFCAXIS2PLACEMENT3D(#4721,#4722,#4723);
#4725= IFCLOCALPLACEMENT(#16,#4724);
#4726= IFCPLATE('hrs1TvEt2HrzVN1tKa7_m$',$,'GUSSET','PL1/2X18','PL1/2X18',#4725,#4720,'g21');
#4727= IFCQUANTITYWEIGHT('NetWeight',$,$,20.8394);
#4728= IFCELEMENTQUANTITY('Dmi8vpadrExK4rfZn275n3',$,'BaseQuantities',$,$,(#4727));
#4729= IFCRELDEFINESBYPROPERTIES('8KZUS2exmVZthQ9XbpKhED',$,$,$,(#4726),#4728);
#4730= IFCCARTESIANPOINT((228.6,228.6));
#4731= IFCAXIS2PLACEMENT2D(#4730,$);
#4732= IFCRECTANGLEPROFILEDEF(.AREA.,'PL1/2X18',#4731,457.2,457.2);
#4733= IFCAXIS2PLACEMENT3D(#1,$,$);
#4734= IFCEXTRUDEDAREASOLID(#4732,#4733,#2,12.7);
#4735= IFCSHAPEREPRESENTATION(#6,'Body','SweptSolid',(#4734));
#4736= IFCPRODUCTDEFINITIONSHAPE($,$,(#4735));
#4737= IFCCARTESIANPOINT((35992.054,15246.35,0.0));
#4738= IFCDIRECTION((0.0,-1.0,0.0));
#4739= IFCDIRECTION((1.0,0.0,0.0));
#4740= IFCAXIS2PLACEMENT3D(#4737,#4738,#4739);
#4741= IFCLOCALPLACEMENT(#16,#4740);
#4742= IFCPLATE('g29ifSbUOkLQFI6WF$MN4H',$,'GUSSET','PL1/2X18','PL1/2X18',#4741,#4736,'g22');
#4743= IFCQUANTITYWEIGHT('NetWeight',$,$,20.8394);
#4744= IFCELEMENTQUANTITY('9OZf3s$N7gKc0UYFCntl$b',$,'BaseQuantities',$,$,(#4743));
#4745= IFCRELDEFINESBYPROPERTIES('sigQuVhwL0lCreH2plF8Z6',$,$,$,(#4742),#4744);
#4746= IFCCARTESIANPOINT((228.6,228.6));
#4747= IFCAXIS2PLACEMENT2D(#4746,$);
#4748= IFCRECTANGLEPROFILEDEF(.AREA.,'PL1/2X18',#4747,457.2,457.2);
#4749= IFCAXIS2PLACEMENT3D(#1,$,$);
#4750= IFCEXTRUDEDAREASOLID(#4748,#4749,#2,12.7);
#4751= IFCSHAPEREPRESENTATION(#6,'Body','SweptSolid',(#4750));
#4752= IFCPRODUCTDEFINITIONSHAPE($,$,(#4751));
#4753= IFCCARTESIANPOINT((27558.746,15246.35,7729.22));
#4754= IFCDIRECTION((0.0,-1.0,0.0));
#4755= IFCDIRECTION((1.0,0.0,0.0));
#4756= IFCAXIS2PLACEMENT3D(#4753,#4754,#4755);
#4757= IFCLOCALPLACEMENT(#16,#4756);
#4758= IFCPLATE('Y0FHGBo48CVpJfu6TCAne1',$,'GUSSET','PL1/2X18','PL1/2X18',#4757,#4752,'g23');
#4759= IFCQUANTITYWEIGHT('NetWeight',$,$,20.8394);
#4760= IFCELEMENTQUANTITY('t$4vYyKMypRTittzT6HBJP',$,'BaseQuantities',$,$,(#4759));
#4761= IFCRELDEFINESBYPROPERTIES('_MP4_1OJ89rlzZhU10hsSc',$,$,$,(#4758),#4760);
#4762= IFCCARTESIANPOINT((228.6,228.6));
#4763= IFCAXIS2PLACEMENT2D(#4762,$);
#4764= IFCRECTANGLEPROFILEDEF(.AREA.,'PL1/2X18',#4763,457.2,457.2);
#4765= IFCAXIS2PLACEMENT3D(#1,$,$);
#4766= IFCEXTRUDEDAREASOLID(#4764,#4765,#2,12.7);
#4767= IFCSHAPEREPRESENTATION(#6,'Body','SweptSolid',(#4766));
#4768= IFCPRODUCTDEFINITIONSHAPE($,$,(#4767));
#4769= IFCCARTESIANPOINT((35992.054,15246.35,7729.22));
#4770= IFCDIRECTION((0.0,-1.0,0.0));
#4771= IFCDIRECTION((1.0,0.0,0.0));
#4772= IFCAXIS2PLACEMENT3D(#4769,#4770,#4771);
#4773= IFCLOCALPLACEMENT(#16,#4772);
#4774= IFCPLATE('3S2TxtF4$JWbNSPtsmzc2O',$,'GUSSET','PL1/2X18','PL1/2X18',#4773,#4768,'g24');
#4775= IFCQUANTITYWEIGHT('NetWeight',$,$,20.8394);
#4776= IFCELEMENTQUANTITY('ofLqN5XCm$BVCvxr7JRAsn',$,'BaseQuantities',$,$,(#4775));
#4777= IFCRELDEFINESBYPROPERTIES('7CGpo9JnowN57qRdqayCvO',$,$,$,(#4774),#4776);
#4778= IFCELEMENTASSEMBLY('3az93UtcA5oKlGz73z$9l0',$,'VERTICAL BRACE',$,$,#16,$,'VB16',.FACTORY.,.NOTDEFINED.);
#4779= IFCRELAGGREGATES('wHtzacydJ5FFa4dOmwVmzQ',$,$,$,#4778,(#4681));
#4780= IFCELEMENTASSEMBLY('DbxtjI9XwbI4Mj1ME4OrB0',$,'VERTICAL BRACE',$,$,#16,$,'VB17',.FACTORY.,.NOTDEFINED.);
#4781= IFCRELAGGREGATES('g8SSUqDOjM6pTiViyqvLK1',$,$,$,#4780,(#4695));
#4782= IFCELEMENTASSEMBLY('_P9gybWyT_rfDdpetHVR3x',$,'VERTICAL BRACE',$,$,#16,$,'VB18',.FACTORY.,.NOTDEFINED.);
#4783= IFCRELAGGREGATES('gVIcfYfTZ2gQO8ctMdBgqc',$,$,$,#4782,(#4709));
#4784= IFCELEMENTASSEMBLY('3Z_0xBPoEGvO6u6UJxUyRT',$,'GUSSET',$,$,#16,$,'G21',.FACTORY.,.NOTDEFINED.);
#4785= IFCRELAGGREGATES('M$v0nGfqOBQz6ZDrBe3YkG',$,$,$,#4784,(#4726));
#4786= IFCELEMENTASSEMBLY('1WusIOYtKNPzEfi5KRioU$',$,'GUSSET',$,$,#16,$,'G22',.FACTORY.,.NOTDEFINED.);
#4787= IFCRELAGGREGATES('E067gJewzUgb3ECP39h8xx',$,$,$,#4786,(#4742));
#4788= IFCELEMENTASSEMBLY('Dh7Twci4zLLRZB_RQzdkek',$,'GUSSET',$,$,#16,$,'G23',.FACTORY.,.NOTDEFINED.);
#4789= IFCRELAGGREGATES('JshOwF3yV8CuxIyjGMV6KI',$,$,$,#4788,(#4758));
#4790= IFCELEMENTASSEMBLY('8dpHaHl4cWJ08Ou_HTDJ_E',$,'GUSSET',$,$,#16,$,'G24',.FACTORY.,.NOTDEFINED.);
#4791= IFCRELAGGREGATES('4VClyDKFefI9RWAwHtNtC$',$,$,$,#4790,(#4774));
#4792= IFCAXIS2PLACEMENT3D(#1,$,$);
#4793= IFCEXTRUDEDAREASOLID(#30,#4792,#2,7582.4888);
#4794= IFCSHAPEREPRESENTATION(#6,'Body','SweptSolid',(#4793));
#4795= IFCPRODUCTDEFINITIONSHAPE($,$,(#4794));
#4796= IFCCARTESIANPOINT((0.0,380.746,254.0));
#4797= IFCDIRECTION((0.0,0.9045,0.4264));
#4798= IFCDIRECTION((-1.0,0.0,0.0));
#4799= IFCAXIS2PLACEMENT3D(#4796,#4797,#4798);
#4800= IFCLOCALPLACEMENT(#16,#4799);
#4801= IFCMEMBER('uI1mrQ8JPCAQBcO8hvUMRY',$,'VERTICAL BRACE','HSS5X5X3/8','HSS5X5X3/8',#4800,#4795,'VB19');
#4802= IFCQUANTITYWEIGHT('NetWeight',$,$,244.8619);
#4803= IFCQUANTITYLENGTH('Length',$,$,7582.4888);
#4804= IFCELEMENTQUANTITY('41lUIKBC6UnG53x4vuQbZz',$,'BaseQuantities',$,$,(#4802,#4803));
#4805= IFCRELDEFINESBYPROPERTIES('prwkhtcaQxhw4r_xpcOH8u',$,$,$,(#4801),#4804);
#4806= IFCAXIS2PLACEMENT3D(#1,$,$);
#4807= IFCEXTRUDEDAREASOLID(#30,#4806,#2,3696.2301);
#4808= IFCSHAPEREPRESENTATION(#6,'Body','SweptSolid',(#4807));
#4809= IFCPRODUCTDEFINITIONSHAPE($,$,(#4808));
#4810= IFCCARTESIANPOINT((0.0,380.746,3487.42));
#4811= IFCDIRECTION((0.0,0.9045,-0.4264));
#4812= IFCDIRECTION((-1.0,0.0,0.0));
#4813= IFCAXIS2PLACEMENT3D(#4810,#4811,#4812);
#4814= IFCLOCALPLACEMENT(#16,#4813);
#4815= IFCMEMBER('xHCjdmShAR1b38ol4O360A',$,'VERTICAL BRACE','HSS5X5X3/8','HSS5X5X3/8',#4814,#4809,'VB20');
#4816= IFCQUANTITYWEIGHT('NetWeight',$,$,119.3626);
#4817= IFCQUANTITYLENGTH('Length',$,$,3696.2301);
#4818= IFCELEMENTQUANTITY('zJ71v$RCYDw4DcXi_bnv24',$,'BaseQuantities',$,$,(#4816,#4817));
#4819= IFCRELDEFINESBYPROPERTIES('usLvsbmAyag8iTHbBZZMQ8',$,$,$,(#4815),#4818);
#4820= IFCAXIS2PLACEMENT3D(#1,$,$);
#4821= IFCEXTRUDEDAREASOLID(#30,#4820,#2,3696.2301);
#4822= IFCSHAPEREPRESENTATION(#6,'Body','SweptSolid',(#4821));
#4823= IFCPRODUCTDEFINITIONSHAPE($,$,(#4822));
#4824= IFCCARTESIANPOINT((0.0,3895.9423,1830.1928));
#4825= IFCDIRECTION((0.0,0.9045,-0.4264));
#4826= IFCDIRECTION((-1.0,0.0,0.0));
#4827= IFCAXIS2PLACEMENT3D(#4824,#4825,#4826);
#4828= IFCLOCALPLACEMENT(#16,#4827);
#4829= IFCMEMBER('EseogNybUN$22jOEoRMIH2',$,'VERTICAL BRACE','HSS5X5X3/8','HSS5X5X3/8',#4828,#4823,'VB21');
#4830= IFCQUANTITYWEIGHT('NetWeight',$,$,119.3626);
#4831= IFCQUANTITYLENGTH('Length',$,$,3696.2301);
#4832= IFCELEMENTQUANTITY('ye1RefPey4TkFbltmFTWiV',$,'BaseQuantities',$,$,(#4830,#4831));
#4833= IFCRELDEFINESBYPROPERTIES('4juFwJeTnugdlxexs7D_A3',$,$,$,(#4829),#4832);
#4834= IFCCARTESIANPOINT((228.6,228.6));
#4835= IFCAXIS2PLACEMENT2D(#4834,$);
#4836= IFCRECTANGLEPROFILEDEF(.AREA.,'PL1/2X18',#4835,457.2,457.2);
#4837= IFCAXIS2PLACEMENT3D(#1,$,$);
#4838= IFCEXTRUDEDAREASOLID(#4836,#4837,#2,12.7);
#4839= IFCSHAPEREPRESENTATION(#6,'Body','SweptSolid',(#4838));
#4840= IFCPRODUCTDEFINITIONSHAPE($,$,(#4839));
#4841= IFCCARTESIANPOINT((-6.35,126.746,0.0));
#4842= IFCDIRECTION((1.0,0.0,0.0));
#4843= IFCDIRECTION((0.0,1.0,0.0));
#4844= IFCAXIS2PLACEMENT3D(#4841,#4842,#4843);
#4845= IFCLOCALPLACEMENT(#16,#4844);
#4846= IFCPLATE('Cgr74V5jygeJ50cefjtnI7',$,'GUSSET','PL1/2X18','PL1/2X18',#4845,#4840,'g25');
#4847= IFCQUANTITYWEIGHT('NetWeight',$,$,20.8394);
#4848= IFCELEMENTQUANTITY('NtDCSW_NPQqaWZWxshsMFM',$,'BaseQuantities',$,$,(#4847));
#4849= IFCRELDEFINESBYPROPERTIES('eNa_J_wC2vCk4FqIEFz3rY',$,$,$,(#4846),#4848);
#4850= IFCCARTESIANPOINT((228.6,228.6));
#4851= IFCAXIS2PLACEMENT2D(#4850,$);
#4852= IFCRECTANGLEPROFILEDEF(.AREA.,'PL1/2X18',#4851,457.2,457.2);
#4853= IFCAXIS2PLACEMENT3D(#1,$,$);
#4854= IFCEXTRUDEDAREASOLID(#4852,#4853,#2,12.7);
#4855= IFCSHAPEREPRESENTATION(#6,'Body','SweptSolid',(#4854));
#4856= IFCPRODUCTDEFINITIONSHAPE($,$,(#4855));
#4857= IFCCARTESIANPOINT((-6.35,7036.054,0.0));
#4858= IFCDIRECTION((1.0,0.0,0.0));
#4859= IFCDIRECTION((0.0,1.0,0.0));
#4860= IFCAXIS2PLACEMENT3D(#4857,#4858,#4859);
#4861= IFCLOCALPLACEMENT(#16,#4860);
#4862= IFCPLATE('jnq0P7t4ruRSxneAQxi7SC',$,'GUSSET','PL1/2X18','PL1/2X18',#4861,#4856,'g26');
#4863= IFCQUANTITYWEIGHT('NetWeight',$,$,20.8394);
#4864= IFCELEMENTQUANTITY('HnN3ft_Tf2CW9kzToIdBAn',$,'BaseQuantities',$,$,(#4863));
#4865= IFCRELDEFINESBYPROPERTIES('Bte7Anb4XSAHIJxJE1IlY5',$,$,$,(#4862),#4864);
#4866= IFCCARTESIANPOINT((228.6,228.6));
#4867= IFCAXIS2PLACEMENT2D(#4866,$);
#4868= IFCRECTANGLEPROFILEDEF(.AREA.,'PL1/2X18',#4867,457.2,457.2);
#4869= IFCAXIS2PLACEMENT3D(#1,$,$);
#4870= IFCEXTRUDEDAREASOLID(#4868,#4869,#2,12.7);
#4871= IFCSHAPEREPRESENTATION(#6,'Body','SweptSolid',(#4870));
#4872= IFCPRODUCTDEFINITIONSHAPE($,$,(#4871));
#4873= IFCCARTESIANPOINT((-6.35,126.746,3284.22));
#4874= IFCDIRECTION((1.0,0.0,0.0));
#4875= IFCDIRECTION((0.0,1.0,0.0));
#4876= IFCAXIS2PLACEMENT3D(#4873,#4874,#4875);
#4877= IFCLOCALPLACEMENT(#16,#4876);
#4878= IFCPLATE('3c0XAafqsvjML$69kQBEMx',$,'GUSSET','PL1/2X18','PL1/2X18',#4877,#4872,'g27');
#4879= IFCQUANTITYWEIGHT('NetWeight',$,$,20.8394);
#4880= IFCELEMENTQUANTITY('o_f6pb$fz5b0j7F7ab4a9W',$,'BaseQuantities',$,$,(#4879));
#4881= IFCRELDEFINESBYPROPERTIES('ZRv3WByJ9Mp6fHovQ5luHh',$,$,$,(#4878),#4880);
#4882= IFCCARTESIANPOINT((228.6,228.6));
#4883= IFCAXIS2PLACEMENT2D(#4882,$);
#4884= IFCRECTANGLEPROFILEDEF(.AREA.,'PL1/2X18',#4883,457.2,457.2);
#4885= IFCAXIS2PLACEMENT3D(#1,$,$);
#4886= IFCEXTRUDEDAREASOLID(#4884,#4885,#2,12.7);
#4887= IFCSHAPEREPRESENTATION(#6,'Body','SweptSolid',(#4886));
#4888= IFCPRODUCTDEFINITIONSHAPE($,$,(#4887));
#4889= IFCCARTESIANPOINT((-6.35,7036.054,3284.22));
#4890= IFCDIRECTION((1.0,0.0,0.0));
#4891= IFCDIRECTION((0.0,1.0,0.0));
#4892= IFCAXIS2PLACEMENT3D(#4889,#4890,#4891);
#4893= IFCLOCALPLACEMENT(#16,#4892);
#4894= IFCPLATE('cRSh5785Gxu5LImBodB76m',$,'GUSSET','PL1/2X18','PL1/2X18',#4893,#4888,'g28');
#4895= IFCQUANTITYWEIGHT('NetWeight',$,$,20.8394);
#4896= IFCELEMENTQUANTITY('8T9qurR2Pq2W4RJBTrnnKT',$,'BaseQuantities',$,$,(#4895));
#4897= IFCRELDEFINESBYPROPERTIES('ITBRH4WVeIKV0Yrnm_7UcJ',$,$,$,(#4894),#4896);
#4898= IFCELEMENTASSEMBLY('NDZRjdXZLS9IbLw6$EgOab',$,'VERTICAL BRACE',$,$,#16,$,'VB19',.FACTORY.,.NOTDEFINED.);
#4899= IFCRELAGGREGATES('AuV6SNv0lEz3nTmzyDxLr1',$,$,$,#4898,(#4801));
#4900= IFCELEMENTASSEMBLY('WwQ$JKtsrbr7j14HIiSA5F',$,'VERTICAL BRACE',$,$,#16,$,'VB20',.FACTORY.,.NOTDEFINED.);
#4901= IFCRELAGGREGATES('32U3Yl2kZqtRBy1h3pHzlc',$,$,$,#4900,(#4815));
#4902= IFCELEMENTASSEMBLY('Cw3vZYXMw7CXyrbQyZ8PS2',$,'VERTICAL BRACE',$,$,#16,$,'VB21',.FACTORY.,.NOTDEFINED.);
#4903= IFCRELAGGREGATES('NeNbp$fcWD4v96hgoSNedo',$,$,$,#4902,(#4829));
#4904= IFCELEMENTASSEMBLY('GVLbW$6kPZQn$9_FzSDFBy',$,'GUSSET',$,$,#16,$,'G25',.FACTORY.,.NOTDEFINED.);
#4905= IFCRELAGGREGATES('nW_jVIoxbiGj_qpFM2sLm8',$,$,$,#4904,(#4846));
#4906= IFCELEMENTASSEMBLY('qi4DF1rf9KE9VQIEHLtelu',$,'GUSSET',$,$,#16,$,'G26',.FACTORY.,.NOTDEFINED.);
#4907= IFCRELAGGREGATES('QCT961Sf_lZUK0HcSveG6_',$,$,$,#4906,(#4862));
#4908= IFCELEMENTASSEMBLY('jsUrv0t7ae17EOz7NcvNbF',$,'GUSSET',$,$,#16,$,'G27',.FACTORY.,.NOTDEFINED.);
#4909= IFCRELAGGREGATES('qw1NDgOv5AHALC8lx2DPHp',$,$,$,#4908,(#4878));
#4910= IFCELEMENTASSEMBLY('FiXOiylBAZ8N11fazVz$HM',$,'GUSSET',$,$,#16,$,'G28',.FACTORY.,.NOTDEFINED.);
#4911= IFCRELAGGREGATES('a2HRjq0RuiCBAGEzxugeyl',$,$,$,#4910,(#4894));
#4912= IFCAXIS2PLACEMENT3D(#1,$,$);
#4913= IFCEXTRUDEDAREASOLID(#30,#4912,#2,7615.2949);
#4914= IFCSHAPEREPRESENTATION(#6,'Body','SweptSolid',(#4913));
#4915= IFCPRODUCTDEFINITIONSHAPE($,$,(#4914));
#4916= IFCCARTESIANPOINT((0.0,380.746,4521.2));
#4917= IFCDIRECTION((0.0,0.9006,0.4346));
#4918= IFCDIRECTION((-1.0,0.0,0.0));
#4919= IFCAXIS2PLACEMENT3D(#4916,#4917,#4918);
#4920= IFCLOCALPLACEMENT(#16,#4919);
#4921= IFCMEMBER('ipCwKd8AkcRV27Ddp9$bJ3',$,'VERTICAL BRACE','HSS5X5X3/8','HSS5X5X3/8',#4920,#4915,'VB22');
#4922= IFCQUANTITYWEIGHT('NetWeight',$,$,245.9213);
#4923= IFCQUANTITYLENGTH('Length',$,$,7615.2949);
#4924= IFCELEMENTQUANTITY('gveWmK50IzLrdhssrGKBP4',$,'BaseQuantities',$,$,(#4922,#4923));
#4925= IFCRELDEFINESBYPROPERTIES('$Nz5m1pMP4wZ4RVBVramQA',$,$,$,(#4921),#4924);
#4926= IFCAXIS2PLACEMENT3D(#1,$,$);
#4927= IFCEXTRUDEDAREASOLID(#30,#4926,#2,3713.8309);
#4928= IFCSHAPEREPRESENTATION(#6,'Body','SweptSolid',(#4927));
#4929= IFCPRODUCTDEFINITIONSHAPE($,$,(#4928));
#4930= IFCCARTESIANPOINT((0.0,380.746,7830.82));
#4931= IFCDIRECTION((0.0,0.9006,-0.4346));
#4932= IFCDIRECTION((-1.0,0.0,0.0));
#4933= IFCAXIS2PLACEMENT3D(#4930,#4931,#4932);
#4934= IFCLOCALPLACEMENT(#16,#4933);
#4935= IFCMEMBER('OXd5mQ$EJnF2tY22glYUxR',$,'VERTICAL BRACE','HSS5X5X3/8','HSS5X5X3/8',#4934,#4929,'VB23');
#4936= IFCQUANTITYWEIGHT('NetWeight',$,$,119.931);
#4937= IFCQUANTITYLENGTH('Length',$,$,3713.8309);
#4938= IFCELEMENTQUANTITY('GE2ZJXeHWuW0KdWEIvQ5AU',$,'BaseQuantities',$,$,(#4936,#4937));
#4939= IFCRELDEFINESBYPROPERTIES('P$3CK5CSwcnOe9ZfoA_auy',$,$,$,(#4935),#4938);
#4940= IFCAXIS2PLACEMENT3D(#1,$,$);
#4941= IFCEXTRUDEDAREASOLID(#30,#4940,#2,3713.8309);
#4942= IFCSHAPEREPRESENTATION(#6,'Body','SweptSolid',(#4941));
#4943= IFCPRODUCTDEFINITIONSHAPE($,$,(#4942));
#4944= IFCCARTESIANPOINT((0.0,3894.4933,6135.2372));
#4945= IFCDIRECTION((0.0,0.9006,-0.4346));
#4946= IFCDIRECTION((-1.0,0.0,0.0));
#4947= IFCAXIS2PLACEMENT3D(#4944,#4945,#4946);
#4948= IFCLOCALPLACEMENT(#16,#4947);
#4949= IFCMEMBER('Cfxt770JksVz_ZEPo2kn2v',$,'VERTICAL BRACE','HSS5X5X3/8','HSS5X5X3/8',#4948,#4943,'VB24');
#4950= IFCQUANTITYWEIGHT('NetWeight',$,$,119.931);
#4951= IFCQUANTITYLENGTH('Length',$,$,3713.8309);
#4952= IFCELEMENTQUANTITY('Kh9X0cmmrhHy2rkcZxUOLi',$,'BaseQuantities',$,$,(#4950,#4951));
#4953= IFCRELDEFINESBYPROPERTIES('kGgu1Oswo7QIik0XSkEb98',$,$,$,(#4949),#4952);
#4954= IFCCARTESIANPOINT((228.6,228.6));
#4955= IFCAXIS2PLACEMENT2D(#4954,$);
#4956= IFCRECTANGLEPROFILEDEF(.AREA.,'PL1/2X18',#4955,457.2,457.2);
#4957= IFCAXIS2PLACEMENT3D(#1,$,$);
#4958= IFCEXTRUDEDAREASOLID(#4956,#4957,#2,12.7);
#4959= IFCSHAPEREPRESENTATION(#6,'Body','SweptSolid',(#4958));
#4960= IFCPRODUCTDEFINITIONSHAPE($,$,(#4959));
#4961= IFCCARTESIANPOINT((-6.35,126.746,4267.2));
#4962= IFCDIRECTION((1.0,0.0,0.0));
#4963= IFCDIRECTION((0.0,1.0,0.0));
#4964= IFCAXIS2PLACEMENT3D(#4961,#4962,#4963);
#4965= IFCLOCALPLACEMENT(#16,#4964);
#4966= IFCPLATE('0m07KdmZECh4L63dINwYD2',$,'GUSSET','PL1/2X18','PL1/2X18',#4965,#4960,'g29');
#4967= IFCQUANTITYWEIGHT('NetWeight',$,$,20.8394);
#4968= IFCELEMENTQUANTITY('GyxiOMj$EpqiDWNnCtNeJP',$,'BaseQuantities',$,$,(#4967));
#4969= IFCRELDEFINESBYPROPERTIES('g$98$_iS6ynrGc0aU84Ajr',$,$,$,(#4966),#4968);
#4970= IFCCARTESIANPOINT((228.6,228.6));
#4971= IFCAXIS2PLACEMENT2D(#4970,$);
#4972= IFCRECTANGLEPROFILEDEF(.AREA.,'PL1/2X18',#4971,457.2,457.2);
#4973= IFCAXIS2PLACEMENT3D(#1,$,$);
#4974= IFCEXTRUDEDAREASOLID(#4972,#4973,#2,12.7);
#4975= IFCSHAPEREPRESENTATION(#6,'Body','SweptSolid',(#4974));
#4976= IFCPRODUCTDEFINITIONSHAPE($,$,(#4975));
#4977= IFCCARTESIANPOINT((-6.35,7036.054,4267.2));
#4978= IFCDIRECTION((1.0,0.0,0.0));
#4979= IFCDIRECTION((0.0,1.0,0.0));
#4980= IFCAXIS2PLACEMENT3D(#4977,#4978,#4979);
#4981= IFCLOCALPLACEMENT(#16,#4980);
#4982= IFCPLATE('R5NMhvRDBTvTP3j33CkBRb',$,'GUSSET','PL1/2X18','PL1/2X18',#4981,#4976,'g30');
#4983= IFCQUANTITYWEIGHT('NetWeight',$,$,20.8394);
#4984= IFCELEMENTQUANTITY('zwcir$o2Bv7KCV_TGLF2U7',$,'BaseQuantities',$,$,(#4983));
#4985= IFCRELDEFINESBYPROPERTIES('UFxHyxxJuyMv71rTq5jqlf',$,$,$,(#4982),#4984);
#4986= IFCCARTESIANPOINT((228.6,228.6));
#4987= IFCAXIS2PLACEMENT2D(#4986,$);
#4988= IFCRECTANGLEPROFILEDEF(.AREA.,'PL1/2X18',#4987,457.2,457.2);
#4989= IFCAXIS2PLACEMENT3D(#1,$,$);
#4990= IFCEXTRUDEDAREASOLID(#4988,#4989,#2,12.7);
#4991= IFCSHAPEREPRESENTATION(#6,'Body','SweptSolid',(#4990));
#4992= IFCPRODUCTDEFINITIONSHAPE($,$,(#4991));
#4993= IFCCARTESIANPOINT((-6.35,126.746,7627.62));
#4994= IFCDIRECTION((1.0,0.0,0.0));
#4995= IFCDIRECTION((0.0,1.0,0.0));
#4996= IFCAXIS2PLACEMENT3D(#4993,#4994,#4995);
#4997= IFCLOCALPLACEMENT(#16,#4996);
#4998= IFCPLATE('EaH3Z4z67bup2pSYP2E_OM',$,'GUSSET','PL1/2X18','PL1/2X18',#4997,#4992,'g31');
#4999= IFCQUANTITYWEIGHT('NetWeight',$,$,20.8394);
#5000= IFCELEMENTQUANTITY('Kt2xvCvO9HeypFXjF04zkI',$,'BaseQuantities',$,$,(#4999));
#5001= IFCRELDEFINESBYPROPERTIES('fVDsiP$KO5lqNKq0gKYMx2',$,$,$,(#4998),#5000);
#5002= IFCCARTESIANPOINT((228.6,228.6));
#5003= IFCAXIS2PLACEMENT2D(#5002,$);
#5004= IFCRECTANGLEPROFILEDEF(.AREA.,'PL1/2X18',#5003,457.2,457.2);
#5005= IFCAXIS2PLACEMENT3D(#1,$,$);
#5006= IFCEXTRUDEDAREASOLID(#5004,#5005,#2,12.7);
#5007= IFCSHAPEREPRESENTATION(#6,'Body','SweptSolid',(#5006));
#5008= IFCPRODUCTDEFINITIONSHAPE($,$,(#5007));
#5009= IFCCARTESIANPOINT((-6.35,7036.054,7627.62));
#5010= IFCDIRECTION((1.0,0.0,0.0));
#5011= IFCDIRECTION((0.0,1.0,0.0));
#5012= IFCAXIS2PLACEMENT3D(#5009,#5010,#5011);
#5013= IFCLOCALPLACEMENT(#16,#5012);
#5014= IFCPLATE('nacBFDOgiRaaI5cCVdTn0a',$,'GUSSET','PL1/2X18','PL1/2X18',#5013,#5008,'g32');
#5015= IFCQUANTITYWEIGHT('NetWeight',$,$,20.8394);
#5016= IFCELEMENTQUANTITY('eojuOYqT9RtxrmyQfIe_7Y',$,'BaseQuantities',$,$,(#5015));
#5017= IFCRELDEFINESBYPROPERTIES('LEiJMOp$a4$dwKxwWC0QbX',$,$,$,(#5014),#5016);
#5018= IFCELEMENTASSEMBLY('ptB4d0SCr1SuioGyfRnrVI',$,'VERTICAL BRACE',$,$,#16,$,'VB22',.FACTORY.,.NOTDEFINED.);
#5019= IFCRELAGGREGATES('Od9Y0W3mmnyM$TV208BefA',$,$,$,#5018,(#4921));
#5020= IFCELEMENTASSEMBLY('xPMGq0erto2h1eF_ydw5j7',$,'VERTICAL BRACE',$,$,#16,$,'VB23',.FACTORY.,.NOTDEFINED.);
#5021= IFCRELAGGREGATES('s6jgadWIAwtX4QjMsvH8An',$,$,$,#5020,(#4935));
#5022= IFCELEMENTASSEMBLY('ggcVarjHPEqRlBnCrdY4Kh',$,'VERTICAL BRACE',$,$,#16,$,'VB24',.FACTORY.,.NOTDEFINED.);
#5023= IFCRELAGGREGATES('gThjs1tccQU758RPqqnf7M',$,$,$,#5022,(#4949));
#5024= IFCELEMENTASSEMBLY('bnlfShxcO8_Oh9kR0ig1Zr',$,'GUSSET',$,$,#16,$,'G29',.FACTORY.,.NOTDEFINED.);
#5025= IFCRELAGGREGATES('aKCrrawZeZjtRmDwYkt3sS',$,$,$,#5024,(#4966));
#5026= IFCELEMENTASSEMBLY('gn5VHC2vQZ6OQAuNltf9dr',$,'GUSSET',$,$,#16,$,'G30',.FACTORY.,.NOTDEFINED.);
#5027= IFCRELAGGREGATES('p8j8JvcB2W442PBL6i2yes',$,$,$,#5026,(#4982));
#5028= IFCELEMENTASSEMBLY('B085zqVoRLYi3ByxGokJx9',$,'GUSSET',$,$,#16,$,'G31',.FACTORY.,.NOTDEFINED.);
#5029= IFCRELAGGREGATES('AdwXen5Egd6av8kXBwXAMm',$,$,$,#5028,(#4998));
#5030= IFCELEMENTASSEMBLY('wccFu6QJ5L40BYH16Xljm5',$,'GUSSET',$,$,#16,$,'G32',.FACTORY.,.NOTDEFINED.);
#5031= IFCRELAGGREGATES('WKdc_sGdZsfmLuQayMp8ny',$,$,$,#5030,(#5014));
#5032= IFCAXIS2PLACEMENT3D(#1,$,$);
#5033= IFCEXTRUDEDAREASOLID(#30,#5032,#2,10219.9478);
#5034= IFCSHAPEREPRESENTATION(#6,'Body','SweptSolid',(#5033));
#5035= IFCPRODUCTDEFINITIONSHAPE($,$,(#5034));
#5036= IFCCARTESIANPOINT((36576.0,380.746,254.0));
#5037= IFCDIRECTION((0.0,0.6711,0.7414));
#5038= IFCDIRECTION((-1.0,0.0,0.0));
#5039= IFCAXIS2PLACEMENT3D(#5036,#5037,#5038);
#5040= IFCLOCALPLACEMENT(#16,#5039);
#5041= IFCMEMBER('EwAlqiAZRcAJT9cV_7BrSF',$,'VERTICAL BRACE','HSS5X5X3/8','HSS5X5X3/8',#5040,#5035,'VB25');
#5042= IFCQUANTITYWEIGHT('NetWeight',$,$,330.0335);
#5043= IFCQUANTITYLENGTH('Length',$,$,10219.9478);
#5044= IFCELEMENTQUANTITY('3PIIH3q4lyCXzmoDKyPxGD',$,'BaseQuantities',$,$,(#5042,#5043));
#5045= IFCRELDEFINESBYPROPERTIES('uTiU7yH$v9vs1hRS48dQF9',$,$,$,(#5041),#5044);
#5046= IFCAXIS2PLACEMENT3D(#1,$,$);
#5047= IFCEXTRUDEDAREASOLID(#30,#5046,#2,5033.4587);
#5048= IFCSHAPEREPRESENTATION(#6,'Body','SweptSolid',(#5047));
#5049= IFCPRODUCTDEFINITIONSHAPE($,$,(#5048));
#5050= IFCCARTESIANPOINT((36576.0,380.746,7830.82));
#5051= IFCDIRECTION((0.0,0.6711,-0.7414));
#5052= IFCDIRECTION((-1.0,0.0,0.0));
#5053= IFCAXIS2PLACEMENT3D(#5050,#5051,#5052);
#5054= IFCLOCALPLACEMENT(#16,#5053);
#5055= IFCMEMBER('klDm4zAhJJH$KnAMB2Zssp',$,'VERTICAL BRACE','HSS5X5X3/8','HSS5X5X3/8',#5054,#5049,'VB26');
#5056= IFCQUANTITYWEIGHT('NetWeight',$,$,162.5458);
#5057= IFCQUANTITYLENGTH('Length',$,$,5033.4587);
#5058= IFCELEMENTQUANTITY('hyyu12VYhWyMYCy5XZpc6J',$,'BaseQuantities',$,$,(#5056,#5057));
#5059= IFCRELDEFINESBYPROPERTIES('8tJvfC1WrBo3XSWAR3kR0c',$,$,$,(#5055),#5058);
#5060= IFCAXIS2PLACEMENT3D(#1,$,$);
#5061= IFCEXTRUDEDAREASOLID(#30,#5060,#2,5033.4587);
#5062= IFCSHAPEREPRESENTATION(#6,'Body','SweptSolid',(#5061));
#5063= IFCPRODUCTDEFINITIONSHAPE($,$,(#5062));
#5064= IFCCARTESIANPOINT((36576.0,3861.3486,3985.6835));
#5065= IFCDIRECTION((0.0,0.6711,-0.7414));
#5066= IFCDIRECTION((-1.0,0.0,0.0));
#5067= IFCAXIS2PLACEMENT3D(#5064,#5065,#5066);
#5068= IFCLOCALPLACEMENT(#16,#5067);
#5069= IFCMEMBER('FEJcxDGFn_dqCpihKSU3nZ',$,'VERTICAL BRACE','HSS5X5X3/8','HSS5X5X3/8',#5068,#5063,'VB27');
#5070= IFCQUANTITYWEIGHT('NetWeight',$,$,162.5458);
#5071= IFCQUANTITYLENGTH('Length',$,$,5033.4587);
#5072= IFCELEMENTQUANTITY('tH5aFe0Y5GeOXxHDQDcatQ',$,'BaseQuantities',$,$,(#5070,#5071));
#5073= IFCRELDEFINESBYPROPERTIES('_fquFAvYYIvBmWiZazX_So',$,$,$,(#5069),#5072);
#5074= IFCCARTESIANPOINT((228.6,228.6));
#5075= IFCAXIS2PLACEMENT2D(#5074,$);
#5076= IFCRECTANGLEPROFILEDEF(.AREA.,'PL1/2X18',#5075,457.2,457.2);
#5077= IFCAXIS2PLACEMENT3D(#1,$,$);
#5078= IFCEXTRUDEDAREASOLID(#5076,#5077,#2,12.7);
#5079= IFCSHAPEREPRESENTATION(#6,'Body','SweptSolid',(#5078));
#5080= IFCPRODUCTDEFINITIONSHAPE($,$,(#5079));
#5081= IFCCARTESIANPOINT((36569.65,126.746,0.0));
#5082= IFCDIRECTION((1.0,0.0,0.0));
#5083= IFCDIRECTION((0.0,1.0,0.0));
#5084= IFCAXIS2PLACEMENT3D(#5081,#5082,#5083);
#5085= IFCLOCALPLACEMENT(#16,#5084);
#5086= IFCPLATE('xzVwisR9J7KDUJPMdRBfF9',$,'GUSSET','PL1/2X18','PL1/2X18',#5085,#5080,'g33');
#5087= IFCQUANTITYWEIGHT('NetWeight',$,$,20.8394);
#5088= IFCELEMENTQUANTITY('WyL8kTNvMBX3ra1_ZJAqr1',$,'BaseQuantities',$,$,(#5087));
#5089= IFCRELDEFINESBYPROPERTIES('fWt52owhRBVp3vgXaIpZx2',$,$,$,(#5086),#5088);
#5090= IFCCARTESIANPOINT((228.6,228.6));
#5091= IFCAXIS2PLACEMENT2D(#5090,$);
#5092= IFCRECTANGLEPROFILEDEF(.AREA.,'PL1/2X18',#5091,457.2,457.2);
#5093= IFCAXIS2PLACEMENT3D(#1,$,$);
#5094= IFCEXTRUDEDAREASOLID(#5092,#5093,#2,12.7);
#5095= IFCSHAPEREPRESENTATION(#6,'Body','SweptSolid',(#5094));
#5096= IFCPRODUCTDEFINITIONSHAPE($,$,(#5095));
#5097= IFCCARTESIANPOINT((36569.65,7036.054,0.0));
#5098= IFCDIRECTION((1.0,0.0,0.0));
#5099= IFCDIRECTION((0.0,1.0,0.0));
#5100= IFCAXIS2PLACEMENT3D(#5097,#5098,#5099);
#5101= IFCLOCALPLACEMENT(#16,#5100);
#5102= IFCPLATE('5dyDKVWQus8eFZgX9Tnf_O',$,'GUSSET','PL1/2X18','PL1/2X18',#5101,#5096,'g34');
#5103= IFCQUANTITYWEIGHT('NetWeight',$,$,20.8394);
#5104= IFCELEMENTQUANTITY('QC5eU_kZzNn$z0wEU2biBd',$,'BaseQuantities',$,$,(#5103));
#5105= IFCRELDEFINESBYPROPERTIES('HdRmvQdfUXJt0GgP6F6BWz',$,$,$,(#5102),#5104);
#5106= IFCCARTESIANPOINT((228.6,228.6));
#5107= IFCAXIS2PLACEMENT2D(#5106,$);
#5108= IFCRECTANGLEPROFILEDEF(.AREA.,'PL1/2X18',#5107,457.2,457.2);
#5109= IFCAXIS2PLACEMENT3D(#1,$,$);
#5110= IFCEXTRUDEDAREASOLID(#5108,#5109,#2,12.7);
#5111= IFCSHAPEREPRESENTATION(#6,'Body','SweptSolid',(#5110));
#5112= IFCPRODUCTDEFINITIONSHAPE($,$,(#5111));
#5113= IFCCARTESIANPOINT((36569.65,126.746,7627.62));
#5114= IFCDIRECTION((1.0,0.0,0.0));
#5115= IFCDIRECTION((0.0,1.0,0.0));
#5116= IFCAXIS2PLACEMENT3D(#5113,#5114,#5115);
#5117= IFCLOCALPLACEMENT(#16,#5116);
#5118= IFCPLATE('rCUdL$Bxl$AIY7KD_qZtTs',$,'GUSSET','PL1/2X18','PL1/2X18',#5117,#5112,'g35');
#5119= IFCQUANTITYWEIGHT('NetWeight',$,$,20.8394);
#5120= IFCELEMENTQUANTITY('OkglI6x8ikBm0d$WF$PZRW',$,'BaseQuantities',$,$,(#5119));
#5121= IFCRELDEFINESBYPROPERTIES('D0UnRgGPT_Z4srwrKo4ntL',$,$,$,(#5118),#5120);
#5122= IFCCARTESIANPOINT((228.6,228.6));
#5123= IFCAXIS2PLACEMENT2D(#5122,$);
#5124= IFCRECTANGLEPROFILEDEF(.AREA.,'PL1/2X18',#5123,457.2,457.2);
#5125= IFCAXIS2PLACEMENT3D(#1,$,$);
#5126= IFCEXTRUDEDAREASOLID(#5124,#5125,#2,12.7);
#5127= IFCSHAPEREPRESENTATION(#6,'Body','SweptSolid',(#5126));
#5128= IFCPRODUCTDEFINITIONSHAPE($,$,(#5127));
#5129= IFCCARTESIANPOINT((36569.65,7036.054,7627.62));
#5130= IFCDIRECTION((1.0,0.0,0.0));
#5131= IFCDIRECTION((0.0,1.0,0.0));
#5132= IFCAXIS2PLACEMENT3D(#5129,#5130,#5131);
#5133= IFCLOCALPLACEMENT(#16,#5132);
#5134= IFCPLATE('cSg5zAFq$jjg8kqjgwUATf',$,'GUSSET','PL1/2X18','PL1/2X18',#5133,#5128,'g36');
#5135= IFCQUANTITYWEIGHT('NetWeight',$,$,20.8394);
#5136= IFCELEMENTQUANTITY('0fPy1_Y7ZF22EZsrl3qKto',$,'BaseQuantities',$,$,(#5135));
#5137= IFCRELDEFINESBYPROPERTIES('Bsz1FyKqV1ol$3lUQYYKTU',$,$,$,(#5134),#5136);
#5138= IFCELEMENTASSEMBLY('aP8lC0WU5dQGYknmyxtlvs',$,'VERTICAL BRACE',$,$,#16,$,'VB25',.FACTORY.,.NOTDEFINED.);
#5139= IFCRELAGGREGATES('3jDSjZkFKJThUYs_jLb$fA',$,$,$,#5138,(#5041));
#5140= IFCELEMENTASSEMBLY('8wAsLdijQtJOTwUmT6MqrJ',$,'VERTICAL BRACE',$,$,#16,$,'VB26',.FACTORY.,.NOTDEFINED.);
#5141= IFCRELAGGREGATES('9d3ZG2F38oOUbXm3KRzIdx',$,$,$,#5140,(#5055));
#5142= IFCELEMENTASSEMBLY('06m8__mzbGvGg7VDIuOIAG',$,'VERTICAL BRACE',$,$,#16,$,'VB27',.FACTORY.,.NOTDEFINED.);
#5143= IFCRELAGGREGATES('OJ99vfeL9uxSeqNvDMg1mY',$,$,$,#5142,(#5069));
#5144= IFCELEMENTASSEMBLY('NpQyuWVzLXVGEZv4Wlr$iP',$,'GUSSET',$,$,#16,$,'G33',.FACTORY.,.NOTDEFINED.);
#5145= IFCRELAGGREGATES('yeG1nmLNP3TBkmhFeCmcgI',$,$,$,#5144,(#5086));
#5146= IFCELEMENTASSEMBLY('5qJvmNha2vGwvWHHe927b0',$,'GUSSET',$,$,#16,$,'G34',.FACTORY.,.NOTDEFINED.);
#5147= IFCRELAGGREGATES('2MTRnM6V2aZWRwT5SQY$Vn',$,$,$,#5146,(#5102));
#5148= IFCELEMENTASSEMBLY('RSd3QaLENqxTeKyBzlLQpk',$,'GUSSET',$,$,#16,$,'G35',.FACTORY.,.NOTDEFINED.);
#5149= IFCRELAGGREGATES('hEBG1V60RHB$sJZAzLe2Gf',$,$,$,#5148,(#5118));
#5150= IFCELEMENTASSEMBLY('FqLpWRVenaZLe_KF6eTXEk',$,'GUSSET',$,$,#16,$,'G36',.FACTORY.,.NOTDEFINED.);
#5151= IFCRELAGGREGATES('QzOX1uZjFw1euvoZ_ZFUx1',$,$,$,#5150,(#5134));
#5152= IFCAXIS2PLACEMENT3D(#1,$,$);
#5153= IFCEXTRUDEDAREASOLID(#32,#5152,#2,8038.3677);
#5154= IFCSHAPEREPRESENTATION(#6,'Body','SweptSolid',(#5153));
#5155= IFCPRODUCTDEFINITIONSHAPE($,$,(#5154));
#5156= IFCCARTESIANPOINT((10490.2,-1549.4,-152.4));
#5157= IFCDIRECTION((0.8374,0.0,0.5467));
#5158= IFCDIRECTION((0.0,1.0,-0.0));
#5159= IFCAXIS2PLACEMENT3D(#5156,#5157,#5158);
#5160= IFCLOCALPLACEMENT(#16,#5159);
#5161= IFCMEMBER('o5LDjGktXqiWxxoOw1artZ',$,'STRINGER','C12X20.7','C12X20.7',#5160,#5155,'ST1');
#5162= IFCQUANTITYWEIGHT('NetWeight',$,$,247.6212);
#5163= IFCQUANTITYLENGTH('Length',$,$,8038.3677);
#5164= IFCELEMENTQUANTITY('VwvgRLK7jfZrcBXsTYXUm7',$,'BaseQuantities',$,$,(#5162,#5163));
#5165= IFCRELDEFINESBYPROPERTIES('C4f9HwK6kjDNllmqJdhRwV',$,$,$,(#5161),#5164);
#5166= IFCAXIS2PLACEMENT3D(#1,$,$);
#5167= IFCEXTRUDEDAREASOLID(#32,#5166,#2,8038.3677);
#5168= IFCSHAPEREPRESENTATION(#6,'Body','SweptSolid',(#5167));
#5169= IFCPRODUCTDEFINITIONSHAPE($,$,(#5168));
#5170= IFCCARTESIANPOINT((10490.2,-457.2,-152.4));
#5171= IFCDIRECTION((0.8374,0.0,0.5467));
#5172= IFCDIRECTION((0.0,1.0,-0.0));
#5173= IFCAXIS2PLACEMENT3D(#5170,#5171,#5172);
#5174= IFCLOCALPLACEMENT(#16,#5173);
#5175= IFCMEMBER('5XUZvJizo8Dz1X2ptyom4D',$,'STRINGER','C12X20.7','C12X20.7',#5174,#5169,'ST2');
#5176= IFCQUANTITYWEIGHT('NetWeight',$,$,247.6212);
#5177= IFCQUANTITYLENGTH('Length',$,$,8038.3677);
#5178= IFCELEMENTQUANTITY('c1mjIKb2P4tb8fFvf8WK$b',$,'BaseQuantities',$,$,(#5176,#5177));
#5179= IFCRELDEFINESBYPROPERTIES('e$jDyqlSH$4FHJwMob_296',$,$,$,(#5175),#5178);
#5180= IFCCARTESIANPOINT((139.7,533.4));
#5181= IFCAXIS2PLACEMENT2D(#5180,$);
#5182= IFCRECTANGLEPROFILEDEF(.AREA.,'PL1/4X11',#5181,279.4,1066.8);
#5183= IFCAXIS2PLACEMENT3D(#1,$,$);
#5184= IFCEXTRUDEDAREASOLID(#5182,#5183,#2,6.35);
#5185= IFCSHAPEREPRESENTATION(#6,'Body','SweptSolid',(#5184));
#5186= IFCPRODUCTDEFINITIONSHAPE($,$,(#5185));
#5187= IFCCARTESIANPOINT((10642.6,-1536.7,171.45));
#5188= IFCDIRECTION((0.0,0.0,1.0));
#5189= IFCDIRECTION((1.0,0.0,0.0));
#5190= IFCAXIS2PLACEMENT3D(#5187,#5188,#5189);
#5191= IFCLOCALPLACEMENT(#16,#5190);
#5192= IFCPLATE('m9P1hkWhjE7$EhK8BvXncq',$,'TREAD','PL1/4X11','PL1/4X11',#5191,#5186,'TR1');
#5193= IFCQUANTITYWEIGHT('NetWeight',$,$,14.8577);
#5194= IFCELEMENTQUANTITY('69ntJ3RUYWeGqesrY0Mmch',$,'BaseQuantities',$,$,(#5193));
#5195= IFCRELDEFINESBYPROPERTIES('Z0SaKZbTrvVwM8193zuVbp',$,$,$,(#5192),#5194);
#5196= IFCCARTESIANPOINT((139.7,533.4));
#5197= IFCAXIS2PLACEMENT2D(#5196,$);
#5198= IFCRECTANGLEPROFILEDEF(.AREA.,'PL1/4X11',#5197,279.4,1066.8);
#5199= IFCAXIS2PLACEMENT3D(#1,$,$);
#5200= IFCEXTRUDEDAREASOLID(#5198,#5199,#2,6.35);
#5201= IFCSHAPEREPRESENTATION(#6,'Body','SweptSolid',(#5200));
#5202= IFCPRODUCTDEFINITIONSHAPE($,$,(#5201));
#5203= IFCCARTESIANPOINT((10922.0,-1536.7,349.25));
#5204= IFCDIRECTION((0.0,0.0,1.0));
#5205= IFCDIRECTION((1.0,0.0,0.0));
#5206= IFCAXIS2PLACEMENT3D(#5203,#5204,#5205);
#5207= IFCLOCALPLACEMENT(#16,#5206);
#5208= IFCPLATE('EPYc$XsO2YM7UYS459Fy01',$,'TREAD','PL1/4X11','PL1/4X11',#5207,#5202,'TR2');
#5209= IFCQUANTITYWEIGHT('NetWeight',$,$,14.8577);
#5210= IFCELEMENTQUANTITY('sDIrqUJqHvHTf_in4dMzXK',$,'BaseQuantities',$,$,(#5209));
#5211= IFCRELDEFINESBYPROPERTIES('XbUIOQW1AzKfLuesJFmmVp',$,$,$,(#5208),#5210);
#5212= IFCCARTESIANPOINT((139.7,533.4));
#5213= IFCAXIS2PLACEMENT2D(#5212,$);
#5214= IFCRECTANGLEPROFILEDEF(.AREA.,'PL1/4X11',#5213,279.4,1066.8);
#5215= IFCAXIS2PLACEMENT3D(#1,$,$);
#5216= IFCEXTRUDEDAREASOLID(#5214,#5215,#2,6.35);
#5217= IFCSHAPEREPRESENTATION(#6,'Body','SweptSolid',(#5216));
#5218= IFCPRODUCTDEFINITIONSHAPE($,$,(#5217));
#5219= IFCCARTESIANPOINT((11201.4,-1536.7,527.05));
#5220= IFCDIRECTION((0.0,0.0,1.0));
#5221= IFCDIRECTION((1.0,0.0,0.0));
#5222= IFCAXIS2PLACEMENT3D(#5219,#5220,#5221);
#5223= IFCLOCALPLACEMENT(#16,#5222);
#5224= IFCPLATE('GYBmLjNBjgjlddx4keRZ$R',$,'TREAD','PL1/4X11','PL1/4X11',#5223,#5218,'TR3');
#5225= IFCQUANTITYWEIGHT('NetWeight',$,$,14.8577);
#5226= IFCELEMENTQUANTITY('q_SBPT3B9O6dO6GkA67gpi',$,'BaseQuantities',$,$,(#5225));
#5227= IFCRELDEFINESBYPROPERTIES('JgA3j7AgwTb3m7SWezC9ky',$,$,$,(#5224),#5226);
#5228= IFCCARTESIANPOINT((139.7,533.4));
#5229= IFCAXIS2PLACEMENT2D(#5228,$);
#5230= IFCRECTANGLEPROFILEDEF(.AREA.,'PL1/4X11',#5229,279.4,1066.8);
#5231= IFCAXIS2PLACEMENT3D(#1,$,$);
#5232= IFCEXTRUDEDAREASOLID(#5230,#5231,#2,6.35);
#5233= IFCSHAPEREPRESENTATION(#6,'Body','SweptSolid',(#5232));
#5234= IFCPRODUCTDEFINITIONSHAPE($,$,(#5233));
#5235= IFCCARTESIANPOINT((11480.8,-1536.7,704.85));
#5236= IFCDIRECTION((0.0,0.0,1.0));
#5237= IFCDIRECTION((1.0,0.0,0.0));
#5238= IFCAXIS2PLACEMENT3D(#5235,#5236,#5237);
#5239= IFCLOCALPLACEMENT(#16,#5238);
#5240= IFCPLATE('6eYWYmLDtChRfgLxg5k2Lv',$,'TREAD','PL1/4X11','PL1/4X11',#5239,#5234,'TR4');
#5241= IFCQUANTITYWEIGHT('NetWeight',$,$,14.8577);
#5242= IFCELEMENTQUANTITY('0WhH6a2yeSfNHGPpLWDSsI',$,'BaseQuantities',$,$,(#5241));
#5243= IFCRELDEFINESBYPROPERTIES('UrgKyRqqZuB9t$TR03w9Qn',$,$,$,(#5240),#5242);
#5244= IFCCARTESIANPOINT((139.7,533.4));
#5245= IFCAXIS2PLACEMENT2D(#5244,$);
#5246= IFCRECTANGLEPROFILEDEF(.AREA.,'PL1/4X11',#5245,279.4,1066.8);
#5247= IFCAXIS2PLACEMENT3D(#1,$,$);
#5248= IFCEXTRUDEDAREASOLID(#5246,#5247,#2,6.35);
#5249= IFCSHAPEREPRESENTATION(#6,'Body','SweptSolid',(#5248));
#5250= IFCPRODUCTDEFINITIONSHAPE($,$,(#5249));
#5251= IFCCARTESIANPOINT((11760.2,-1536.7,882.65));
#5252= IFCDIRECTION((0.0,0.0,1.0));
#5253= IFCDIRECTION((1.0,0.0,0.0));
#5254= IFCAXIS2PLACEMENT3D(#5251,#5252,#5253);
#5255= IFCLOCALPLACEMENT(#16,#5254);
#5256= IFCPLATE('ke$LatlbCA1oqcUo9A2KZB',$,'TREAD','PL1/4X11','PL1/4X11',#5255,#5250,'TR5');
#5257= IFCQUANTITYWEIGHT('NetWeight',$,$,14.8577);
#5258= IFCELEMENTQUANTITY('$UxdCht3KPW3gJN2LmLum7',$,'BaseQuantities',$,$,(#5257));
#5259= IFCRELDEFINESBYPROPERTIES('0dJHzAXN0jQQ9bo$kixd0o',$,$,$,(#5256),#5258);
#5260= IFCCARTESIANPOINT((139.7,533.4));
#5261= IFCAXIS2PLACEMENT2D(#5260,$);
#5262= IFCRECTANGLEPROFILEDEF(.AREA.,'PL1/4X11',#5261,279.4,1066.8);
#5263= IFCAXIS2PLACEMENT3D(#1,$,$);
#5264= IFCEXTRUDEDAREASOLID(#5262,#5263,#2,6.35);
#5265= IFCSHAPEREPRESENTATION(#6,'Body','SweptSolid',(#5264));
#5266= IFCPRODUCTDEFINITIONSHAPE($,$,(#5265));
#5267= IFCCARTESIANPOINT((12039.6,-1536.7,1060.45));
#5268= IFCDIRECTION((0.0,0.0,1.0));
#5269= IFCDIRECTION((1.0,0.0,0.0));
#5270= IFCAXIS2PLACEMENT3D(#5267,#5268,#5269);
#5271= IFCLOCALPLACEMENT(#16,#5270);
#5272= IFCPLATE('0eegh3pJcKidklTrVVR2Uu',$,'TREAD','PL1/4X11','PL1/4X11',#5271,#5266,'TR6');
#5273= IFCQUANTITYWEIGHT('NetWeight',$,$,14.8577);
#5274= IFCELEMENTQUANTITY('2X0CNn4CD2xAT4EnTufdu8',$,'BaseQuantities',$,$,(#5273));
#5275= IFCRELDEFINESBYPROPERTIES('SUs9RLylrZ_hE68Rro3R71',$,$,$,(#5272),#5274);
#5276= IFCCARTESIANPOINT((139.7,533.4));
#5277= IFCAXIS2PLACEMENT2D(#5276,$);
#5278= IFCRECTANGLEPROFILEDEF(.AREA.,'PL1/4X11',#5277,279.4,1066.8);
#5279= IFCAXIS2PLACEMENT3D(#1,$,$);
#5280= IFCEXTRUDEDAREASOLID(#5278,#5279,#2,6.35);
#5281= IFCSHAPEREPRESENTATION(#6,'Body','SweptSolid',(#5280));
#5282= IFCPRODUCTDEFINITIONSHAPE($,$,(#5281));
#5283= IFCCARTESIANPOINT((12319.0,-1536.7,1238.25));
#5284= IFCDIRECTION((0.0,0.0,1.0));
#5285= IFCDIRECTION((1.0,0.0,0.0));
#5286= IFCAXIS2PLACEMENT3D(#5283,#5284,#5285);
#5287= IFCLOCALPLACEMENT(#16,#5286);
#5288= IFCPLATE('rzawAS_BfBWs0NR4I8OIx6',$,'TREAD','PL1/4X11','PL1/4X11',#5287,#5282,'TR7');
#5289= IFCQUANTITYWEIGHT('NetWeight',$,$,14.8577);
#5290= IFCELEMENTQUANTITY('79bewOkwHKNRN1gVPC365k',$,'BaseQuantities',$,$,(#5289));
#5291= IFCRELDEFINESBYPROPERTIES('qAzwciQn$Q_ZXs17m$S670',$,$,$,(#5288),#5290);
#5292= IFCCARTESIANPOINT((139.7,533.4));
#5293= IFCAXIS2PLACEMENT2D(#5292,$);
#5294= IFCRECTANGLEPROFILEDEF(.AREA.,'PL1/4X11',#5293,279.4,1066.8);
#5295= IFCAXIS2PLACEMENT3D(#1,$,$);
#5296= IFCEXTRUDEDAREASOLID(#5294,#5295,#2,6.35);
#5297= IFCSHAPEREPRESENTATION(#6,'Body','SweptSolid',(#5296));
#5298= IFCPRODUCTDEFINITIONSHAPE($,$,(#5297));
#5299= IFCCARTESIANPOINT((12598.4,-1536.7,1416.05));
#5300= IFCDIRECTION((0.0,0.0,1.0));
#5301= IFCDIRECTION((1.0,0.0,0.0));
#5302= IFCAXIS2PLACEMENT3D(#5299,#5300,#5301);
#5303= IFCLOCALPLACEMENT(#16,#5302);
#5304= IFCPLATE('6VrTVFatL7frashrHL7Dct',$,'TREAD','PL1/4X11','PL1/4X11',#5303,#5298,'TR8');
#5305= IFCQUANTITYWEIGHT('NetWeight',$,$,14.8577);
#5306= IFCELEMENTQUANTITY('HKMEKnZjnItPZgQZ3cJCHS',$,'BaseQuantities',$,$,(#5305));
#5307= IFCRELDEFINESBYPROPERTIES('DL$5SZ$V2i$d$lmZl$Juec',$,$,$,(#5304),#5306);
#5308= IFCCARTESIANPOINT((139.7,533.4));
#5309= IFCAXIS2PLACEMENT2D(#5308,$);
#5310= IFCRECTANGLEPROFILEDEF(.AREA.,'PL1/4X11',#5309,279.4,1066.8);
#5311= IFCAXIS2PLACEMENT3D(#1,$,$);
#5312= IFCEXTRUDEDAREASOLID(#5310,#5311,#2,6.35);
#5313= IFCSHAPEREPRESENTATION(#6,'Body','SweptSolid',(#5312));
#5314= IFCPRODUCTDEFINITIONSHAPE($,$,(#5313));
#5315= IFCCARTESIANPOINT((12877.8,-1536.7,1593.85));
#5316= IFCDIRECTION((0.0,0.0,1.0));
#5317= IFCDIRECTION((1.0,0.0,0.0));
#5318= IFCAXIS2PLACEMENT3D(#5315,#5316,#5317);
#5319= IFCLOCALPLACEMENT(#16,#5318);
#5320= IFCPLATE('J34uKHT_4LYN$frNlDSfUx',$,'TREAD','PL1/4X11','PL1/4X11',#5319,#5314,'TR9');
#5321= IFCQUANTITYWEIGHT('NetWeight',$,$,14.8577);
#5322= IFCELEMENTQUANTITY('0NA7fbX2m7$0fqwH8BgjBH',$,'BaseQuantities',$,$,(#5321));
#5323= IFCRELDEFINESBYPROPERTIES('m83g3fHp6WRmLzu6$72YNv',$,$,$,(#5320),#5322);
#5324= IFCCARTESIANPOINT((139.7,533.4));
#5325= IFCAXIS2PLACEMENT2D(#5324,$);
#5326= IFCRECTANGLEPROFILEDEF(.AREA.,'PL1/4X11',#5325,279.4,1066.8);
#5327= IFCAXIS2PLACEMENT3D(#1,$,$);
#5328= IFCEXTRUDEDAREASOLID(#5326,#5327,#2,6.35);
#5329= IFCSHAPEREPRESENTATION(#6,'Body','SweptSolid',(#5328));
#5330= IFCPRODUCTDEFINITIONSHAPE($,$,(#5329));
#5331= IFCCARTESIANPOINT((13157.2,-1536.7,1771.65));
#5332= IFCDIRECTION((0.0,0.0,1.0));
#5333= IFCDIRECTION((1.0,0.0,0.0));
#5334= IFCAXIS2PLACEMENT3D(#5331,#5332,#5333);
#5335= IFCLOCALPLACEMENT(#16,#5334);
#5336= IFCPLATE('7B39Sv6mywElulk0pZhoAl',$,'TREAD','PL1/4X11','PL1/4X11',#5335,#5330,'TR10');
#5337= IFCQUANTITYWEIGHT('NetWeight',$,$,14.8577);
#5338= IFCELEMENTQUANTITY('UHRUujRyHlljEnmQ99ib5W',$,'BaseQuantities',$,$,(#5337));
#5339= IFCRELDEFINESBYPROPERTIES('4zyohAKhoviN6EzAxYiqYf',$,$,$,(#5336),#5338);
#5340= IFCCARTESIANPOINT((139.7,533.4));
#5341= IFCAXIS2PLACEMENT2D(#5340,$);
#5342= IFCRECTANGLEPROFILEDEF(.AREA.,'PL1/4X11',#5341,279.4,1066.8);
#5343= IFCAXIS2PLACEMENT3D(#1,$,$);
#5344= IFCEXTRUDEDAREASOLID(#5342,#5343,#2,6.35);
#5345= IFCSHAPEREPRESENTATION(#6,'Body','SweptSolid',(#5344));
#5346= IFCPRODUCTDEFINITIONSHAPE($,$,(#5345));
#5347= IFCCARTESIANPOINT((13436.6,-1536.7,1949.45));
#5348= IFCDIRECTION((0.0,0.0,1.0));
#5349= IFCDIRECTION((1.0,0.0,0.0));
#5350= IFCAXIS2PLACEMENT3D(#5347,#5348,#5349);
#5351= IFCLOCALPLACEMENT(#16,#5350);
#5352= IFCPLATE('fmEpTu2RPdNSNfaIy2A0dn',$,'TREAD','PL1/4X11','PL1/4X11',#5351,#5346,'TR11');
#5353= IFCQUANTITYWEIGHT('NetWeight',$,$,14.8577);
#5354= IFCELEMENTQUANTITY('NY5fSGov9z1004KpiZros_',$,'BaseQuantities',$,$,(#5353));
#5355= IFCRELDEFINESBYPROPERTIES('U5GREnqf9Qy7zyYdBeU3FI',$,$,$,(#5352),#5354);
#5356= IFCCARTESIANPOINT((139.7,533.4));
#5357= IFCAXIS2PLACEMENT2D(#5356,$);
#5358= IFCRECTANGLEPROFILEDEF(.AREA.,'PL1/4X11',#5357,279.4,1066.8);
#5359= IFCAXIS2PLACEMENT3D(#1,$,$);
#5360= IFCEXTRUDEDAREASOLID(#5358,#5359,#2,6.35);
#5361= IFCSHAPEREPRESENTATION(#6,'Body','SweptSolid',(#5360));
#5362= IFCPRODUCTDEFINITIONSHAPE($,$,(#5361));
#5363= IFCCARTESIANPOINT((13716.0,-1536.7,2127.25));
#5364= IFCDIRECTION((0.0,0.0,1.0));
#5365= IFCDIRECTION((1.0,0.0,0.0));
#5366= IFCAXIS2PLACEMENT3D(#5363,#5364,#5365);
#5367= IFCLOCALPLACEMENT(#16,#5366);
#5368= IFCPLATE('Tc4KFgCNpoAufP8l_Rd4qN',$,'TREAD','PL1/4X11','PL1/4X11',#5367,#5362,'TR12');
#5369= IFCQUANTITYWEIGHT('NetWeight',$,$,14.8577);
#5370= IFCELEMENTQUANTITY('iOXV1SdNyM7WScTgOd2$KT',$,'BaseQuantities',$,$,(#5369));
#5371= IFCRELDEFINESBYPROPERTIES('VmkiZJ9BEqJph3_ylIPvR5',$,$,$,(#5368),#5370);
#5372= IFCCARTESIANPOINT((139.7,533.4));
#5373= IFCAXIS2PLACEMENT2D(#5372,$);
#5374= IFCRECTANGLEPROFILEDEF(.AREA.,'PL1/4X11',#5373,279.4,1066.8);
#5375= IFCAXIS2PLACEMENT3D(#1,$,$);
#5376= IFCEXTRUDEDAREASOLID(#5374,#5375,#2,6.35);
#5377= IFCSHAPEREPRESENTATION(#6,'Body','SweptSolid',(#5376));
#5378= IFCPRODUCTDEFINITIONSHAPE($,$,(#5377));
#5379= IFCCARTESIANPOINT((13995.4,-1536.7,2305.05));
#5380= IFCDIRECTION((0.0,0.0,1.0));
#5381= IFCDIRECTION((1.0,0.0,0.0));
#5382= IFCAXIS2PLACEMENT3D(#5379,#5380,#5381);
#5383= IFCLOCALPLACEMENT(#16,#5382);
#5384= IFCPLATE('TMH3UNmLDRW1f0aAwEvSBT',$,'TREAD','PL1/4X11','PL1/4X11',#5383,#5378,'TR13');
#5385= IFCQUANTITYWEIGHT('NetWeight',$,$,14.8577);
#5386= IFCELEMENTQUANTITY('DD6DcgTbPGXpMTMDN45cbL',$,'BaseQuantities',$,$,(#5385));
#5387= IFCRELDEFINESBYPROPERTIES('zREbsli0guWHu4N3Nr6yus',$,$,$,(#5384),#5386);
#5388= IFCCARTESIANPOINT((139.7,533.4));
#5389= IFCAXIS2PLACEMENT2D(#5388,$);
#5390= IFCRECTANGLEPROFILEDEF(.AREA.,'PL1/4X11',#5389,279.4,1066.8);
#5391= IFCAXIS2PLACEMENT3D(#1,$,$);
#5392= IFCEXTRUDEDAREASOLID(#5390,#5391,#2,6.35);
#5393= IFCSHAPEREPRESENTATION(#6,'Body','SweptSolid',(#5392));
#5394= IFCPRODUCTDEFINITIONSHAPE($,$,(#5393));
#5395= IFCCARTESIANPOINT((14274.8,-1536.7,2482.85));
#5396= IFCDIRECTION((0.0,0.0,1.0));
#5397= IFCDIRECTION((1.0,0.0,0.0));
#5398= IFCAXIS2PLACEMENT3D(#5395,#5396,#5397);
#5399= IFCLOCALPLACEMENT(#16,#5398);
#5400= IFCPLATE('XnNsign2kL6kTVInOUYVh_',$,'TREAD','PL1/4X11','PL1/4X11',#5399,#5394,'TR14');
#5401= IFCQUANTITYWEIGHT('NetWeight',$,$,14.8577);
#5402= IFCELEMENTQUANTITY('778VFLgR7iCDXgKN3OuSaU',$,'BaseQuantities',$,$,(#5401));
#5403= IFCRELDEFINESBYPROPERTIES('DHfA$Ajy13b8yUy9kNdKIO',$,$,$,(#5400),#5402);
#5404= IFCCARTESIANPOINT((139.7,533.4));
#5405= IFCAXIS2PLACEMENT2D(#5404,$);
#5406= IFCRECTANGLEPROFILEDEF(.AREA.,'PL1/4X11',#5405,279.4,1066.8);
#5407= IFCAXIS2PLACEMENT3D(#1,$,$);
#5408= IFCEXTRUDEDAREASOLID(#5406,#5407,#2,6.35);
#5409= IFCSHAPEREPRESENTATION(#6,'Body','SweptSolid',(#5408));
#5410= IFCPRODUCTDEFINITIONSHAPE($,$,(#5409));
#5411= IFCCARTESIANPOINT((14554.2,-1536.7,2660.65));
#5412= IFCDIRECTION((0.0,0.0,1.0));
#5413= IFCDIRECTION((1.0,0.0,0.0));
#5414= IFCAXIS2PLACEMENT3D(#5411,#5412,#5413);
#5415= IFCLOCALPLACEMENT(#16,#5414);
#5416= IFCPLATE('z8CIqur0aD3LTfSppKmHwi',$,'TREAD','PL1/4X11','PL1/4X11',#5415,#5410,'TR15');
#5417= IFCQUANTITYWEIGHT('NetWeight',$,$,14.8577);
#5418= IFCELEMENTQUANTITY('o5Nzu_Yby7aTOa9cLcRpOH',$,'BaseQuantities',$,$,(#5417));
#5419= IFCRELDEFINESBYPROPERTIES('3jh7DG1DjtAecqxvSi6Mwc',$,$,$,(#5416),#5418);
#5420= IFCCARTESIANPOINT((139.7,533.4));
#5421= IFCAXIS2PLACEMENT2D(#5420,$);
#5422= IFCRECTANGLEPROFILEDEF(.AREA.,'PL1/4X11',#5421,279.4,1066.8);
#5423= IFCAXIS2PLACEMENT3D(#1,$,$);
#5424= IFCEXTRUDEDAREASOLID(#5422,#5423,#2,6.35);
#5425= IFCSHAPEREPRESENTATION(#6,'Body','SweptSolid',(#5424));
#5426= IFCPRODUCTDEFINITIONSHAPE($,$,(#5425));
#5427= IFCCARTESIANPOINT((14833.6,-1536.7,2838.45));
#5428= IFCDIRECTION((0.0,0.0,1.0));
#5429= IFCDIRECTION((1.0,0.0,0.0));
#5430= IFCAXIS2PLACEMENT3D(#5427,#5428,#5429);
#5431= IFCLOCALPLACEMENT(#16,#5430);
#5432= IFCPLATE('swWJFJ1KvQmUmpPudJCrwx',$,'TREAD','PL1/4X11','PL1/4X11',#5431,#5426,'TR16');
#5433= IFCQUANTITYWEIGHT('NetWeight',$,$,14.8577);
#5434= IFCELEMENTQUANTITY('WwjIpvXrKB39LmadLwppgU',$,'BaseQuantities',$,$,(#5433));
#5435= IFCRELDEFINESBYPROPERTIES('5yIFrL$QyMql1HVEZOowEG',$,$,$,(#5432),#5434);
#5436= IFCCARTESIANPOINT((139.7,533.4));
#5437= IFCAXIS2PLACEMENT2D(#5436,$);
#5438= IFCRECTANGLEPROFILEDEF(.AREA.,'PL1/4X11',#5437,279.4,1066.8);
#5439= IFCAXIS2PLACEMENT3D(#1,$,$);
#5440= IFCEXTRUDEDAREASOLID(#5438,#5439,#2,6.35);
#5441= IFCSHAPEREPRESENTATION(#6,'Body','SweptSolid',(#5440));
#5442= IFCPRODUCTDEFINITIONSHAPE($,$,(#5441));
#5443= IFCCARTESIANPOINT((15113.0,-1536.7,3016.25));
#5444= IFCDIRECTION((0.0,0.0,1.0));
#5445= IFCDIRECTION((1.0,0.0,0.0));
#5446= IFCAXIS2PLACEMENT3D(#5443,#5444,#5445);
#5447= IFCLOCALPLACEMENT(#16,#5446);
#5448= IFCPLATE('wOUhlr0wNKMl3sgXA6ieII',$,'TREAD','PL1/4X11','PL1/4X11',#5447,#5442,'TR17');
#5449= IFCQUANTITYWEIGHT('NetWeight',$,$,14.8577);
#5450= IFCELEMENTQUANTITY('iaZ9SmUb6ODh6ADDBobUhK',$,'BaseQuantities',$,$,(#5449));
#5451= IFCRELDEFINESBYPROPERTIES('ktAkFxim3v1wbkp4x_J42Q',$,$,$,(#5448),#5450);
#5452= IFCCARTESIANPOINT((139.7,533.4));
#5453= IFCAXIS2PLACEMENT2D(#5452,$);
#5454= IFCRECTANGLEPROFILEDEF(.AREA.,'PL1/4X11',#5453,279.4,1066.8);
#5455= IFCAXIS2PLACEMENT3D(#1,$,$);
#5456= IFCEXTRUDEDAREASOLID(#5454,#5455,#2,6.35);
#5457= IFCSHAPEREPRESENTATION(#6,'Body','SweptSolid',(#5456));
#5458= IFCPRODUCTDEFINITIONSHAPE($,$,(#5457));
#5459= IFCCARTESIANPOINT((15392.4,-1536.7,3194.05));
#5460= IFCDIRECTION((0.0,0.0,1.0));
#5461= IFCDIRECTION((1.0,0.0,0.0));
#5462= IFCAXIS2PLACEMENT3D(#5459,#5460,#5461);
#5463= IFCLOCALPLACEMENT(#16,#5462);
#5464= IFCPLATE('JJLr8Zu7QgIx_jOkKjN8CM',$,'TREAD','PL1/4X11','PL1/4X11',#5463,#5458,'TR18');
#5465= IFCQUANTITYWEIGHT('NetWeight',$,$,14.8577);
#5466= IFCELEMENTQUANTITY('KsXqylQtg27mmI2YUQyj49',$,'BaseQuantities',$,$,(#5465));
#5467= IFCRELDEFINESBYPROPERTIES('58BvHDEKr$77QQQ4diEQIw',$,$,$,(#5464),#5466);
#5468= IFCCARTESIANPOINT((139.7,533.4));
#5469= IFCAXIS2PLACEMENT2D(#5468,$);
#5470= IFCRECTANGLEPROFILEDEF(.AREA.,'PL1/4X11',#5469,279.4,1066.8);
#5471= IFCAXIS2PLACEMENT3D(#1,$,$);
#5472= IFCEXTRUDEDAREASOLID(#5470,#5471,#2,6.35);
#5473= IFCSHAPEREPRESENTATION(#6,'Body','SweptSolid',(#5472));
#5474= IFCPRODUCTDEFINITIONSHAPE($,$,(#5473));
#5475= IFCCARTESIANPOINT((15671.8,-1536.7,3371.85));
#5476= IFCDIRECTION((0.0,0.0,1.0));
#5477= IFCDIRECTION((1.0,0.0,0.0));
#5478= IFCAXIS2PLACEMENT3D(#5475,#5476,#5477);
#5479= IFCLOCALPLACEMENT(#16,#5478);
#5480= IFCPLATE('87qpCt66ZlnxuYf8yThG1_',$,'TREAD','PL1/4X11','PL1/4X11',#5479,#5474,'TR19');
#5481= IFCQUANTITYWEIGHT('NetWeight',$,$,14.8577);
#5482= IFCELEMENTQUANTITY('XlSXosY9vZjM4i8thuzCa3',$,'BaseQuantities',$,$,(#5481));
#5483= IFCRELDEFINESBYPROPERTIES('ut_jMz1WIuLfuVtJqS6Hyk',$,$,$,(#5480),#5482);
#5484= IFCCARTESIANPOINT((139.7,533.4));
#5485= IFCAXIS2PLACEMENT2D(#5484,$);
#5486= IFCRECTANGLEPROFILEDEF(.AREA.,'PL1/4X11',#5485,279.4,1066.8);
#5487= IFCAXIS2PLACEMENT3D(#1,$,$);
#5488= IFCEXTRUDEDAREASOLID(#5486,#5487,#2,6.35);
#5489= IFCSHAPEREPRESENTATION(#6,'Body','SweptSolid',(#5488));
#5490= IFCPRODUCTDEFINITIONSHAPE($,$,(#5489));
#5491= IFCCARTESIANPOINT((15951.2,-1536.7,3549.65));
#5492= IFCDIRECTION((0.0,0.0,1.0));
#5493= IFCDIRECTION((1.0,0.0,0.0));
#5494= IFCAXIS2PLACEMENT3D(#5491,#5492,#5493);
#5495= IFCLOCALPLACEMENT(#16,#5494);
#5496= IFCPLATE('$bmYL_gQ7PsGB3XCeHAt3G',$,'TREAD','PL1/4X11','PL1/4X11',#5495,#5490,'TR20');
#5497= IFCQUANTITYWEIGHT('NetWeight',$,$,14.8577);
#5498= IFCELEMENTQUANTITY('SMBiidMHLWx84xrUZBpCo5',$,'BaseQuantities',$,$,(#5497));
#5499= IFCRELDEFINESBYPROPERTIES('fhY18pZpRtaf1bon65lx20',$,$,$,(#5496),#5498);
#5500= IFCCARTESIANPOINT((139.7,533.4));
#5501= IFCAXIS2PLACEMENT2D(#5500,$);
#5502= IFCRECTANGLEPROFILEDEF(.AREA.,'PL1/4X11',#5501,279.4,1066.8);
#5503= IFCAXIS2PLACEMENT3D(#1,$,$);
#5504= IFCEXTRUDEDAREASOLID(#5502,#5503,#2,6.35);
#5505= IFCSHAPEREPRESENTATION(#6,'Body','SweptSolid',(#5504));
#5506= IFCPRODUCTDEFINITIONSHAPE($,$,(#5505));
#5507= IFCCARTESIANPOINT((16230.6,-1536.7,3727.45));
#5508= IFCDIRECTION((0.0,0.0,1.0));
#5509= IFCDIRECTION((1.0,0.0,0.0));
#5510= IFCAXIS2PLACEMENT3D(#5507,#5508,#5509);
#5511= IFCLOCALPLACEMENT(#16,#5510);
#5512= IFCPLATE('X9WvWSR2nMtly83OpbUPu7',$,'TREAD','PL1/4X11','PL1/4X11',#5511,#5506,'TR21');
#5513= IFCQUANTITYWEIGHT('NetWeight',$,$,14.8577);
#5514= IFCELEMENTQUANTITY('G0nzZb1JtZATEhDS1SBKOd',$,'BaseQuantities',$,$,(#5513));
#5515= IFCRELDEFINESBYPROPERTIES('ime2B$6uu5nYjyEbYwvP5g',$,$,$,(#5512),#5514);
#5516= IFCCARTESIANPOINT((139.7,533.4));
#5517= IFCAXIS2PLACEMENT2D(#5516,$);
#5518= IFCRECTANGLEPROFILEDEF(.AREA.,'PL1/4X11',#5517,279.4,1066.8);
#5519= IFCAXIS2PLACEMENT3D(#1,$,$);
#5520= IFCEXTRUDEDAREASOLID(#5518,#5519,#2,6.35);
#5521= IFCSHAPEREPRESENTATION(#6,'Body','SweptSolid',(#5520));
#5522= IFCPRODUCTDEFINITIONSHAPE($,$,(#5521));
#5523= IFCCARTESIANPOINT((16510.0,-1536.7,3905.25));
#5524= IFCDIRECTION((0.0,0.0,1.0));
#5525= IFCDIRECTION((1.0,0.0,0.0));
#5526= IFCAXIS2PLACEMENT3D(#5523,#5524,#5525);
#5527= IFCLOCALPLACEMENT(#16,#5526);
#5528= IFCPLATE('zmwgM7DvqTR06ObtulB8GR',$,'TREAD','PL1/4X11','PL1/4X11',#5527,#5522,'TR22');
#5529= IFCQUANTITYWEIGHT('NetWeight',$,$,14.8577);
#5530= IFCELEMENTQUANTITY('Nv3Y$KVc_NhGrPyxCNrwUv',$,'BaseQuantities',$,$,(#5529));
#5531= IFCRELDEFINESBYPROPERTIES('SxSuy$B5b3OmZ1PU_zHzmZ',$,$,$,(#5528),#5530);
#5532= IFCCARTESIANPOINT((139.7,533.4));
#5533= IFCAXIS2PLACEMENT2D(#5532,$);
#5534= IFCRECTANGLEPROFILEDEF(.AREA.,'PL1/4X11',#5533,279.4,1066.8);
#5535= IFCAXIS2PLACEMENT3D(#1,$,$);
#5536= IFCEXTRUDEDAREASOLID(#5534,#5535,#2,6.35);
#5537= IFCSHAPEREPRESENTATION(#6,'Body','SweptSolid',(#5536));
#5538= IFCPRODUCTDEFINITIONSHAPE($,$,(#5537));
#5539= IFCCARTESIANPOINT((16789.4,-1536.7,4083.05));
#5540= IFCDIRECTION((0.0,0.0,1.0));
#5541= IFCDIRECTION((1.0,0.0,0.0));
#5542= IFCAXIS2PLACEMENT3D(#5539,#5540,#5541);
#5543= IFCLOCALPLACEMENT(#16,#5542);
#5544= IFCPLATE('HGFxaE6vGIf1ad5qEXx1Ew',$,'TREAD','PL1/4X11','PL1/4X11',#5543,#5538,'TR23');
#5545= IFCQUANTITYWEIGHT('NetWeight',$,$,14.8577);
#5546= IFCELEMENTQUANTITY('Qp1ZWfZrBptx20bjroNNxB',$,'BaseQuantities',$,$,(#5545));
#5547= IFCRELDEFINESBYPROPERTIES('N6$$QhqcPKFjWz5BsiXC0v',$,$,$,(#5544),#5546);
#5548= IFCCARTESIANPOINT((609.6,533.4));
#5549= IFCAXIS2PLACEMENT2D(#5548,$);
#5550= IFCRECTANGLEPROFILEDEF(.AREA.,'PL1/4X48',#5549,1219.2,1066.8);
#5551= IFCAXIS2PLACEMENT3D(#1,$,$);
#5552= IFCEXTRUDEDAREASOLID(#5550,#5551,#2,6.35);
#5553= IFCSHAPEREPRESENTATION(#6,'Body','SweptSolid',(#5552));
#5554= IFCPRODUCTDEFINITIONSHAPE($,$,(#5553));
#5555= IFCCARTESIANPOINT((17068.8,-1536.7,4260.85));
#5556= IFCDIRECTION((0.0,0.0,1.0));
#5557= IFCDIRECTION((1.0,0.0,0.0));
#5558= IFCAXIS2PLACEMENT3D(#5555,#5556,#5557);
#5559= IFCLOCALPLACEMENT(#16,#5558);
#5560= IFCPLATE('PlZKsp3UeVIkW$oFq0n$jh',$,'LANDING','PL1/4X48','PL1/4X48',#5559,#5554,'LP1');
#5561= IFCQUANTITYWEIGHT('NetWeight',$,$,64.8338);
#5562= IFCELEMENTQUANTITY('46X9iJRlBr5jzCJSRuVCz3',$,'BaseQuantities',$,$,(#5561));
#5563= IFCRELDEFINESBYPROPERTIES('T5bVziMEDiYc3aKyzWZ2rl',$,$,$,(#5560),#5562);
#5564= IFCAXIS2PLACEMENT3D(#1,$,$);
#5565= IFCEXTRUDEDAREASOLID(#31,#5564,#2,1066.8);
#5566= IFCSHAPEREPRESENTATION(#6,'Body','SweptSolid',(#5565));
#5567= IFCPRODUCTDEFINITIONSHAPE($,$,(#5566));
#5568= IFCCARTESIANPOINT((10782.3,-1587.5,177.8));
#5569= IFCDIRECTION((0.0,0.0,1.0));
#5570= IFCDIRECTION((0.0,-1.0,0.0));
#5571= IFCAXIS2PLACEMENT3D(#5568,#5569,#5570);
#5572= IFCLOCALPLACEMENT(#16,#5571);
#5573= IFCMEMBER('YnzCFtonbf5PB0kE4mTGoH',$,'POST','PIPE1-1/2STD','PIPE1-1/2STD',#5572,#5567,'PO1');
#5574= IFCQUANTITYWEIGHT('NetWeight',$,$,4.3182);
#5575= IFCQUANTITYLENGTH('Length',$,$,1066.8);
#5576= IFCELEMENTQUANTITY('yxDW8K_9LEI13l5R2KxT8h',$,'BaseQuantities',$,$,(#5574,#5575));
#5577= IFCRELDEFINESBYPROPERTIES('bWYksut00bSSyJAD63jxg3',$,$,$,(#5573),#5576);
#5578= IFCMATERIAL('A53');
#5579= IFCAXIS2PLACEMENT3D(#1,$,$);
#5580= IFCEXTRUDEDAREASOLID(#31,#5579,#2,1066.8);
#5581= IFCSHAPEREPRESENTATION(#6,'Body','SweptSolid',(#5580));
#5582= IFCPRODUCTDEFINITIONSHAPE($,$,(#5581));
#5583= IFCCARTESIANPOINT((11899.9,-1587.5,889.0));
#5584= IFCDIRECTION((0.0,0.0,1.0));
#5585= IFCDIRECTION((0.0,-1.0,0.0));
#5586= IFCAXIS2PLACEMENT3D(#5583,#5584,#5585);
#5587= IFCLOCALPLACEMENT(#16,#5586);
#5588= IFCMEMBER('iSxh5KvlylGkkx_k72rIwu',$,'POST','PIPE1-1/2STD','PIPE1-1/2STD',#5587,#5582,'PO2');
#5589= IFCQUANTITYWEIGHT('NetWeight',$,$,4.3182);
#5590= IFCQUANTITYLENGTH('Length',$,$,1066.8);
#5591= IFCELEMENTQUANTITY('cu9bCAgBo3Y2dEmsZtgzxq',$,'BaseQuantities',$,$,(#5589,#5590));
#5592= IFCRELDEFINESBYPROPERTIES('LlM3iB0EXUggM_OfWfYv7G',$,$,$,(#5588),#5591);
#5593= IFCAXIS2PLACEMENT3D(#1,$,$);
#5594= IFCEXTRUDEDAREASOLID(#31,#5593,#2,1066.8);
#5595= IFCSHAPEREPRESENTATION(#6,'Body','SweptSolid',(#5594));
#5596= IFCPRODUCTDEFINITIONSHAPE($,$,(#5595));
#5597= IFCCARTESIANPOINT((13017.5,-1587.5,1600.2));
#5598= IFCDIRECTION((0.0,0.0,1.0));
#5599= IFCDIRECTION((0.0,-1.0,0.0));
#5600= IFCAXIS2PLACEMENT3D(#5597,#5598,#5599);
#5601= IFCLOCALPLACEMENT(#16,#5600);
#5602= IFCMEMBER('3djx1iuZLDb9VfeAXWDqFX',$,'POST','PIPE1-1/2STD','PIPE1-1/2STD',#5601,#5596,'PO3');
#5603= IFCQUANTITYWEIGHT('NetWeight',$,$,4.3182);
#5604= IFCQUANTITYLENGTH('Length',$,$,1066.8);
#5605= IFCELEMENTQUANTITY('dktEarRb4lYO7tYFvRpzDS',$,'BaseQuantities',$,$,(#5603,#5604));
#5606= IFCRELDEFINESBYPROPERTIES('bC3qg4K2RDZRnx9G8z4VPb',$,$,$,(#5602),#5605);
#5607= IFCAXIS2PLACEMENT3D(#1,$,$);
#5608= IFCEXTRUDEDAREASOLID(#31,#5607,#2,1066.8);
#5609= IFCSHAPEREPRESENTATION(#6,'Body','SweptSolid',(#5608));
#5610= IFCPRODUCTDEFINITIONSHAPE($,$,(#5609));
#5611= IFCCARTESIANPOINT((14135.1,-1587.5,2311.4));
#5612= IFCDIRECTION((0.0,0.0,1.0));
#5613= IFCDIRECTION((0.0,-1.0,0.0));
#5614= IFCAXIS2PLACEMENT3D(#5611,#5612,#5613);
#5615= IFCLOCALPLACEMENT(#16,#5614);
#5616= IFCMEMBER('lIkbxNofPXSA8IZh3iA5wS',$,'POST','PIPE1-1/2STD','PIPE1-1/2STD',#5615,#5610,'PO4');
#5617= IFCQUANTITYWEIGHT('NetWeight',$,$,4.3182);
#5618= IFCQUANTITYLENGTH('Length',$,$,1066.8);
#5619= IFCELEMENTQUANTITY('TIyrBkmDhSmEp_tEWAVhFj',$,'BaseQuantities',$,$,(#5617,#5618));
#5620= IFCRELDEFINESBYPROPERTIES('E578ft4$lx3_GrCWImxxVi',$,$,$,(#5616),#5619);
#5621= IFCAXIS2PLACEMENT3D(#1,$,$);
#5622= IFCEXTRUDEDAREASOLID(#31,#5621,#2,1066.8);
#5623= IFCSHAPEREPRESENTATION(#6,'Body','SweptSolid',(#5622));
#5624= IFCPRODUCTDEFINITIONSHAPE($,$,(#5623));
#5625= IFCCARTESIANPOINT((15252.7,-1587.5,3022.6));
#5626= IFCDIRECTION((0.0,0.0,1.0));
#5627= IFCDIRECTION((0.0,-1.0,0.0));
#5628= IFCAXIS2PLACEMENT3D(#5625,#5626,#5627);
#5629= IFCLOCALPLACEMENT(#16,#5628);
#5630= IFCMEMBER('WV28HDBFp5V2c4DQACHgPm',$,'POST','PIPE1-1/2STD','PIPE1-1/2STD',#5629,#5624,'PO5');
#5631= IFCQUANTITYWEIGHT('NetWeight',$,$,4.3182);
#5632= IFCQUANTITYLENGTH('Length',$,$,1066.8);
#5633= IFCELEMENTQUANTITY('32iEF6xJQd8jOjVBM1oY0y',$,'BaseQuantities',$,$,(#5631,#5632));
#5634= IFCRELDEFINESBYPROPERTIES('9zo7eS0320FJx064OSjdq6',$,$,$,(#5630),#5633);
#5635= IFCAXIS2PLACEMENT3D(#1,$,$);
#5636= IFCEXTRUDEDAREASOLID(#31,#5635,#2,1066.8);
#5637= IFCSHAPEREPRESENTATION(#6,'Body','SweptSolid',(#5636));
#5638= IFCPRODUCTDEFINITIONSHAPE($,$,(#5637));
#5639= IFCCARTESIANPOINT((16370.3,-1587.5,3733.8));
#5640= IFCDIRECTION((0.0,0.0,1.0));
#5641= IFCDIRECTION((0.0,-1.0,0.0));
#5642= IFCAXIS2PLACEMENT3D(#5639,#5640,#5641);
#5643= IFCLOCALPLACEMENT(#16,#5642);
#5644= IFCMEMBER('RJbjP7K0JVbgSjqkJVCIGM',$,'POST','PIPE1-1/2STD','PIPE1-1/2STD',#5643,#5638,'PO6');
#5645= IFCQUANTITYWEIGHT('NetWeight',$,$,4.3182);
#5646= IFCQUANTITYLENGTH('Length',$,$,1066.8);
#5647= IFCELEMENTQUANTITY('dTuqlzhp6ubMHGc90OG3jw',$,'BaseQuantities',$,$,(#5645,#5646));
#5648= IFCRELDEFINESBYPROPERTIES('qSvHQPBoYGP115byMZnNZp',$,$,$,(#5644),#5647);
#5649= IFCAXIS2PLACEMENT3D(#1,$,$);
#5650= IFCEXTRUDEDAREASOLID(#31,#5649,#2,1066.8);
#5651= IFCSHAPEREPRESENTATION(#6,'Body','SweptSolid',(#5650));
#5652= IFCPRODUCTDEFINITIONSHAPE($,$,(#5651));
#5653= IFCCARTESIANPOINT((16929.1,-1587.5,4089.4));
#5654= IFCDIRECTION((0.0,0.0,1.0));
#5655= IFCDIRECTION((0.0,-1.0,0.0));
#5656= IFCAXIS2PLACEMENT3D(#5653,#5654,#5655);
#5657= IFCLOCALPLACEMENT(#16,#5656);
#5658= IFCMEMBER('UqIlYfPrM2ptQ$tKPRgWUP',$,'POST','PIPE1-1/2STD','PIPE1-1/2STD',#5657,#5652,'PO7');
#5659= IFCQUANTITYWEIGHT('NetWeight',$,$,4.3182);
#5660= IFCQUANTITYLENGTH('Length',$,$,1066.8);
#5661= IFCELEMENTQUANTITY('_8Yj1LS7i_kXFrdPBniAnp',$,'BaseQuantities',$,$,(#5659,#5660));
#5662= IFCRELDEFINESBYPROPERTIES('JQnCHOdN0q986ek$_s95D4',$,$,$,(#5658),#5661);
#5663= IFCAXIS2PLACEMENT3D(#1,$,$);
#5664= IFCEXTRUDEDAREASOLID(#31,#5663,#2,7285.8606);
#5665= IFCSHAPEREPRESENTATION(#6,'Body','SweptSolid',(#5664));
#5666= IFCPRODUCTDEFINITIONSHAPE($,$,(#5665));
#5667= IFCCARTESIANPOINT((10782.3,-1587.5,711.2));
#5668= IFCDIRECTION((0.8437,0.0,0.5369));
#5669= IFCDIRECTION((0.0,1.0,-0.0));
#5670= IFCAXIS2PLACEMENT3D(#5667,#5668,#5669);
#5671= IFCLOCALPLACEMENT(#16,#5670);
#5672= IFCMEMBER('k$yOErCWRtmZo_5e7WslvW',$,'RAIL','PIPE1-1/2STD','PIPE1-1/2STD',#5671,#5666,'RL1');
#5673= IFCQUANTITYWEIGHT('NetWeight',$,$,29.4917);
#5674= IFCQUANTITYLENGTH('Length',$,$,7285.8606);
#5675= IFCELEMENTQUANTITY('aTGR4cZRgS0$bTBBv7dLU9',$,'BaseQuantities',$,$,(#5673,#5674));
#5676= IFCRELDEFINESBYPROPERTIES('cVBMkMiNSjyMQVW9_u6oDx',$,$,$,(#5672),#5675);
#5677= IFCAXIS2PLACEMENT3D(#1,$,$);
#5678= IFCEXTRUDEDAREASOLID(#31,#5677,#2,7285.8606);
#5679= IFCSHAPEREPRESENTATION(#6,'Body','SweptSolid',(#5678));
#5680= IFCPRODUCTDEFINITIONSHAPE($,$,(#5679));
#5681= IFCCARTESIANPOINT((10782.3,-1587.5,1244.6));
#5682= IFCDIRECTION((0.8437,0.0,0.5369));
#5683= IFCDIRECTION((0.0,1.0,-0.0));
#5684= IFCAXIS2PLACEMENT3D(#5681,#5682,#5683);
#5685= IFCLOCALPLACEMENT(#16,#5684);
#5686= IFCMEMBER('t_VBNxCfe6GoeCmCF7ioql',$,'RAIL','PIPE1-1/2STD','PIPE1-1/2STD',#5685,#5680,'RL2');
#5687= IFCQUANTITYWEIGHT('NetWeight',$,$,29.4917);
#5688= IFCQUANTITYLENGTH('Length',$,$,7285.8606);
#5689= IFCELEMENTQUANTITY('ruQiiYDztrtW3FDhFMEGhx',$,'BaseQuantities',$,$,(#5687,#5688));
#5690= IFCRELDEFINESBYPROPERTIES('fXLguSQM1VjAJXPmCX11ur',$,$,$,(#5686),#5689);
#5691= IFCELEMENTASSEMBLY('Hhj0c7zEiVtv02T7Lt4VAI',$,'STAIR',$,$,#16,$,'ST1',.FACTORY.,.NOTDEFINED.);
#5692= IFCRELAGGREGATES('CtwEygHFT$4Qt7g3H5mqtT',$,$,$,#5691,(#5161,#5175,#5192,#5208,#5224,#5240,#5256,#5272,#5288,#5304,#5320,#5336,#5352,#5368,#5384,#5400,#5416,#5432,#5448,#5464,#5480,#5496,#5512,#5528,#5544,#5560,#5573,#5588,#5602,#5616,#5630,#5644,#5658,#5672,#5686));
#5693= IFCRELASSOCIATESMATERIAL('pvSFybJmPJSjsRNhPWnRn6',$,$,$,(#42,#136,#228,#320,#412,#504,#596,#688,#780,#872,#964,#1056,#1148,#1240,#1332,#1466,#1706,#1946,#2186,#2426,#2666,#2864,#2880,#2896,#2912,#2928,#2944,#2960,#2976,#2992,#3008,#3024,#3040,#3056,#3072,#3088,#3104,#3120,#3136,#3152,#3168,#3184,#3200,#3216,#3232,#3248,#3264,#3280,#3296,#3312,#3328,#3344,#3360,#3376,#3392,#3408,#3424,#3440,#3456,#3472,#3488,#3504,#3520,#3536,#3552,#3568,#3584,#3600,#3616,#3632,#3648,#3664,#3680,#3696,#3712,#3728,#3744,#3760,#3776,#3792,#3808,#3824,#3840,#3856,#3872,#3888,#3904,#3920,#3936,#3952,#3968,#3984,#4000,#4016,#4032,#4048,#4064),#47);
#5694= IFCRELASSOCIATESMATERIAL('$1_18QIvwKz_Vpo0wgEt4w',$,$,$,(#60,#153,#245,#337,#429,#521,#613,#705,#797,#889,#981,#1073,#1165,#1257,#1349,#1504,#1595,#1744,#1835,#1984,#2075,#2224,#2315,#2464,#2555,#2704,#2795,#4126,#4142,#4158,#4174,#4246,#4262,#4278,#4294,#4366,#4382,#4398,#4414,#4486,#4502,#4518,#4534,#4606,#4622,#4638,#4654,#4726,#4742,#4758,#4774,#4846,#4862,#4878,#4894,#4966,#4982,#4998,#5014,#5086,#5102,#5118,#5134,#5161,#5175,#5192,#5208,#5224,#5240,#5256,#5272,#5288,#5304,#5320,#5336,#5352,#5368,#5384,#5400,#5416,#5432,#5448,#5464,#5480,#5496,#5512,#5528,#5544,#5560),#64);
#5695= IFCRELASSOCIATESMATERIAL('9XqK9ZdXQxIIF$xA2_bz94',$,$,$,(#4080,#4095,#4109,#4201,#4215,#4229,#4321,#4335,#4349,#4441,#4455,#4469,#4561,#4575,#4589,#4681,#4695,#4709,#4801,#4815,#4829,#4921,#4935,#4949,#5041,#5055,#5069),#4085);
#5696= IFCRELASSOCIATESMATERIAL('aU1pZ1x4E8q$1CGF5dfn1p',$,$,$,(#5573,#5588,#5602,#5616,#5630,#5644,#5658,#5672,#5686),#5578);
#5697= IFCRELCONTAINEDINSPATIALSTRUCTURE('cT$YGmGYEIqpHEjlqjRbQK',$,$,$,(#42,#60,#81,#96,#111,#126,#136,#153,#173,#188,#203,#218,#228,#245,#265,#280,#295,#310,#320,#337,#357,#372,#387,#402,#412,#429,#449,#464,#479,#494,#504,#521,#541,#556,#571,#586,#596,#613,#633,#648,#663,#678,#688,#705,#725,#740,#755,#770,#780,#797,#817,#832,#847,#862,#872,#889,#909,#924,#939,#954,#964,#981,#1001,#1016,#1031,#1046,#1056,#1073,#1093,#1108,#1123,#1138,#1148,#1165,#1185,#1200,#1215,#1230,#1240,#1257,#1277,#1292,#1307,#1322,#1332,#1349,#1369,#1384,#1399,#1414,#1466,#1504,#1525,#1543,#1561,#1595,#1616,#1634,#1652,#1706,#1744,#1765,#1783,#1801,#1835,#1856,#1874,#1892,#1946,#1984,#2005,#2023,#2041,#2075,#2096,#2114,#2132,#2186,#2224,#2245,#2263,#2281,#2315,#2336,#2354,#2372,#2426,#2464,#2485,#2503,#2521,#2555,#2576,#2594,#2612,#2666,#2704,#2725,#2743,#2761,#2795,#2816,#2834,#2852,#2864,#2880,#2896,#2912,#2928,#2944,#2960,#2976,#2992,#3008,#3024,#3040,#3056,#3072,#3088,#3104,#3120,#3136,#3152,#3168,#3184,#3200,#3216,#3232,#3248,#3264,#3280,#3296,#3312,#3328,#3344,#3360,#3376,#3392,#3408,#3424,#3440,#3456,#3472,#3488,#3504,#3520,#3536,#3552,#3568,#3584,#3600,#3616,#3632,#3648,#3664,#3680,#3696,#3712,#3728,#3744,#3760,#3776,#3792,#3808,#3824,#3840,#3856,#3872,#3888,#3904,#3920,#3936,#3952,#3968,#3984,#4000,#4016,#4032,#4048,#4064,#4080,#4095,#4109,#4126,#4142,#4158,#4174,#4201,#4215,#4229,#4246,#4262,#4278,#4294,#4321,#4335,#4349,#4366,#4382,#4398,#4414,#4441,#4455,#4469,#4486,#4502,#4518,#4534,#4561,#4575,#4589,#4606,#4622,#4638,#4654,#4681,#4695,#4709,#4726,#4742,#4758,#4774,#4801,#4815,#4829,#4846,#4862,#4878,#4894,#4921,#4935,#4949,#4966,#4982,#4998,#5014,#5041,#5055,#5069,#5086,#5102,#5118,#5134,#5161,#5175,#5192,#5208,#5224,#5240,#5256,#5272,#5288,#5304,#5320,#5336,#5352,#5368,#5384,#5400,#5416,#5432,#5448,#5464,#5480,#5496,#5512,#5528,#5544,#5560,#5573,#5588,#5602,#5616,#5630,#5644,#5658,#5672,#5686,#65,#157,#249,#341,#433,#525,#617,#709,#801,#893,#985,#1077,#1169,#1261,#1353,#1653,#1893,#2133,#2373,#2613,#2853,#2869,#2885,#2901,#2917,#2933,#2949,#2965,#2981,#2997,#3013,#3029,#3045,#3061,#3077,#3093,#3109,#3125,#3141,#3157,#3173,#3189,#3205,#3221,#3237,#3253,#3269,#3285,#3301,#3317,#3333,#3349,#3365,#3381,#3397,#3413,#3429,#3445,#3461,#3477,#3493,#3509,#3525,#3541,#3557,#3573,#3589,#3605,#3621,#3637,#3653,#3669,#3685,#3701,#3717,#3733,#3749,#3765,#3781,#3797,#3813,#3829,#3845,#3861,#3877,#3893,#3909,#3925,#3941,#3957,#3973,#3989,#4005,#4021,#4037,#4053,#4069,#4178,#4180,#4182,#4184,#4186,#4188,#4190,#4298,#4300,#4302,#4304,#4306,#4308,#4310,#4418,#4420,#4422,#4424,#4426,#4428,#4430,#4538,#4540,#4542,#4544,#4546,#4548,#4550,#4658,#4660,#4662,#4664,#4666,#4668,#4670,#4778,#4780,#4782,#4784,#4786,#4788,#4790,#4898,#4900,#4902,#4904,#4906,#4908,#4910,#5018,#5020,#5022,#5024,#5026,#5028,#5030,#5138,#5140,#5142,#5144,#5146,#5148,#5150,#5691),#17);
ENDSEC;
END-ISO-10303-21;
